INFO 2026-05-11 16:26:17,216 autoreload 28220 28396 Watching for file changes with StatReloader
INFO 2026-05-11 16:32:19,630 autoreload 28220 28396 D:\Web Applications\training_institute\training_institute\settings.py changed, reloading.
INFO 2026-05-11 16:32:20,148 autoreload 5604 8468 Watching for file changes with StatReloader
INFO 2026-05-11 16:32:40,892 autoreload 19548 1968 Watching for file changes with StatReloader
INFO 2026-05-14 11:24:43,979 autoreload 3984 27804 Watching for file changes with StatReloader
INFO 2026-05-14 11:25:32,634 autoreload 3984 27804 D:\Web Applications\training_institute\training_institute\settings.py changed, reloading.
INFO 2026-05-14 11:25:33,142 autoreload 25656 9568 Watching for file changes with StatReloader
INFO 2026-05-14 11:25:54,504 autoreload 25656 9568 D:\Web Applications\training_institute\training_institute\settings.py changed, reloading.
INFO 2026-05-14 11:25:55,249 autoreload 29164 29260 Watching for file changes with StatReloader
INFO 2026-05-14 11:31:47,798 autoreload 29164 29260 D:\Web Applications\training_institute\training_institute\urls.py changed, reloading.
INFO 2026-05-14 11:31:48,404 autoreload 24540 12232 Watching for file changes with StatReloader
INFO 2026-05-14 11:31:54,631 autoreload 24540 12232 D:\Web Applications\training_institute\training_institute\urls.py changed, reloading.
INFO 2026-05-14 11:31:55,158 autoreload 23616 28008 Watching for file changes with StatReloader
INFO 2026-05-14 11:32:03,414 autoreload 23616 28008 D:\Web Applications\training_institute\training_institute\urls.py changed, reloading.
INFO 2026-05-14 11:32:03,986 autoreload 27436 9728 Watching for file changes with StatReloader
INFO 2026-05-14 11:32:17,332 autoreload 27436 9728 D:\Web Applications\training_institute\training_institute_app\views.py changed, reloading.
INFO 2026-05-14 11:32:17,876 autoreload 5032 27172 Watching for file changes with StatReloader
INFO 2026-05-14 11:32:51,425 autoreload 5032 27172 D:\Web Applications\training_institute\training_institute_app\urls.py changed, reloading.
INFO 2026-05-14 11:32:51,966 autoreload 20984 4012 Watching for file changes with StatReloader
INFO 2026-05-14 11:37:27,455 autoreload 3088 20516 Watching for file changes with StatReloader
INFO 2026-05-14 11:38:13,644 log 3088 10464 "GET / HTTP/1.1" 200 30
WARNING 2026-05-14 11:38:13,938 log 3088 10464 Not Found: /favicon.ico
WARNING 2026-05-14 11:38:13,939 log 3088 10464 "GET /favicon.ico HTTP/1.1" 404 2981
INFO 2026-05-14 12:12:44,012 autoreload 29320 10228 Watching for file changes with StatReloader
INFO 2026-05-14 12:12:46,777 log 29320 18828 "GET / HTTP/1.1" 200 21848
WARNING 2026-05-14 12:12:46,812 log 29320 18828 "GET /static/training_institute_app/css/templatemo-621-luminary-style.css HTTP/1.1" 404 2107
WARNING 2026-05-14 12:12:46,813 log 29320 3992 "GET /static/training_institute_app/images/tm-luminary-01.jpg HTTP/1.1" 404 2071
WARNING 2026-05-14 12:12:47,005 log 29320 21936 "GET /static/training_institute_app/images/tm-luminary-02.jpg HTTP/1.1" 404 2071
WARNING 2026-05-14 12:12:47,288 log 29320 28060 "GET /static/training_institute_app/images/tm-luminary-03.jpg HTTP/1.1" 404 2071
INFO 2026-05-14 12:12:47,348 log 29320 5824 "GET /static/training_institute_app/js/templatemo-621-luminary-script.js HTTP/1.1" 200 7312
WARNING 2026-05-14 12:12:47,371 log 29320 5824 Not Found: /favicon.ico
WARNING 2026-05-14 12:12:47,373 log 29320 5824 "GET /favicon.ico HTTP/1.1" 404 3319
INFO 2026-05-14 12:12:47,658 log 29320 11400 "GET /static/training_institute_app/js/templatemo-621-luminary-script.js HTTP/1.1" 200 7312
INFO 2026-05-14 12:13:13,095 log 29320 5824 "GET / HTTP/1.1" 200 21848
INFO 2026-05-14 12:13:13,129 log 29320 5824 "GET /static/training_institute_app/css/templatemo-621-luminary-style.css HTTP/1.1" 200 30157
WARNING 2026-05-14 12:13:13,150 log 29320 5824 "GET /static/training_institute_app/images/tm-luminary-01.jpg HTTP/1.1" 404 2071
WARNING 2026-05-14 12:13:13,400 log 29320 19440 "GET /static/training_institute_app/images/tm-luminary-02.jpg HTTP/1.1" 404 2071
WARNING 2026-05-14 12:13:13,445 log 29320 13536 "GET /static/training_institute_app/images/tm-luminary-03.jpg HTTP/1.1" 404 2071
INFO 2026-05-14 12:13:13,465 log 29320 27712 "GET /static/training_institute_app/js/templatemo-621-luminary-script.js HTTP/1.1" 200 7312
INFO 2026-05-14 12:13:13,469 log 29320 11400 "GET /static/training_institute_app/js/templatemo-621-luminary-script.js HTTP/1.1" 304 0
WARNING 2026-05-14 12:13:13,488 log 29320 27712 Not Found: /favicon.ico
WARNING 2026-05-14 12:13:13,490 log 29320 27712 "GET /favicon.ico HTTP/1.1" 404 3319
INFO 2026-05-14 12:49:31,866 autoreload 29320 10228 D:\Web Applications\training_institute\training_institute_app\views.py changed, reloading.
INFO 2026-05-14 12:49:32,908 autoreload 27272 27152 Watching for file changes with StatReloader
ERROR 2026-05-14 12:49:43,647 log 27272 2780 Internal Server Error: /
Traceback (most recent call last):
  File "D:\Web Applications\training_institute\venv\Lib\site-packages\django\template\base.py", line 577, in parse
    compile_func = self.tags[command]
                   ~~~~~~~~~^^^^^^^^^
KeyError: 'static'

During handling of the above exception, another exception occurred:

Traceback (most recent call last):
  File "D:\Web Applications\training_institute\venv\Lib\site-packages\django\core\handlers\exception.py", line 55, in inner
    response = get_response(request)
  File "D:\Web Applications\training_institute\venv\Lib\site-packages\django\core\handlers\base.py", line 198, in _get_response
    response = wrapped_callback(request, *callback_args, **callback_kwargs)
  File "D:\Web Applications\training_institute\training_institute_app\views.py", line 170, in home
    return render(request, 'training_institute_app/home.html', context)
  File "D:\Web Applications\training_institute\venv\Lib\site-packages\django\shortcuts.py", line 25, in render
    content = loader.render_to_string(template_name, context, request, using=using)
  File "D:\Web Applications\training_institute\venv\Lib\site-packages\django\template\loader.py", line 62, in render_to_string
    return template.render(context, request)
           ~~~~~~~~~~~~~~~^^^^^^^^^^^^^^^^^^
  File "D:\Web Applications\training_institute\venv\Lib\site-packages\django\template\backends\django.py", line 107, in render
    return self.template.render(context)
           ~~~~~~~~~~~~~~~~~~~~^^^^^^^^^
  File "D:\Web Applications\training_institute\venv\Lib\site-packages\django\template\base.py", line 174, in render
    return self._render(context)
           ~~~~~~~~~~~~^^^^^^^^^
  File "D:\Web Applications\training_institute\venv\Lib\site-packages\django\template\base.py", line 166, in _render
    return self.nodelist.render(context)
           ~~~~~~~~~~~~~~~~~~~~^^^^^^^^^
  File "D:\Web Applications\training_institute\venv\Lib\site-packages\django\template\base.py", line 1091, in render
    return SafeString("".join([node.render_annotated(context) for node in self]))
                               ~~~~~~~~~~~~~~~~~~~~~^^^^^^^^^
  File "D:\Web Applications\training_institute\venv\Lib\site-packages\django\template\base.py", line 1052, in render_annotated
    return self.render(context)
           ~~~~~~~~~~~^^^^^^^^^
  File "D:\Web Applications\training_institute\venv\Lib\site-packages\django\template\loader_tags.py", line 160, in render
    return compiled_parent._render(context)
           ~~~~~~~~~~~~~~~~~~~~~~~^^^^^^^^^
  File "D:\Web Applications\training_institute\venv\Lib\site-packages\django\template\base.py", line 166, in _render
    return self.nodelist.render(context)
           ~~~~~~~~~~~~~~~~~~~~^^^^^^^^^
  File "D:\Web Applications\training_institute\venv\Lib\site-packages\django\template\base.py", line 1091, in render
    return SafeString("".join([node.render_annotated(context) for node in self]))
                               ~~~~~~~~~~~~~~~~~~~~~^^^^^^^^^
  File "D:\Web Applications\training_institute\venv\Lib\site-packages\django\template\base.py", line 1052, in render_annotated
    return self.render(context)
           ~~~~~~~~~~~^^^^^^^^^
  File "D:\Web Applications\training_institute\venv\Lib\site-packages\django\template\loader_tags.py", line 66, in render
    result = block.nodelist.render(context)
  File "D:\Web Applications\training_institute\venv\Lib\site-packages\django\template\base.py", line 1091, in render
    return SafeString("".join([node.render_annotated(context) for node in self]))
                               ~~~~~~~~~~~~~~~~~~~~~^^^^^^^^^
  File "D:\Web Applications\training_institute\venv\Lib\site-packages\django\template\base.py", line 1052, in render_annotated
    return self.render(context)
           ~~~~~~~~~~~^^^^^^^^^
  File "D:\Web Applications\training_institute\venv\Lib\site-packages\django\template\loader_tags.py", line 200, in render
    template = context.template.engine.select_template(template_name)
  File "D:\Web Applications\training_institute\venv\Lib\site-packages\django\template\engine.py", line 228, in select_template
    return self.get_template(template_name)
           ~~~~~~~~~~~~~~~~~^^^^^^^^^^^^^^^
  File "D:\Web Applications\training_institute\venv\Lib\site-packages\django\template\engine.py", line 186, in get_template
    template, origin = self.find_template(template_name)
                       ~~~~~~~~~~~~~~~~~~^^^^^^^^^^^^^^^
  File "D:\Web Applications\training_institute\venv\Lib\site-packages\django\template\engine.py", line 159, in find_template
    template = loader.get_template(name, skip=skip)
  File "D:\Web Applications\training_institute\venv\Lib\site-packages\django\template\loaders\cached.py", line 57, in get_template
    template = super().get_template(template_name, skip)
  File "D:\Web Applications\training_institute\venv\Lib\site-packages\django\template\loaders\base.py", line 28, in get_template
    return Template(
        contents,
    ...<2 lines>...
        self.engine,
    )
  File "D:\Web Applications\training_institute\venv\Lib\site-packages\django\template\base.py", line 157, in __init__
    self.nodelist = self.compile_nodelist()
                    ~~~~~~~~~~~~~~~~~~~~~^^
  File "D:\Web Applications\training_institute\venv\Lib\site-packages\django\template\base.py", line 199, in compile_nodelist
    nodelist = parser.parse()
  File "D:\Web Applications\training_institute\venv\Lib\site-packages\django\template\base.py", line 585, in parse
    raise self.error(token, e)
  File "D:\Web Applications\training_institute\venv\Lib\site-packages\django\template\base.py", line 583, in parse
    compiled_result = compile_func(self, token)
  File "D:\Web Applications\training_institute\venv\Lib\site-packages\django\template\defaulttags.py", line 894, in do_for
    nodelist_loop = parser.parse(
        (
    ...<2 lines>...
        )
    )
  File "D:\Web Applications\training_institute\venv\Lib\site-packages\django\template\base.py", line 579, in parse
    self.invalid_block_tag(token, command, parse_until)
    ~~~~~~~~~~~~~~~~~~~~~~^^^^^^^^^^^^^^^^^^^^^^^^^^^^^
  File "D:\Web Applications\training_institute\venv\Lib\site-packages\django\template\base.py", line 634, in invalid_block_tag
    raise self.error(
    ...<8 lines>...
    )
django.template.exceptions.TemplateSyntaxError: Template: D:\Web Applications\training_institute\training_institute_app\templates\training_institute_app\components\features.html, Invalid block tag on line 5: 'static', expected 'empty' or 'endfor'. Did you forget to register or load this tag?
ERROR 2026-05-14 12:49:43,664 log 27272 2780 "GET / HTTP/1.1" 500 337387
INFO 2026-05-14 12:51:11,263 log 27272 2780 "GET / HTTP/1.1" 200 6925
INFO 2026-05-14 12:51:11,295 log 27272 2780 "GET /static/training_institute_app/css/templatemo-621-luminary-style.css HTTP/1.1" 304 0
WARNING 2026-05-14 12:51:11,303 log 27272 2780 "GET /static/training_institute_app/images/tm-luminary-01.jpg HTTP/1.1" 404 2071
WARNING 2026-05-14 12:51:11,564 log 27272 23056 "GET /static/training_institute_app/images/tm-luminary-02.jpg HTTP/1.1" 404 2071
WARNING 2026-05-14 12:51:11,611 log 27272 17580 "GET /static/training_institute_app/images/tm-luminary-03.jpg HTTP/1.1" 404 2071
INFO 2026-05-14 12:51:11,624 log 27272 17536 "GET /static/training_institute_app/js/templatemo-621-luminary-script.js HTTP/1.1" 304 0
INFO 2026-05-14 12:51:11,936 log 27272 2184 "GET /static/training_institute_app/js/templatemo-621-luminary-script.js HTTP/1.1" 304 0
INFO 2026-05-14 12:53:37,697 autoreload 27272 27152 D:\Web Applications\training_institute\training_institute_app\views.py changed, reloading.
INFO 2026-05-14 12:53:38,258 autoreload 2904 10356 Watching for file changes with StatReloader
ERROR 2026-05-14 12:56:21,143 log 2904 6244 Internal Server Error: /
Traceback (most recent call last):
  File "D:\Web Applications\training_institute\venv\Lib\site-packages\django\template\base.py", line 577, in parse
    compile_func = self.tags[command]
                   ~~~~~~~~~^^^^^^^^^
KeyError: 'static'

During handling of the above exception, another exception occurred:

Traceback (most recent call last):
  File "D:\Web Applications\training_institute\venv\Lib\site-packages\django\core\handlers\exception.py", line 55, in inner
    response = get_response(request)
  File "D:\Web Applications\training_institute\venv\Lib\site-packages\django\core\handlers\base.py", line 198, in _get_response
    response = wrapped_callback(request, *callback_args, **callback_kwargs)
  File "D:\Web Applications\training_institute\training_institute_app\views.py", line 6, in home
    return render(request, 'training_institute_app/home.html')
  File "D:\Web Applications\training_institute\venv\Lib\site-packages\django\shortcuts.py", line 25, in render
    content = loader.render_to_string(template_name, context, request, using=using)
  File "D:\Web Applications\training_institute\venv\Lib\site-packages\django\template\loader.py", line 62, in render_to_string
    return template.render(context, request)
           ~~~~~~~~~~~~~~~^^^^^^^^^^^^^^^^^^
  File "D:\Web Applications\training_institute\venv\Lib\site-packages\django\template\backends\django.py", line 107, in render
    return self.template.render(context)
           ~~~~~~~~~~~~~~~~~~~~^^^^^^^^^
  File "D:\Web Applications\training_institute\venv\Lib\site-packages\django\template\base.py", line 174, in render
    return self._render(context)
           ~~~~~~~~~~~~^^^^^^^^^
  File "D:\Web Applications\training_institute\venv\Lib\site-packages\django\template\base.py", line 166, in _render
    return self.nodelist.render(context)
           ~~~~~~~~~~~~~~~~~~~~^^^^^^^^^
  File "D:\Web Applications\training_institute\venv\Lib\site-packages\django\template\base.py", line 1091, in render
    return SafeString("".join([node.render_annotated(context) for node in self]))
                               ~~~~~~~~~~~~~~~~~~~~~^^^^^^^^^
  File "D:\Web Applications\training_institute\venv\Lib\site-packages\django\template\base.py", line 1052, in render_annotated
    return self.render(context)
           ~~~~~~~~~~~^^^^^^^^^
  File "D:\Web Applications\training_institute\venv\Lib\site-packages\django\template\loader_tags.py", line 160, in render
    return compiled_parent._render(context)
           ~~~~~~~~~~~~~~~~~~~~~~~^^^^^^^^^
  File "D:\Web Applications\training_institute\venv\Lib\site-packages\django\template\base.py", line 166, in _render
    return self.nodelist.render(context)
           ~~~~~~~~~~~~~~~~~~~~^^^^^^^^^
  File "D:\Web Applications\training_institute\venv\Lib\site-packages\django\template\base.py", line 1091, in render
    return SafeString("".join([node.render_annotated(context) for node in self]))
                               ~~~~~~~~~~~~~~~~~~~~~^^^^^^^^^
  File "D:\Web Applications\training_institute\venv\Lib\site-packages\django\template\base.py", line 1052, in render_annotated
    return self.render(context)
           ~~~~~~~~~~~^^^^^^^^^
  File "D:\Web Applications\training_institute\venv\Lib\site-packages\django\template\loader_tags.py", line 66, in render
    result = block.nodelist.render(context)
  File "D:\Web Applications\training_institute\venv\Lib\site-packages\django\template\base.py", line 1091, in render
    return SafeString("".join([node.render_annotated(context) for node in self]))
                               ~~~~~~~~~~~~~~~~~~~~~^^^^^^^^^
  File "D:\Web Applications\training_institute\venv\Lib\site-packages\django\template\base.py", line 1052, in render_annotated
    return self.render(context)
           ~~~~~~~~~~~^^^^^^^^^
  File "D:\Web Applications\training_institute\venv\Lib\site-packages\django\template\loader_tags.py", line 200, in render
    template = context.template.engine.select_template(template_name)
  File "D:\Web Applications\training_institute\venv\Lib\site-packages\django\template\engine.py", line 228, in select_template
    return self.get_template(template_name)
           ~~~~~~~~~~~~~~~~~^^^^^^^^^^^^^^^
  File "D:\Web Applications\training_institute\venv\Lib\site-packages\django\template\engine.py", line 186, in get_template
    template, origin = self.find_template(template_name)
                       ~~~~~~~~~~~~~~~~~~^^^^^^^^^^^^^^^
  File "D:\Web Applications\training_institute\venv\Lib\site-packages\django\template\engine.py", line 159, in find_template
    template = loader.get_template(name, skip=skip)
  File "D:\Web Applications\training_institute\venv\Lib\site-packages\django\template\loaders\cached.py", line 57, in get_template
    template = super().get_template(template_name, skip)
  File "D:\Web Applications\training_institute\venv\Lib\site-packages\django\template\loaders\base.py", line 28, in get_template
    return Template(
        contents,
    ...<2 lines>...
        self.engine,
    )
  File "D:\Web Applications\training_institute\venv\Lib\site-packages\django\template\base.py", line 157, in __init__
    self.nodelist = self.compile_nodelist()
                    ~~~~~~~~~~~~~~~~~~~~~^^
  File "D:\Web Applications\training_institute\venv\Lib\site-packages\django\template\base.py", line 199, in compile_nodelist
    nodelist = parser.parse()
  File "D:\Web Applications\training_institute\venv\Lib\site-packages\django\template\base.py", line 579, in parse
    self.invalid_block_tag(token, command, parse_until)
    ~~~~~~~~~~~~~~~~~~~~~~^^^^^^^^^^^^^^^^^^^^^^^^^^^^^
  File "D:\Web Applications\training_institute\venv\Lib\site-packages\django\template\base.py", line 644, in invalid_block_tag
    raise self.error(
    ...<3 lines>...
    )
django.template.exceptions.TemplateSyntaxError: Template: D:\Web Applications\training_institute\training_institute_app\templates\training_institute_app\components\features.html, Invalid block tag on line 5: 'static'. Did you forget to register or load this tag?
ERROR 2026-05-14 12:56:21,149 log 2904 6244 "GET / HTTP/1.1" 500 210916
WARNING 2026-05-14 12:56:21,545 log 2904 6244 Not Found: /favicon.ico
WARNING 2026-05-14 12:56:21,546 log 2904 6244 "GET /favicon.ico HTTP/1.1" 404 3319
INFO 2026-05-14 12:56:42,248 log 2904 6244 "GET / HTTP/1.1" 200 10352
WARNING 2026-05-14 12:56:42,280 log 2904 3872 "GET /static/training_institute_app/images/tm-luminary-02.jpg HTTP/1.1" 404 2071
WARNING 2026-05-14 12:56:42,280 log 2904 4064 "GET /static/training_institute_app/images/tm-luminary-01.jpg HTTP/1.1" 404 2071
INFO 2026-05-14 12:56:42,327 log 2904 6244 "GET /static/training_institute_app/css/templatemo-621-luminary-style.css HTTP/1.1" 200 30157
WARNING 2026-05-14 12:56:42,351 log 2904 6244 "GET /static/training_institute_app/images/tm-luminary-03.jpg HTTP/1.1" 404 2071
INFO 2026-05-14 12:56:42,601 log 2904 4304 "GET /static/training_institute_app/js/templatemo-621-luminary-script.js HTTP/1.1" 200 7312
WARNING 2026-05-14 12:56:42,636 log 2904 4304 Not Found: /favicon.ico
WARNING 2026-05-14 12:56:42,639 log 2904 4304 "GET /favicon.ico HTTP/1.1" 404 3319
INFO 2026-05-14 12:56:42,909 log 2904 29500 "GET /static/training_institute_app/js/templatemo-621-luminary-script.js HTTP/1.1" 304 0
INFO 2026-05-14 12:56:47,478 log 2904 4304 "GET / HTTP/1.1" 200 10352
WARNING 2026-05-14 12:56:47,541 log 2904 11736 "GET /static/training_institute_app/images/tm-luminary-01.jpg HTTP/1.1" 404 2071
INFO 2026-05-14 12:56:47,541 log 2904 4304 "GET /static/training_institute_app/css/templatemo-621-luminary-style.css HTTP/1.1" 200 30157
WARNING 2026-05-14 12:56:47,547 log 2904 4304 "GET /static/training_institute_app/images/tm-luminary-02.jpg HTTP/1.1" 404 2071
WARNING 2026-05-14 12:56:47,842 log 2904 22432 "GET /static/training_institute_app/images/tm-luminary-03.jpg HTTP/1.1" 404 2071
INFO 2026-05-14 12:56:47,849 log 2904 22936 "GET /static/training_institute_app/js/templatemo-621-luminary-script.js HTTP/1.1" 200 7312
WARNING 2026-05-14 12:56:47,870 log 2904 22936 Not Found: /favicon.ico
WARNING 2026-05-14 12:56:47,871 log 2904 22936 "GET /favicon.ico HTTP/1.1" 404 3319
INFO 2026-05-14 12:57:32,408 log 2904 22936 "GET / HTTP/1.1" 200 10348
WARNING 2026-05-14 12:57:32,463 log 2904 4956 "GET /static/training_institute_app/images/tm-luminary-02.jpg HTTP/1.1" 404 2071
WARNING 2026-05-14 12:57:32,463 log 2904 22936 "GET /static/training_institute_app/images/tm-luminary-01.jpg HTTP/1.1" 404 2071
WARNING 2026-05-14 12:57:32,797 log 2904 6764 "GET /static/training_institute_app/images/tm-luminary-03.jpg HTTP/1.1" 404 2071
INFO 2026-05-14 12:59:13,413 log 2904 14228 "GET / HTTP/1.1" 200 10420
WARNING 2026-05-14 12:59:13,453 log 2904 14228 "GET /static/training_institute_app/images/tm-luminary-01.jpg HTTP/1.1" 404 2071
WARNING 2026-05-14 12:59:13,458 log 2904 29512 "GET /static/training_institute_app/images/tm-luminary-02.jpg HTTP/1.1" 404 2071
WARNING 2026-05-14 12:59:13,667 log 2904 29644 "GET /static/training_institute_app/images/tm-luminary-03.jpg HTTP/1.1" 404 2071
WARNING 2026-05-14 12:59:13,997 log 2904 18452 "GET /static/training_institute_app/images/logo.png HTTP/1.1" 404 2041
INFO 2026-05-14 14:12:45,905 log 2904 2008 "GET / HTTP/1.1" 200 9995
INFO 2026-05-14 14:12:45,938 log 2904 2008 "GET /static/training_institute_app/css/templatemo-621-luminary-style.css HTTP/1.1" 304 0
WARNING 2026-05-14 14:12:45,944 log 2904 6916 "GET /static/training_institute_app/images/tm-luminary-01.jpg HTTP/1.1" 404 2071
WARNING 2026-05-14 14:12:45,945 log 2904 2008 "GET /static/training_institute_app/images/tm-luminary-02.jpg HTTP/1.1" 404 2071
WARNING 2026-05-14 14:12:46,155 log 2904 10380 "GET /static/training_institute_app/images/tm-luminary-03.jpg HTTP/1.1" 404 2071
INFO 2026-05-14 14:12:46,392 log 2904 29124 "GET /static/training_institute_app/js/templatemo-621-luminary-script.js HTTP/1.1" 304 0
INFO 2026-05-14 14:12:46,706 log 2904 5996 "GET /static/training_institute_app/js/templatemo-621-luminary-script.js HTTP/1.1" 304 0
INFO 2026-05-14 14:20:26,548 log 2904 25784 "GET / HTTP/1.1" 200 10357
WARNING 2026-05-14 14:20:26,614 log 2904 2836 "GET /static/training_institute_app/images/tm-luminary-01.jpg HTTP/1.1" 404 2071
INFO 2026-05-14 14:20:26,615 log 2904 25784 "GET /static/training_institute_app/css/basestyles.css HTTP/1.1" 200 30157
WARNING 2026-05-14 14:20:26,621 log 2904 25784 "GET /static/training_institute_app/images/tm-luminary-02.jpg HTTP/1.1" 404 2071
WARNING 2026-05-14 14:20:26,777 log 2904 13524 "GET /static/training_institute_app/images/tm-luminary-03.jpg HTTP/1.1" 404 2071
INFO 2026-05-14 14:20:27,083 log 2904 4164 "GET /static/training_institute_app/js/basestyles.js HTTP/1.1" 200 7312
INFO 2026-05-14 14:20:27,116 log 2904 4164 "GET /static/training_institute_app/images/logo.jpeg HTTP/1.1" 200 153499
INFO 2026-05-14 14:20:27,394 log 2904 19532 "GET /static/training_institute_app/js/basestyles.js HTTP/1.1" 200 7312
INFO 2026-05-14 14:23:42,193 log 2904 4164 "GET / HTTP/1.1" 200 10356
INFO 2026-05-14 14:23:42,238 log 2904 4164 "GET /static/training_institute_app/css/basestyles.css HTTP/1.1" 200 30157
WARNING 2026-05-14 14:23:42,243 log 2904 4164 "GET /static/training_institute_app/images/tm-luminary-01.jpg HTTP/1.1" 404 2071
WARNING 2026-05-14 14:23:42,486 log 2904 19648 "GET /static/training_institute_app/images/tm-luminary-02.jpg HTTP/1.1" 404 2071
WARNING 2026-05-14 14:23:42,553 log 2904 24028 "GET /static/training_institute_app/images/tm-luminary-03.jpg HTTP/1.1" 404 2071
INFO 2026-05-14 14:23:42,710 log 2904 14120 "GET /static/training_institute_app/js/basestyles.js HTTP/1.1" 200 7312
INFO 2026-05-14 14:23:42,778 log 2904 14120 "GET /static/training_institute_app/images/logo.png HTTP/1.1" 200 853147
INFO 2026-05-14 14:24:47,473 log 2904 14120 "GET / HTTP/1.1" 200 10356
INFO 2026-05-14 14:24:47,537 log 2904 14120 "GET /static/training_institute_app/css/basestyles.css HTTP/1.1" 200 30157
WARNING 2026-05-14 14:24:47,543 log 2904 14120 "GET /static/training_institute_app/images/tm-luminary-01.jpg HTTP/1.1" 404 2071
WARNING 2026-05-14 14:24:47,761 log 2904 16920 "GET /static/training_institute_app/images/tm-luminary-02.jpg HTTP/1.1" 404 2071
WARNING 2026-05-14 14:24:47,843 log 2904 17824 "GET /static/training_institute_app/images/tm-luminary-03.jpg HTTP/1.1" 404 2071
INFO 2026-05-14 14:24:47,997 log 2904 276 "GET /static/training_institute_app/js/basestyles.js HTTP/1.1" 200 7312
INFO 2026-05-14 14:24:48,023 log 2904 276 "GET /static/training_institute_app/images/logo.png HTTP/1.1" 200 853147
INFO 2026-05-14 14:26:56,153 log 2904 276 "GET / HTTP/1.1" 200 10351
INFO 2026-05-14 14:26:56,212 log 2904 276 "GET /static/training_institute_app/css/basestyles.css HTTP/1.1" 200 30157
WARNING 2026-05-14 14:26:56,216 log 2904 276 "GET /static/training_institute_app/images/tm-luminary-01.jpg HTTP/1.1" 404 2071
WARNING 2026-05-14 14:26:56,449 log 2904 27868 "GET /static/training_institute_app/images/tm-luminary-02.jpg HTTP/1.1" 404 2071
WARNING 2026-05-14 14:26:56,534 log 2904 15708 "GET /static/training_institute_app/images/tm-luminary-03.jpg HTTP/1.1" 404 2071
INFO 2026-05-14 14:26:56,535 log 2904 26592 "GET /static/training_institute_app/js/basestyles.js HTTP/1.1" 200 7312
INFO 2026-05-14 14:26:56,565 log 2904 26592 "GET /static/training_institute_app/images/logo.png HTTP/1.1" 200 853147
ERROR 2026-05-14 14:32:10,676 log 2904 28264 Internal Server Error: /
Traceback (most recent call last):
  File "D:\Web Applications\training_institute\venv\Lib\site-packages\django\template\base.py", line 577, in parse
    compile_func = self.tags[command]
                   ~~~~~~~~~^^^^^^^^^
KeyError: 'static'

During handling of the above exception, another exception occurred:

Traceback (most recent call last):
  File "D:\Web Applications\training_institute\venv\Lib\site-packages\django\core\handlers\exception.py", line 55, in inner
    response = get_response(request)
  File "D:\Web Applications\training_institute\venv\Lib\site-packages\django\core\handlers\base.py", line 198, in _get_response
    response = wrapped_callback(request, *callback_args, **callback_kwargs)
  File "D:\Web Applications\training_institute\training_institute_app\views.py", line 6, in home
    return render(request, 'training_institute_app/home.html')
  File "D:\Web Applications\training_institute\venv\Lib\site-packages\django\shortcuts.py", line 25, in render
    content = loader.render_to_string(template_name, context, request, using=using)
  File "D:\Web Applications\training_institute\venv\Lib\site-packages\django\template\loader.py", line 62, in render_to_string
    return template.render(context, request)
           ~~~~~~~~~~~~~~~^^^^^^^^^^^^^^^^^^
  File "D:\Web Applications\training_institute\venv\Lib\site-packages\django\template\backends\django.py", line 107, in render
    return self.template.render(context)
           ~~~~~~~~~~~~~~~~~~~~^^^^^^^^^
  File "D:\Web Applications\training_institute\venv\Lib\site-packages\django\template\base.py", line 174, in render
    return self._render(context)
           ~~~~~~~~~~~~^^^^^^^^^
  File "D:\Web Applications\training_institute\venv\Lib\site-packages\django\template\base.py", line 166, in _render
    return self.nodelist.render(context)
           ~~~~~~~~~~~~~~~~~~~~^^^^^^^^^
  File "D:\Web Applications\training_institute\venv\Lib\site-packages\django\template\base.py", line 1091, in render
    return SafeString("".join([node.render_annotated(context) for node in self]))
                               ~~~~~~~~~~~~~~~~~~~~~^^^^^^^^^
  File "D:\Web Applications\training_institute\venv\Lib\site-packages\django\template\base.py", line 1052, in render_annotated
    return self.render(context)
           ~~~~~~~~~~~^^^^^^^^^
  File "D:\Web Applications\training_institute\venv\Lib\site-packages\django\template\loader_tags.py", line 160, in render
    return compiled_parent._render(context)
           ~~~~~~~~~~~~~~~~~~~~~~~^^^^^^^^^
  File "D:\Web Applications\training_institute\venv\Lib\site-packages\django\template\base.py", line 166, in _render
    return self.nodelist.render(context)
           ~~~~~~~~~~~~~~~~~~~~^^^^^^^^^
  File "D:\Web Applications\training_institute\venv\Lib\site-packages\django\template\base.py", line 1091, in render
    return SafeString("".join([node.render_annotated(context) for node in self]))
                               ~~~~~~~~~~~~~~~~~~~~~^^^^^^^^^
  File "D:\Web Applications\training_institute\venv\Lib\site-packages\django\template\base.py", line 1052, in render_annotated
    return self.render(context)
           ~~~~~~~~~~~^^^^^^^^^
  File "D:\Web Applications\training_institute\venv\Lib\site-packages\django\template\loader_tags.py", line 66, in render
    result = block.nodelist.render(context)
  File "D:\Web Applications\training_institute\venv\Lib\site-packages\django\template\base.py", line 1091, in render
    return SafeString("".join([node.render_annotated(context) for node in self]))
                               ~~~~~~~~~~~~~~~~~~~~~^^^^^^^^^
  File "D:\Web Applications\training_institute\venv\Lib\site-packages\django\template\base.py", line 1052, in render_annotated
    return self.render(context)
           ~~~~~~~~~~~^^^^^^^^^
  File "D:\Web Applications\training_institute\venv\Lib\site-packages\django\template\loader_tags.py", line 200, in render
    template = context.template.engine.select_template(template_name)
  File "D:\Web Applications\training_institute\venv\Lib\site-packages\django\template\engine.py", line 228, in select_template
    return self.get_template(template_name)
           ~~~~~~~~~~~~~~~~~^^^^^^^^^^^^^^^
  File "D:\Web Applications\training_institute\venv\Lib\site-packages\django\template\engine.py", line 186, in get_template
    template, origin = self.find_template(template_name)
                       ~~~~~~~~~~~~~~~~~~^^^^^^^^^^^^^^^
  File "D:\Web Applications\training_institute\venv\Lib\site-packages\django\template\engine.py", line 159, in find_template
    template = loader.get_template(name, skip=skip)
  File "D:\Web Applications\training_institute\venv\Lib\site-packages\django\template\loaders\cached.py", line 57, in get_template
    template = super().get_template(template_name, skip)
  File "D:\Web Applications\training_institute\venv\Lib\site-packages\django\template\loaders\base.py", line 28, in get_template
    return Template(
        contents,
    ...<2 lines>...
        self.engine,
    )
  File "D:\Web Applications\training_institute\venv\Lib\site-packages\django\template\base.py", line 157, in __init__
    self.nodelist = self.compile_nodelist()
                    ~~~~~~~~~~~~~~~~~~~~~^^
  File "D:\Web Applications\training_institute\venv\Lib\site-packages\django\template\base.py", line 199, in compile_nodelist
    nodelist = parser.parse()
  File "D:\Web Applications\training_institute\venv\Lib\site-packages\django\template\base.py", line 579, in parse
    self.invalid_block_tag(token, command, parse_until)
    ~~~~~~~~~~~~~~~~~~~~~~^^^^^^^^^^^^^^^^^^^^^^^^^^^^^
  File "D:\Web Applications\training_institute\venv\Lib\site-packages\django\template\base.py", line 644, in invalid_block_tag
    raise self.error(
    ...<3 lines>...
    )
django.template.exceptions.TemplateSyntaxError: Template: D:\Web Applications\training_institute\training_institute_app\templates\training_institute_app\components\nav.html, Invalid block tag on line 3: 'static'. Did you forget to register or load this tag?
ERROR 2026-05-14 14:32:10,679 log 2904 28264 "GET / HTTP/1.1" 500 205954
WARNING 2026-05-14 14:32:11,051 log 2904 28264 Not Found: /favicon.ico
WARNING 2026-05-14 14:32:11,052 log 2904 28264 "GET /favicon.ico HTTP/1.1" 404 3319
INFO 2026-05-14 14:32:21,119 log 2904 28264 "GET / HTTP/1.1" 200 10443
WARNING 2026-05-14 14:32:21,155 log 2904 25608 "GET /static/training_institute_app/images/tm-luminary-01.jpg HTTP/1.1" 404 2071
INFO 2026-05-14 14:32:21,156 log 2904 28264 "GET /static/training_institute_app/css/basestyles.css HTTP/1.1" 200 30157
INFO 2026-05-14 14:32:21,160 log 2904 22256 "GET /static/training_institute_app/images/logo.png HTTP/1.1" 200 853147
WARNING 2026-05-14 14:32:21,175 log 2904 22256 "GET /static/training_institute_app/images/tm-luminary-02.jpg HTTP/1.1" 404 2071
WARNING 2026-05-14 14:32:21,176 log 2904 28264 "GET /static/training_institute_app/images/tm-luminary-03.jpg HTTP/1.1" 404 2071
INFO 2026-05-14 14:32:21,470 log 2904 11288 "GET /static/training_institute_app/js/basestyles.js HTTP/1.1" 200 7312
INFO 2026-05-14 14:32:21,545 log 2904 11288 "GET /static/training_institute_app/images/logo.png HTTP/1.1" 200 853147
INFO 2026-05-14 14:34:28,235 log 2904 11288 "GET / HTTP/1.1" 200 10436
INFO 2026-05-14 14:34:28,290 log 2904 11288 "GET /static/training_institute_app/css/basestyles.css HTTP/1.1" 200 30157
INFO 2026-05-14 14:34:28,301 log 2904 11288 "GET /static/training_institute_app/images/logoSample.png HTTP/1.1" 200 38769
WARNING 2026-05-14 14:34:28,307 log 2904 11288 "GET /static/training_institute_app/images/tm-luminary-01.jpg HTTP/1.1" 404 2071
WARNING 2026-05-14 14:34:28,531 log 2904 1048 "GET /static/training_institute_app/images/tm-luminary-02.jpg HTTP/1.1" 404 2071
WARNING 2026-05-14 14:34:28,595 log 2904 7888 "GET /static/training_institute_app/images/tm-luminary-03.jpg HTTP/1.1" 404 2071
INFO 2026-05-14 14:34:28,625 log 2904 10596 "GET /static/training_institute_app/js/basestyles.js HTTP/1.1" 200 7312
INFO 2026-05-14 14:34:28,663 log 2904 10596 "GET /static/training_institute_app/images/logo.png HTTP/1.1" 200 853147
INFO 2026-05-14 14:34:28,951 log 2904 13120 "GET /static/training_institute_app/js/basestyles.js HTTP/1.1" 304 0
INFO 2026-05-14 14:35:25,515 log 2904 10596 "GET / HTTP/1.1" 200 10631
INFO 2026-05-14 14:35:25,574 log 2904 10596 "GET /static/training_institute_app/css/basestyles.css HTTP/1.1" 200 30157
WARNING 2026-05-14 14:35:25,586 log 2904 2956 "GET /static/training_institute_app/images/tm-luminary-01.jpg HTTP/1.1" 404 2071
INFO 2026-05-14 14:35:25,587 log 2904 10180 "GET /static/training_institute_app/images/logoSample.png HTTP/1.1" 200 38769
WARNING 2026-05-14 14:35:25,623 log 2904 10180 "GET /static/training_institute_app/images/tm-luminary-02.jpg HTTP/1.1" 404 2071
WARNING 2026-05-14 14:35:25,630 log 2904 10596 "GET /static/training_institute_app/images/tm-luminary-03.jpg HTTP/1.1" 404 2071
INFO 2026-05-14 14:35:25,918 log 2904 21440 "GET /static/training_institute_app/js/basestyles.js HTTP/1.1" 200 7312
INFO 2026-05-14 14:35:25,968 log 2904 21440 "GET /static/training_institute_app/images/logo.png HTTP/1.1" 200 853147
INFO 2026-05-14 14:35:48,947 log 2904 21440 "GET / HTTP/1.1" 200 10631
WARNING 2026-05-14 14:35:49,009 log 2904 21440 "GET /static/training_institute_app/images/tm-luminary-01.jpg HTTP/1.1" 404 2071
WARNING 2026-05-14 14:35:49,247 log 2904 21380 "GET /static/training_institute_app/images/tm-luminary-02.jpg HTTP/1.1" 404 2071
WARNING 2026-05-14 14:35:49,338 log 2904 7372 "GET /static/training_institute_app/images/tm-luminary-03.jpg HTTP/1.1" 404 2071
INFO 2026-05-14 14:39:21,886 log 2904 25748 "GET / HTTP/1.1" 200 10631
INFO 2026-05-14 14:39:21,951 log 2904 25748 "GET /static/training_institute_app/css/basestyles.css HTTP/1.1" 200 30156
INFO 2026-05-14 14:39:21,953 log 2904 24132 "GET /static/training_institute_app/images/logoSample.png HTTP/1.1" 200 38769
WARNING 2026-05-14 14:39:21,959 log 2904 25748 "GET /static/training_institute_app/images/tm-luminary-01.jpg HTTP/1.1" 404 2071
WARNING 2026-05-14 14:39:22,102 log 2904 24132 "GET /static/training_institute_app/images/tm-luminary-02.jpg HTTP/1.1" 404 2071
WARNING 2026-05-14 14:39:22,146 log 2904 21692 "GET /static/training_institute_app/images/tm-luminary-03.jpg HTTP/1.1" 404 2071
INFO 2026-05-14 14:39:22,410 log 2904 29172 "GET /static/training_institute_app/js/basestyles.js HTTP/1.1" 200 7312
INFO 2026-05-14 14:39:22,468 log 2904 29172 "GET /static/training_institute_app/images/logo.png HTTP/1.1" 200 853147
INFO 2026-05-14 14:39:27,063 log 2904 29172 "GET / HTTP/1.1" 200 10631
INFO 2026-05-14 14:39:27,125 log 2904 3152 "GET /static/training_institute_app/images/logoSample.png HTTP/1.1" 200 38769
INFO 2026-05-14 14:39:27,125 log 2904 29172 "GET /static/training_institute_app/css/basestyles.css HTTP/1.1" 200 30157
WARNING 2026-05-14 14:39:27,131 log 2904 29172 "GET /static/training_institute_app/images/tm-luminary-01.jpg HTTP/1.1" 404 2071
WARNING 2026-05-14 14:39:27,136 log 2904 3152 "GET /static/training_institute_app/images/tm-luminary-02.jpg HTTP/1.1" 404 2071
WARNING 2026-05-14 14:39:27,444 log 2904 10632 "GET /static/training_institute_app/images/tm-luminary-03.jpg HTTP/1.1" 404 2071
INFO 2026-05-14 14:39:27,446 log 2904 5296 "GET /static/training_institute_app/js/basestyles.js HTTP/1.1" 200 7312
INFO 2026-05-14 14:39:27,477 log 2904 5296 "GET /static/training_institute_app/images/logo.png HTTP/1.1" 200 853147
INFO 2026-05-14 14:39:39,366 log 2904 5296 "GET / HTTP/1.1" 200 10631
INFO 2026-05-14 14:39:39,425 log 2904 5296 "GET /static/training_institute_app/css/basestyles.css HTTP/1.1" 304 0
WARNING 2026-05-14 14:39:39,425 log 2904 8432 "GET /static/training_institute_app/images/tm-luminary-01.jpg HTTP/1.1" 404 2071
WARNING 2026-05-14 14:39:39,429 log 2904 5296 "GET /static/training_institute_app/images/tm-luminary-02.jpg HTTP/1.1" 404 2071
WARNING 2026-05-14 14:39:39,732 log 2904 14200 "GET /static/training_institute_app/images/tm-luminary-03.jpg HTTP/1.1" 404 2071
INFO 2026-05-14 15:01:16,116 log 2904 9472 "GET / HTTP/1.1" 200 10632
INFO 2026-05-14 15:01:16,170 log 2904 9472 "GET /static/training_institute_app/css/basestyles.css HTTP/1.1" 304 0
INFO 2026-05-14 15:01:16,172 log 2904 9472 "GET /static/training_institute_app/images/logoSample.png HTTP/1.1" 304 0
INFO 2026-05-14 15:01:16,179 log 2904 24448 "GET /static/training_institute_app/images/studentStudying.jpg HTTP/1.1" 200 34337
WARNING 2026-05-14 15:01:16,347 log 2904 24448 "GET /static/training_institute_app/images/tm-luminary-02.jpg HTTP/1.1" 404 2071
WARNING 2026-05-14 15:01:16,351 log 2904 9472 "GET /static/training_institute_app/images/tm-luminary-03.jpg HTTP/1.1" 404 2071
INFO 2026-05-14 15:01:16,354 log 2904 10816 "GET /static/training_institute_app/js/basestyles.js HTTP/1.1" 304 0
INFO 2026-05-14 15:01:16,569 log 2904 10816 "GET /static/training_institute_app/images/logo.png HTTP/1.1" 304 0
INFO 2026-05-14 15:01:16,678 log 2904 13680 "GET /static/training_institute_app/js/basestyles.js HTTP/1.1" 304 0
INFO 2026-05-14 15:07:44,624 log 2904 26356 "GET / HTTP/1.1" 200 10618
INFO 2026-05-14 15:07:44,670 log 2904 26356 "GET /static/training_institute_app/css/basestyles.css HTTP/1.1" 200 30157
INFO 2026-05-14 15:07:44,671 log 2904 22944 "GET /static/training_institute_app/images/logoSample.png HTTP/1.1" 200 38769
INFO 2026-05-14 15:07:44,673 log 2904 26356 "GET /static/training_institute_app/images/studentStudying.jpg HTTP/1.1" 200 34337
INFO 2026-05-14 15:07:44,832 log 2904 26356 "GET /static/training_institute_app/images/image1.jpeg HTTP/1.1" 200 316563
INFO 2026-05-14 15:07:44,835 log 2904 26356 "GET /static/training_institute_app/js/basestyles.js HTTP/1.1" 200 7312
INFO 2026-05-14 15:07:44,835 log 2904 22944 "GET /static/training_institute_app/images/image2.jpeg HTTP/1.1" 200 465238
INFO 2026-05-14 15:07:45,128 log 2904 26356 "GET /static/training_institute_app/images/logo.png HTTP/1.1" 200 853147
INFO 2026-05-14 15:08:25,933 log 2904 26356 "GET / HTTP/1.1" 200 10618
INFO 2026-05-14 15:08:25,984 log 2904 22944 "GET /static/training_institute_app/images/image2.jpeg HTTP/1.1" 304 0
INFO 2026-05-14 15:08:25,984 log 2904 26356 "GET /static/training_institute_app/images/image1.jpeg HTTP/1.1" 304 0
INFO 2026-05-14 15:13:32,823 log 2904 6248 "GET / HTTP/1.1" 200 10609
INFO 2026-05-14 15:13:32,857 log 2904 6248 "GET /static/training_institute_app/css/basestyles.css HTTP/1.1" 304 0
INFO 2026-05-14 15:13:32,859 log 2904 6248 "GET /static/training_institute_app/images/logoSample.png HTTP/1.1" 304 0
INFO 2026-05-14 15:13:32,867 log 2904 24624 "GET /static/training_institute_app/images/image.jpeg HTTP/1.1" 200 259498
INFO 2026-05-14 15:13:32,998 log 2904 6248 "GET /static/training_institute_app/images/image2.jpeg HTTP/1.1" 304 0
INFO 2026-05-14 15:13:32,998 log 2904 24624 "GET /static/training_institute_app/images/image1.jpeg HTTP/1.1" 304 0
INFO 2026-05-14 15:13:33,045 log 2904 24624 "GET /static/training_institute_app/images/logo.png HTTP/1.1" 304 0
INFO 2026-05-14 15:14:46,747 log 2904 24624 "GET / HTTP/1.1" 200 10651
INFO 2026-05-14 15:14:46,776 log 2904 24624 "GET /static/training_institute_app/images/image.jpeg HTTP/1.1" 304 0
INFO 2026-05-14 15:14:46,776 log 2904 6248 "GET /static/training_institute_app/images/image1.jpeg HTTP/1.1" 304 0
INFO 2026-05-14 15:14:46,918 log 2904 6248 "GET /static/training_institute_app/images/image2.jpeg HTTP/1.1" 304 0
INFO 2026-05-14 15:16:04,688 log 2904 6248 "GET / HTTP/1.1" 200 15035
INFO 2026-05-14 15:16:04,713 log 2904 24624 "GET /static/training_institute_app/images/image1.jpeg HTTP/1.1" 304 0
INFO 2026-05-14 15:16:04,713 log 2904 6248 "GET /static/training_institute_app/images/image.jpeg HTTP/1.1" 304 0
INFO 2026-05-14 15:16:04,741 log 2904 24624 "GET /static/training_institute_app/images/image2.jpeg HTTP/1.1" 304 0
INFO 2026-05-14 15:19:38,884 log 2904 24624 "GET / HTTP/1.1" 200 21530
INFO 2026-05-14 15:19:38,920 log 2904 24624 "GET /static/training_institute_app/css/basestyles.css HTTP/1.1" 200 30157
INFO 2026-05-14 15:19:38,920 log 2904 6248 "GET /static/training_institute_app/images/logoSample.png HTTP/1.1" 200 38769
INFO 2026-05-14 15:19:38,925 log 2904 6248 "GET /static/training_institute_app/images/image.jpeg HTTP/1.1" 200 259498
INFO 2026-05-14 15:19:39,064 log 2904 6248 "GET /static/training_institute_app/images/image1.jpeg HTTP/1.1" 200 316563
INFO 2026-05-14 15:19:39,066 log 2904 24624 "GET /static/training_institute_app/images/image2.jpeg HTTP/1.1" 200 465238
INFO 2026-05-14 15:19:39,073 log 2904 6248 "GET /static/training_institute_app/js/basestyles.js HTTP/1.1" 200 7312
INFO 2026-05-14 15:19:39,384 log 2904 25064 "GET /static/training_institute_app/js/basestyles.js HTTP/1.1" 304 0
INFO 2026-05-14 15:19:39,452 log 2904 6248 "GET /static/training_institute_app/images/logo.png HTTP/1.1" 200 853147
INFO 2026-05-14 15:20:20,778 log 2904 6248 "GET / HTTP/1.1" 200 21536
INFO 2026-05-14 15:20:20,812 log 2904 6248 "GET /static/training_institute_app/images/image.jpeg HTTP/1.1" 304 0
INFO 2026-05-14 15:33:44,178 log 2904 12256 "GET / HTTP/1.1" 200 29884
INFO 2026-05-14 15:33:44,213 log 2904 12256 "GET /static/training_institute_app/css/basestyles.css HTTP/1.1" 304 0
INFO 2026-05-14 15:33:44,216 log 2904 12256 "GET /static/training_institute_app/images/image.jpeg HTTP/1.1" 304 0
INFO 2026-05-14 15:33:44,216 log 2904 21196 "GET /static/training_institute_app/images/logoSample.png HTTP/1.1" 200 38769
INFO 2026-05-14 15:33:44,375 log 2904 21196 "GET /static/training_institute_app/images/image1.jpeg HTTP/1.1" 200 316563
INFO 2026-05-14 15:33:44,381 log 2904 21196 "GET /static/training_institute_app/js/basestyles.js HTTP/1.1" 200 7312
INFO 2026-05-14 15:33:44,383 log 2904 12256 "GET /static/training_institute_app/images/image2.jpeg HTTP/1.1" 200 465238
ERROR 2026-05-14 15:41:45,513 log 2904 2716 Internal Server Error: /
Traceback (most recent call last):
  File "D:\Web Applications\training_institute\venv\Lib\site-packages\django\core\handlers\exception.py", line 55, in inner
    response = get_response(request)
  File "D:\Web Applications\training_institute\venv\Lib\site-packages\django\core\handlers\base.py", line 198, in _get_response
    response = wrapped_callback(request, *callback_args, **callback_kwargs)
  File "D:\Web Applications\training_institute\training_institute_app\views.py", line 6, in home
    return render(request, 'training_institute_app/home.html')
  File "D:\Web Applications\training_institute\venv\Lib\site-packages\django\shortcuts.py", line 25, in render
    content = loader.render_to_string(template_name, context, request, using=using)
  File "D:\Web Applications\training_institute\venv\Lib\site-packages\django\template\loader.py", line 62, in render_to_string
    return template.render(context, request)
           ~~~~~~~~~~~~~~~^^^^^^^^^^^^^^^^^^
  File "D:\Web Applications\training_institute\venv\Lib\site-packages\django\template\backends\django.py", line 107, in render
    return self.template.render(context)
           ~~~~~~~~~~~~~~~~~~~~^^^^^^^^^
  File "D:\Web Applications\training_institute\venv\Lib\site-packages\django\template\base.py", line 174, in render
    return self._render(context)
           ~~~~~~~~~~~~^^^^^^^^^
  File "D:\Web Applications\training_institute\venv\Lib\site-packages\django\template\base.py", line 166, in _render
    return self.nodelist.render(context)
           ~~~~~~~~~~~~~~~~~~~~^^^^^^^^^
  File "D:\Web Applications\training_institute\venv\Lib\site-packages\django\template\base.py", line 1091, in render
    return SafeString("".join([node.render_annotated(context) for node in self]))
                               ~~~~~~~~~~~~~~~~~~~~~^^^^^^^^^
  File "D:\Web Applications\training_institute\venv\Lib\site-packages\django\template\base.py", line 1052, in render_annotated
    return self.render(context)
           ~~~~~~~~~~~^^^^^^^^^
  File "D:\Web Applications\training_institute\venv\Lib\site-packages\django\template\loader_tags.py", line 160, in render
    return compiled_parent._render(context)
           ~~~~~~~~~~~~~~~~~~~~~~~^^^^^^^^^
  File "D:\Web Applications\training_institute\venv\Lib\site-packages\django\template\base.py", line 166, in _render
    return self.nodelist.render(context)
           ~~~~~~~~~~~~~~~~~~~~^^^^^^^^^
  File "D:\Web Applications\training_institute\venv\Lib\site-packages\django\template\base.py", line 1091, in render
    return SafeString("".join([node.render_annotated(context) for node in self]))
                               ~~~~~~~~~~~~~~~~~~~~~^^^^^^^^^
  File "D:\Web Applications\training_institute\venv\Lib\site-packages\django\template\base.py", line 1052, in render_annotated
    return self.render(context)
           ~~~~~~~~~~~^^^^^^^^^
  File "D:\Web Applications\training_institute\venv\Lib\site-packages\django\template\loader_tags.py", line 211, in render
    return template.render(context)
           ~~~~~~~~~~~~~~~^^^^^^^^^
  File "D:\Web Applications\training_institute\venv\Lib\site-packages\django\template\base.py", line 176, in render
    return self._render(context)
           ~~~~~~~~~~~~^^^^^^^^^
  File "D:\Web Applications\training_institute\venv\Lib\site-packages\django\template\base.py", line 166, in _render
    return self.nodelist.render(context)
           ~~~~~~~~~~~~~~~~~~~~^^^^^^^^^
  File "D:\Web Applications\training_institute\venv\Lib\site-packages\django\template\base.py", line 1091, in render
    return SafeString("".join([node.render_annotated(context) for node in self]))
                               ~~~~~~~~~~~~~~~~~~~~~^^^^^^^^^
  File "D:\Web Applications\training_institute\venv\Lib\site-packages\django\template\base.py", line 1052, in render_annotated
    return self.render(context)
           ~~~~~~~~~~~^^^^^^^^^
  File "D:\Web Applications\training_institute\venv\Lib\site-packages\django\template\loader_tags.py", line 211, in render
    return template.render(context)
           ~~~~~~~~~~~~~~~^^^^^^^^^
  File "D:\Web Applications\training_institute\venv\Lib\site-packages\django\template\base.py", line 176, in render
    return self._render(context)
           ~~~~~~~~~~~~^^^^^^^^^
  File "D:\Web Applications\training_institute\venv\Lib\site-packages\django\template\base.py", line 166, in _render
    return self.nodelist.render(context)
           ~~~~~~~~~~~~~~~~~~~~^^^^^^^^^
  File "D:\Web Applications\training_institute\venv\Lib\site-packages\django\template\base.py", line 1091, in render
    return SafeString("".join([node.render_annotated(context) for node in self]))
                               ~~~~~~~~~~~~~~~~~~~~~^^^^^^^^^
  File "D:\Web Applications\training_institute\venv\Lib\site-packages\django\template\base.py", line 1052, in render_annotated
    return self.render(context)
           ~~~~~~~~~~~^^^^^^^^^
  File "D:\Web Applications\training_institute\venv\Lib\site-packages\django\template\loader_tags.py", line 211, in render
    return template.render(context)
           ~~~~~~~~~~~~~~~^^^^^^^^^
  File "D:\Web Applications\training_institute\venv\Lib\site-packages\django\template\base.py", line 176, in render
    return self._render(context)
           ~~~~~~~~~~~~^^^^^^^^^
  File "D:\Web Applications\training_institute\venv\Lib\site-packages\django\template\base.py", line 166, in _render
    return self.nodelist.render(context)
           ~~~~~~~~~~~~~~~~~~~~^^^^^^^^^
  File "D:\Web Applications\training_institute\venv\Lib\site-packages\django\template\base.py", line 1091, in render
    return SafeString("".join([node.render_annotated(context) for node in self]))
                               ~~~~~~~~~~~~~~~~~~~~~^^^^^^^^^
  File "D:\Web Applications\training_institute\venv\Lib\site-packages\django\template\base.py", line 1052, in render_annotated
    return self.render(context)
           ~~~~~~~~~~~^^^^^^^^^
  File "D:\Web Applications\training_institute\venv\Lib\site-packages\django\template\loader_tags.py", line 211, in render
    return template.render(context)
           ~~~~~~~~~~~~~~~^^^^^^^^^
  File "D:\Web Applications\training_institute\venv\Lib\site-packages\django\template\base.py", line 176, in render
    return self._render(context)
           ~~~~~~~~~~~~^^^^^^^^^
  File "D:\Web Applications\training_institute\venv\Lib\site-packages\django\template\base.py", line 166, in _render
    return self.nodelist.render(context)
           ~~~~~~~~~~~~~~~~~~~~^^^^^^^^^
  File "D:\Web Applications\training_institute\venv\Lib\site-packages\django\template\base.py", line 1091, in render
    return SafeString("".join([node.render_annotated(context) for node in self]))
                               ~~~~~~~~~~~~~~~~~~~~~^^^^^^^^^
  File "D:\Web Applications\training_institute\venv\Lib\site-packages\django\template\base.py", line 1052, in render_annotated
    return self.render(context)
           ~~~~~~~~~~~^^^^^^^^^
  File "D:\Web Applications\training_institute\venv\Lib\site-packages\django\template\loader_tags.py", line 211, in render
    return template.render(context)
           ~~~~~~~~~~~~~~~^^^^^^^^^
  File "D:\Web Applications\training_institute\venv\Lib\site-packages\django\template\base.py", line 176, in render
    return self._render(context)
           ~~~~~~~~~~~~^^^^^^^^^
  File "D:\Web Applications\training_institute\venv\Lib\site-packages\django\template\base.py", line 166, in _render
    return self.nodelist.render(context)
           ~~~~~~~~~~~~~~~~~~~~^^^^^^^^^
  File "D:\Web Applications\training_institute\venv\Lib\site-packages\django\template\base.py", line 1091, in render
    return SafeString("".join([node.render_annotated(context) for node in self]))
                               ~~~~~~~~~~~~~~~~~~~~~^^^^^^^^^
  File "D:\Web Applications\training_institute\venv\Lib\site-packages\django\template\base.py", line 1052, in render_annotated
    return self.render(context)
           ~~~~~~~~~~~^^^^^^^^^
  File "D:\Web Applications\training_institute\venv\Lib\site-packages\django\template\loader_tags.py", line 211, in render
    return template.render(context)
           ~~~~~~~~~~~~~~~^^^^^^^^^
  File "D:\Web Applications\training_institute\venv\Lib\site-packages\django\template\base.py", line 176, in render
    return self._render(context)
           ~~~~~~~~~~~~^^^^^^^^^
  File "D:\Web Applications\training_institute\venv\Lib\site-packages\django\template\base.py", line 166, in _render
    return self.nodelist.render(context)
           ~~~~~~~~~~~~~~~~~~~~^^^^^^^^^
  File "D:\Web Applications\training_institute\venv\Lib\site-packages\django\template\base.py", line 1091, in render
    return SafeString("".join([node.render_annotated(context) for node in self]))
                               ~~~~~~~~~~~~~~~~~~~~~^^^^^^^^^
  File "D:\Web Applications\training_institute\venv\Lib\site-packages\django\template\base.py", line 1052, in render_annotated
    return self.render(context)
           ~~~~~~~~~~~^^^^^^^^^
  File "D:\Web Applications\training_institute\venv\Lib\site-packages\django\template\loader_tags.py", line 211, in render
    return template.render(context)
           ~~~~~~~~~~~~~~~^^^^^^^^^
  File "D:\Web Applications\training_institute\venv\Lib\site-packages\django\template\base.py", line 176, in render
    return self._render(context)
           ~~~~~~~~~~~~^^^^^^^^^
  File "D:\Web Applications\training_institute\venv\Lib\site-packages\django\template\base.py", line 166, in _render
    return self.nodelist.render(context)
           ~~~~~~~~~~~~~~~~~~~~^^^^^^^^^
  File "D:\Web Applications\training_institute\venv\Lib\site-packages\django\template\base.py", line 1091, in render
    return SafeString("".join([node.render_annotated(context) for node in self]))
                               ~~~~~~~~~~~~~~~~~~~~~^^^^^^^^^
  File "D:\Web Applications\training_institute\venv\Lib\site-packages\django\template\base.py", line 1052, in render_annotated
    return self.render(context)
           ~~~~~~~~~~~^^^^^^^^^
  File "D:\Web Applications\training_institute\venv\Lib\site-packages\django\template\loader_tags.py", line 211, in render
    return template.render(context)
           ~~~~~~~~~~~~~~~^^^^^^^^^
  File "D:\Web Applications\training_institute\venv\Lib\site-packages\django\template\base.py", line 176, in render
    return self._render(context)
           ~~~~~~~~~~~~^^^^^^^^^
  File "D:\Web Applications\training_institute\venv\Lib\site-packages\django\template\base.py", line 166, in _render
    return self.nodelist.render(context)
           ~~~~~~~~~~~~~~~~~~~~^^^^^^^^^
  File "D:\Web Applications\training_institute\venv\Lib\site-packages\django\template\base.py", line 1091, in render
    return SafeString("".join([node.render_annotated(context) for node in self]))
                               ~~~~~~~~~~~~~~~~~~~~~^^^^^^^^^
  File "D:\Web Applications\training_institute\venv\Lib\site-packages\django\template\base.py", line 1052, in render_annotated
    return self.render(context)
           ~~~~~~~~~~~^^^^^^^^^
  File "D:\Web Applications\training_institute\venv\Lib\site-packages\django\template\loader_tags.py", line 211, in render
    return template.render(context)
           ~~~~~~~~~~~~~~~^^^^^^^^^
  File "D:\Web Applications\training_institute\venv\Lib\site-packages\django\template\base.py", line 176, in render
    return self._render(context)
           ~~~~~~~~~~~~^^^^^^^^^
  File "D:\Web Applications\training_institute\venv\Lib\site-packages\django\template\base.py", line 166, in _render
    return self.nodelist.render(context)
           ~~~~~~~~~~~~~~~~~~~~^^^^^^^^^
  File "D:\Web Applications\training_institute\venv\Lib\site-packages\django\template\base.py", line 1091, in render
    return SafeString("".join([node.render_annotated(context) for node in self]))
                               ~~~~~~~~~~~~~~~~~~~~~^^^^^^^^^
  File "D:\Web Applications\training_institute\venv\Lib\site-packages\django\template\base.py", line 1052, in render_annotated
    return self.render(context)
           ~~~~~~~~~~~^^^^^^^^^
  File "D:\Web Applications\training_institute\venv\Lib\site-packages\django\template\loader_tags.py", line 211, in render
    return template.render(context)
           ~~~~~~~~~~~~~~~^^^^^^^^^
  File "D:\Web Applications\training_institute\venv\Lib\site-packages\django\template\base.py", line 176, in render
    return self._render(context)
           ~~~~~~~~~~~~^^^^^^^^^
  File "D:\Web Applications\training_institute\venv\Lib\site-packages\django\template\base.py", line 166, in _render
    return self.nodelist.render(context)
           ~~~~~~~~~~~~~~~~~~~~^^^^^^^^^
  File "D:\Web Applications\training_institute\venv\Lib\site-packages\django\template\base.py", line 1091, in render
    return SafeString("".join([node.render_annotated(context) for node in self]))
                               ~~~~~~~~~~~~~~~~~~~~~^^^^^^^^^
  File "D:\Web Applications\training_institute\venv\Lib\site-packages\django\template\base.py", line 1052, in render_annotated
    return self.render(context)
           ~~~~~~~~~~~^^^^^^^^^
  File "D:\Web Applications\training_institute\venv\Lib\site-packages\django\template\loader_tags.py", line 211, in render
    return template.render(context)
           ~~~~~~~~~~~~~~~^^^^^^^^^
  File "D:\Web Applications\training_institute\venv\Lib\site-packages\django\template\base.py", line 176, in render
    return self._render(context)
           ~~~~~~~~~~~~^^^^^^^^^
  File "D:\Web Applications\training_institute\venv\Lib\site-packages\django\template\base.py", line 166, in _render
    return self.nodelist.render(context)
           ~~~~~~~~~~~~~~~~~~~~^^^^^^^^^
  File "D:\Web Applications\training_institute\venv\Lib\site-packages\django\template\base.py", line 1091, in render
    return SafeString("".join([node.render_annotated(context) for node in self]))
                               ~~~~~~~~~~~~~~~~~~~~~^^^^^^^^^
  File "D:\Web Applications\training_institute\venv\Lib\site-packages\django\template\base.py", line 1052, in render_annotated
    return self.render(context)
           ~~~~~~~~~~~^^^^^^^^^
  File "D:\Web Applications\training_institute\venv\Lib\site-packages\django\template\loader_tags.py", line 211, in render
    return template.render(context)
           ~~~~~~~~~~~~~~~^^^^^^^^^
  File "D:\Web Applications\training_institute\venv\Lib\site-packages\django\template\base.py", line 176, in render
    return self._render(context)
           ~~~~~~~~~~~~^^^^^^^^^
  File "D:\Web Applications\training_institute\venv\Lib\site-packages\django\template\base.py", line 166, in _render
    return self.nodelist.render(context)
           ~~~~~~~~~~~~~~~~~~~~^^^^^^^^^
  File "D:\Web Applications\training_institute\venv\Lib\site-packages\django\template\base.py", line 1091, in render
    return SafeString("".join([node.render_annotated(context) for node in self]))
                               ~~~~~~~~~~~~~~~~~~~~~^^^^^^^^^
  File "D:\Web Applications\training_institute\venv\Lib\site-packages\django\template\base.py", line 1052, in render_annotated
    return self.render(context)
           ~~~~~~~~~~~^^^^^^^^^
  File "D:\Web Applications\training_institute\venv\Lib\site-packages\django\template\loader_tags.py", line 211, in render
    return template.render(context)
           ~~~~~~~~~~~~~~~^^^^^^^^^
  File "D:\Web Applications\training_institute\venv\Lib\site-packages\django\template\base.py", line 176, in render
    return self._render(context)
           ~~~~~~~~~~~~^^^^^^^^^
  File "D:\Web Applications\training_institute\venv\Lib\site-packages\django\template\base.py", line 166, in _render
    return self.nodelist.render(context)
           ~~~~~~~~~~~~~~~~~~~~^^^^^^^^^
  File "D:\Web Applications\training_institute\venv\Lib\site-packages\django\template\base.py", line 1091, in render
    return SafeString("".join([node.render_annotated(context) for node in self]))
                               ~~~~~~~~~~~~~~~~~~~~~^^^^^^^^^
  File "D:\Web Applications\training_institute\venv\Lib\site-packages\django\template\base.py", line 1052, in render_annotated
    return self.render(context)
           ~~~~~~~~~~~^^^^^^^^^
  File "D:\Web Applications\training_institute\venv\Lib\site-packages\django\template\loader_tags.py", line 211, in render
    return template.render(context)
           ~~~~~~~~~~~~~~~^^^^^^^^^
  File "D:\Web Applications\training_institute\venv\Lib\site-packages\django\template\base.py", line 176, in render
    return self._render(context)
           ~~~~~~~~~~~~^^^^^^^^^
  File "D:\Web Applications\training_institute\venv\Lib\site-packages\django\template\base.py", line 166, in _render
    return self.nodelist.render(context)
           ~~~~~~~~~~~~~~~~~~~~^^^^^^^^^
  File "D:\Web Applications\training_institute\venv\Lib\site-packages\django\template\base.py", line 1091, in render
    return SafeString("".join([node.render_annotated(context) for node in self]))
                               ~~~~~~~~~~~~~~~~~~~~~^^^^^^^^^
  File "D:\Web Applications\training_institute\venv\Lib\site-packages\django\template\base.py", line 1052, in render_annotated
    return self.render(context)
           ~~~~~~~~~~~^^^^^^^^^
  File "D:\Web Applications\training_institute\venv\Lib\site-packages\django\template\loader_tags.py", line 211, in render
    return template.render(context)
           ~~~~~~~~~~~~~~~^^^^^^^^^
  File "D:\Web Applications\training_institute\venv\Lib\site-packages\django\template\base.py", line 176, in render
    return self._render(context)
           ~~~~~~~~~~~~^^^^^^^^^
  File "D:\Web Applications\training_institute\venv\Lib\site-packages\django\template\base.py", line 166, in _render
    return self.nodelist.render(context)
           ~~~~~~~~~~~~~~~~~~~~^^^^^^^^^
  File "D:\Web Applications\training_institute\venv\Lib\site-packages\django\template\base.py", line 1091, in render
    return SafeString("".join([node.render_annotated(context) for node in self]))
                               ~~~~~~~~~~~~~~~~~~~~~^^^^^^^^^
  File "D:\Web Applications\training_institute\venv\Lib\site-packages\django\template\base.py", line 1052, in render_annotated
    return self.render(context)
           ~~~~~~~~~~~^^^^^^^^^
  File "D:\Web Applications\training_institute\venv\Lib\site-packages\django\template\loader_tags.py", line 211, in render
    return template.render(context)
           ~~~~~~~~~~~~~~~^^^^^^^^^
  File "D:\Web Applications\training_institute\venv\Lib\site-packages\django\template\base.py", line 176, in render
    return self._render(context)
           ~~~~~~~~~~~~^^^^^^^^^
  File "D:\Web Applications\training_institute\venv\Lib\site-packages\django\template\base.py", line 166, in _render
    return self.nodelist.render(context)
           ~~~~~~~~~~~~~~~~~~~~^^^^^^^^^
  File "D:\Web Applications\training_institute\venv\Lib\site-packages\django\template\base.py", line 1091, in render
    return SafeString("".join([node.render_annotated(context) for node in self]))
                               ~~~~~~~~~~~~~~~~~~~~~^^^^^^^^^
  File "D:\Web Applications\training_institute\venv\Lib\site-packages\django\template\base.py", line 1052, in render_annotated
    return self.render(context)
           ~~~~~~~~~~~^^^^^^^^^
  File "D:\Web Applications\training_institute\venv\Lib\site-packages\django\template\loader_tags.py", line 211, in render
    return template.render(context)
           ~~~~~~~~~~~~~~~^^^^^^^^^
  File "D:\Web Applications\training_institute\venv\Lib\site-packages\django\template\base.py", line 176, in render
    return self._render(context)
           ~~~~~~~~~~~~^^^^^^^^^
  File "D:\Web Applications\training_institute\venv\Lib\site-packages\django\template\base.py", line 166, in _render
    return self.nodelist.render(context)
           ~~~~~~~~~~~~~~~~~~~~^^^^^^^^^
  File "D:\Web Applications\training_institute\venv\Lib\site-packages\django\template\base.py", line 1091, in render
    return SafeString("".join([node.render_annotated(context) for node in self]))
                               ~~~~~~~~~~~~~~~~~~~~~^^^^^^^^^
  File "D:\Web Applications\training_institute\venv\Lib\site-packages\django\template\base.py", line 1052, in render_annotated
    return self.render(context)
           ~~~~~~~~~~~^^^^^^^^^
  File "D:\Web Applications\training_institute\venv\Lib\site-packages\django\template\loader_tags.py", line 211, in render
    return template.render(context)
           ~~~~~~~~~~~~~~~^^^^^^^^^
  File "D:\Web Applications\training_institute\venv\Lib\site-packages\django\template\base.py", line 176, in render
    return self._render(context)
           ~~~~~~~~~~~~^^^^^^^^^
  File "D:\Web Applications\training_institute\venv\Lib\site-packages\django\template\base.py", line 166, in _render
    return self.nodelist.render(context)
           ~~~~~~~~~~~~~~~~~~~~^^^^^^^^^
  File "D:\Web Applications\training_institute\venv\Lib\site-packages\django\template\base.py", line 1091, in render
    return SafeString("".join([node.render_annotated(context) for node in self]))
                               ~~~~~~~~~~~~~~~~~~~~~^^^^^^^^^
  File "D:\Web Applications\training_institute\venv\Lib\site-packages\django\template\base.py", line 1052, in render_annotated
    return self.render(context)
           ~~~~~~~~~~~^^^^^^^^^
  File "D:\Web Applications\training_institute\venv\Lib\site-packages\django\template\loader_tags.py", line 211, in render
    return template.render(context)
           ~~~~~~~~~~~~~~~^^^^^^^^^
  File "D:\Web Applications\training_institute\venv\Lib\site-packages\django\template\base.py", line 176, in render
    return self._render(context)
           ~~~~~~~~~~~~^^^^^^^^^
  File "D:\Web Applications\training_institute\venv\Lib\site-packages\django\template\base.py", line 166, in _render
    return self.nodelist.render(context)
           ~~~~~~~~~~~~~~~~~~~~^^^^^^^^^
  File "D:\Web Applications\training_institute\venv\Lib\site-packages\django\template\base.py", line 1091, in render
    return SafeString("".join([node.render_annotated(context) for node in self]))
                               ~~~~~~~~~~~~~~~~~~~~~^^^^^^^^^
  File "D:\Web Applications\training_institute\venv\Lib\site-packages\django\template\base.py", line 1052, in render_annotated
    return self.render(context)
           ~~~~~~~~~~~^^^^^^^^^
  File "D:\Web Applications\training_institute\venv\Lib\site-packages\django\template\loader_tags.py", line 211, in render
    return template.render(context)
           ~~~~~~~~~~~~~~~^^^^^^^^^
  File "D:\Web Applications\training_institute\venv\Lib\site-packages\django\template\base.py", line 176, in render
    return self._render(context)
           ~~~~~~~~~~~~^^^^^^^^^
  File "D:\Web Applications\training_institute\venv\Lib\site-packages\django\template\base.py", line 166, in _render
    return self.nodelist.render(context)
           ~~~~~~~~~~~~~~~~~~~~^^^^^^^^^
  File "D:\Web Applications\training_institute\venv\Lib\site-packages\django\template\base.py", line 1091, in render
    return SafeString("".join([node.render_annotated(context) for node in self]))
                               ~~~~~~~~~~~~~~~~~~~~~^^^^^^^^^
  File "D:\Web Applications\training_institute\venv\Lib\site-packages\django\template\base.py", line 1052, in render_annotated
    return self.render(context)
           ~~~~~~~~~~~^^^^^^^^^
  File "D:\Web Applications\training_institute\venv\Lib\site-packages\django\template\loader_tags.py", line 211, in render
    return template.render(context)
           ~~~~~~~~~~~~~~~^^^^^^^^^
  File "D:\Web Applications\training_institute\venv\Lib\site-packages\django\template\base.py", line 176, in render
    return self._render(context)
           ~~~~~~~~~~~~^^^^^^^^^
  File "D:\Web Applications\training_institute\venv\Lib\site-packages\django\template\base.py", line 166, in _render
    return self.nodelist.render(context)
           ~~~~~~~~~~~~~~~~~~~~^^^^^^^^^
  File "D:\Web Applications\training_institute\venv\Lib\site-packages\django\template\base.py", line 1091, in render
    return SafeString("".join([node.render_annotated(context) for node in self]))
                               ~~~~~~~~~~~~~~~~~~~~~^^^^^^^^^
  File "D:\Web Applications\training_institute\venv\Lib\site-packages\django\template\base.py", line 1052, in render_annotated
    return self.render(context)
           ~~~~~~~~~~~^^^^^^^^^
  File "D:\Web Applications\training_institute\venv\Lib\site-packages\django\template\loader_tags.py", line 211, in render
    return template.render(context)
           ~~~~~~~~~~~~~~~^^^^^^^^^
  File "D:\Web Applications\training_institute\venv\Lib\site-packages\django\template\base.py", line 176, in render
    return self._render(context)
           ~~~~~~~~~~~~^^^^^^^^^
  File "D:\Web Applications\training_institute\venv\Lib\site-packages\django\template\base.py", line 166, in _render
    return self.nodelist.render(context)
           ~~~~~~~~~~~~~~~~~~~~^^^^^^^^^
  File "D:\Web Applications\training_institute\venv\Lib\site-packages\django\template\base.py", line 1091, in render
    return SafeString("".join([node.render_annotated(context) for node in self]))
                               ~~~~~~~~~~~~~~~~~~~~~^^^^^^^^^
  File "D:\Web Applications\training_institute\venv\Lib\site-packages\django\template\base.py", line 1052, in render_annotated
    return self.render(context)
           ~~~~~~~~~~~^^^^^^^^^
  File "D:\Web Applications\training_institute\venv\Lib\site-packages\django\template\loader_tags.py", line 211, in render
    return template.render(context)
           ~~~~~~~~~~~~~~~^^^^^^^^^
  File "D:\Web Applications\training_institute\venv\Lib\site-packages\django\template\base.py", line 176, in render
    return self._render(context)
           ~~~~~~~~~~~~^^^^^^^^^
  File "D:\Web Applications\training_institute\venv\Lib\site-packages\django\template\base.py", line 166, in _render
    return self.nodelist.render(context)
           ~~~~~~~~~~~~~~~~~~~~^^^^^^^^^
  File "D:\Web Applications\training_institute\venv\Lib\site-packages\django\template\base.py", line 1091, in render
    return SafeString("".join([node.render_annotated(context) for node in self]))
                               ~~~~~~~~~~~~~~~~~~~~~^^^^^^^^^
  File "D:\Web Applications\training_institute\venv\Lib\site-packages\django\template\base.py", line 1052, in render_annotated
    return self.render(context)
           ~~~~~~~~~~~^^^^^^^^^
  File "D:\Web Applications\training_institute\venv\Lib\site-packages\django\template\loader_tags.py", line 211, in render
    return template.render(context)
           ~~~~~~~~~~~~~~~^^^^^^^^^
  File "D:\Web Applications\training_institute\venv\Lib\site-packages\django\template\base.py", line 176, in render
    return self._render(context)
           ~~~~~~~~~~~~^^^^^^^^^
  File "D:\Web Applications\training_institute\venv\Lib\site-packages\django\template\base.py", line 166, in _render
    return self.nodelist.render(context)
           ~~~~~~~~~~~~~~~~~~~~^^^^^^^^^
  File "D:\Web Applications\training_institute\venv\Lib\site-packages\django\template\base.py", line 1091, in render
    return SafeString("".join([node.render_annotated(context) for node in self]))
                               ~~~~~~~~~~~~~~~~~~~~~^^^^^^^^^
  File "D:\Web Applications\training_institute\venv\Lib\site-packages\django\template\base.py", line 1052, in render_annotated
    return self.render(context)
           ~~~~~~~~~~~^^^^^^^^^
  File "D:\Web Applications\training_institute\venv\Lib\site-packages\django\template\loader_tags.py", line 211, in render
    return template.render(context)
           ~~~~~~~~~~~~~~~^^^^^^^^^
  File "D:\Web Applications\training_institute\venv\Lib\site-packages\django\template\base.py", line 176, in render
    return self._render(context)
           ~~~~~~~~~~~~^^^^^^^^^
  File "D:\Web Applications\training_institute\venv\Lib\site-packages\django\template\base.py", line 166, in _render
    return self.nodelist.render(context)
           ~~~~~~~~~~~~~~~~~~~~^^^^^^^^^
  File "D:\Web Applications\training_institute\venv\Lib\site-packages\django\template\base.py", line 1091, in render
    return SafeString("".join([node.render_annotated(context) for node in self]))
                               ~~~~~~~~~~~~~~~~~~~~~^^^^^^^^^
  File "D:\Web Applications\training_institute\venv\Lib\site-packages\django\template\base.py", line 1052, in render_annotated
    return self.render(context)
           ~~~~~~~~~~~^^^^^^^^^
  File "D:\Web Applications\training_institute\venv\Lib\site-packages\django\template\loader_tags.py", line 211, in render
    return template.render(context)
           ~~~~~~~~~~~~~~~^^^^^^^^^
  File "D:\Web Applications\training_institute\venv\Lib\site-packages\django\template\base.py", line 176, in render
    return self._render(context)
           ~~~~~~~~~~~~^^^^^^^^^
  File "D:\Web Applications\training_institute\venv\Lib\site-packages\django\template\base.py", line 166, in _render
    return self.nodelist.render(context)
           ~~~~~~~~~~~~~~~~~~~~^^^^^^^^^
  File "D:\Web Applications\training_institute\venv\Lib\site-packages\django\template\base.py", line 1091, in render
    return SafeString("".join([node.render_annotated(context) for node in self]))
                               ~~~~~~~~~~~~~~~~~~~~~^^^^^^^^^
  File "D:\Web Applications\training_institute\venv\Lib\site-packages\django\template\base.py", line 1052, in render_annotated
    return self.render(context)
           ~~~~~~~~~~~^^^^^^^^^
  File "D:\Web Applications\training_institute\venv\Lib\site-packages\django\template\loader_tags.py", line 211, in render
    return template.render(context)
           ~~~~~~~~~~~~~~~^^^^^^^^^
  File "D:\Web Applications\training_institute\venv\Lib\site-packages\django\template\base.py", line 176, in render
    return self._render(context)
           ~~~~~~~~~~~~^^^^^^^^^
  File "D:\Web Applications\training_institute\venv\Lib\site-packages\django\template\base.py", line 166, in _render
    return self.nodelist.render(context)
           ~~~~~~~~~~~~~~~~~~~~^^^^^^^^^
  File "D:\Web Applications\training_institute\venv\Lib\site-packages\django\template\base.py", line 1091, in render
    return SafeString("".join([node.render_annotated(context) for node in self]))
                               ~~~~~~~~~~~~~~~~~~~~~^^^^^^^^^
  File "D:\Web Applications\training_institute\venv\Lib\site-packages\django\template\base.py", line 1052, in render_annotated
    return self.render(context)
           ~~~~~~~~~~~^^^^^^^^^
  File "D:\Web Applications\training_institute\venv\Lib\site-packages\django\template\loader_tags.py", line 211, in render
    return template.render(context)
           ~~~~~~~~~~~~~~~^^^^^^^^^
  File "D:\Web Applications\training_institute\venv\Lib\site-packages\django\template\base.py", line 176, in render
    return self._render(context)
           ~~~~~~~~~~~~^^^^^^^^^
  File "D:\Web Applications\training_institute\venv\Lib\site-packages\django\template\base.py", line 166, in _render
    return self.nodelist.render(context)
           ~~~~~~~~~~~~~~~~~~~~^^^^^^^^^
  File "D:\Web Applications\training_institute\venv\Lib\site-packages\django\template\base.py", line 1091, in render
    return SafeString("".join([node.render_annotated(context) for node in self]))
                               ~~~~~~~~~~~~~~~~~~~~~^^^^^^^^^
  File "D:\Web Applications\training_institute\venv\Lib\site-packages\django\template\base.py", line 1052, in render_annotated
    return self.render(context)
           ~~~~~~~~~~~^^^^^^^^^
  File "D:\Web Applications\training_institute\venv\Lib\site-packages\django\template\loader_tags.py", line 211, in render
    return template.render(context)
           ~~~~~~~~~~~~~~~^^^^^^^^^
  File "D:\Web Applications\training_institute\venv\Lib\site-packages\django\template\base.py", line 176, in render
    return self._render(context)
           ~~~~~~~~~~~~^^^^^^^^^
  File "D:\Web Applications\training_institute\venv\Lib\site-packages\django\template\base.py", line 166, in _render
    return self.nodelist.render(context)
           ~~~~~~~~~~~~~~~~~~~~^^^^^^^^^
  File "D:\Web Applications\training_institute\venv\Lib\site-packages\django\template\base.py", line 1091, in render
    return SafeString("".join([node.render_annotated(context) for node in self]))
                               ~~~~~~~~~~~~~~~~~~~~~^^^^^^^^^
  File "D:\Web Applications\training_institute\venv\Lib\site-packages\django\template\base.py", line 1052, in render_annotated
    return self.render(context)
           ~~~~~~~~~~~^^^^^^^^^
  File "D:\Web Applications\training_institute\venv\Lib\site-packages\django\template\loader_tags.py", line 211, in render
    return template.render(context)
           ~~~~~~~~~~~~~~~^^^^^^^^^
  File "D:\Web Applications\training_institute\venv\Lib\site-packages\django\template\base.py", line 176, in render
    return self._render(context)
           ~~~~~~~~~~~~^^^^^^^^^
  File "D:\Web Applications\training_institute\venv\Lib\site-packages\django\template\base.py", line 166, in _render
    return self.nodelist.render(context)
           ~~~~~~~~~~~~~~~~~~~~^^^^^^^^^
  File "D:\Web Applications\training_institute\venv\Lib\site-packages\django\template\base.py", line 1091, in render
    return SafeString("".join([node.render_annotated(context) for node in self]))
                               ~~~~~~~~~~~~~~~~~~~~~^^^^^^^^^
  File "D:\Web Applications\training_institute\venv\Lib\site-packages\django\template\base.py", line 1052, in render_annotated
    return self.render(context)
           ~~~~~~~~~~~^^^^^^^^^
  File "D:\Web Applications\training_institute\venv\Lib\site-packages\django\template\loader_tags.py", line 211, in render
    return template.render(context)
           ~~~~~~~~~~~~~~~^^^^^^^^^
  File "D:\Web Applications\training_institute\venv\Lib\site-packages\django\template\base.py", line 176, in render
    return self._render(context)
           ~~~~~~~~~~~~^^^^^^^^^
  File "D:\Web Applications\training_institute\venv\Lib\site-packages\django\template\base.py", line 166, in _render
    return self.nodelist.render(context)
           ~~~~~~~~~~~~~~~~~~~~^^^^^^^^^
  File "D:\Web Applications\training_institute\venv\Lib\site-packages\django\template\base.py", line 1091, in render
    return SafeString("".join([node.render_annotated(context) for node in self]))
                               ~~~~~~~~~~~~~~~~~~~~~^^^^^^^^^
  File "D:\Web Applications\training_institute\venv\Lib\site-packages\django\template\base.py", line 1052, in render_annotated
    return self.render(context)
           ~~~~~~~~~~~^^^^^^^^^
  File "D:\Web Applications\training_institute\venv\Lib\site-packages\django\template\loader_tags.py", line 211, in render
    return template.render(context)
           ~~~~~~~~~~~~~~~^^^^^^^^^
  File "D:\Web Applications\training_institute\venv\Lib\site-packages\django\template\base.py", line 176, in render
    return self._render(context)
           ~~~~~~~~~~~~^^^^^^^^^
  File "D:\Web Applications\training_institute\venv\Lib\site-packages\django\template\base.py", line 166, in _render
    return self.nodelist.render(context)
           ~~~~~~~~~~~~~~~~~~~~^^^^^^^^^
  File "D:\Web Applications\training_institute\venv\Lib\site-packages\django\template\base.py", line 1091, in render
    return SafeString("".join([node.render_annotated(context) for node in self]))
                               ~~~~~~~~~~~~~~~~~~~~~^^^^^^^^^
  File "D:\Web Applications\training_institute\venv\Lib\site-packages\django\template\base.py", line 1052, in render_annotated
    return self.render(context)
           ~~~~~~~~~~~^^^^^^^^^
  File "D:\Web Applications\training_institute\venv\Lib\site-packages\django\template\loader_tags.py", line 211, in render
    return template.render(context)
           ~~~~~~~~~~~~~~~^^^^^^^^^
  File "D:\Web Applications\training_institute\venv\Lib\site-packages\django\template\base.py", line 176, in render
    return self._render(context)
           ~~~~~~~~~~~~^^^^^^^^^
  File "D:\Web Applications\training_institute\venv\Lib\site-packages\django\template\base.py", line 166, in _render
    return self.nodelist.render(context)
           ~~~~~~~~~~~~~~~~~~~~^^^^^^^^^
  File "D:\Web Applications\training_institute\venv\Lib\site-packages\django\template\base.py", line 1091, in render
    return SafeString("".join([node.render_annotated(context) for node in self]))
                               ~~~~~~~~~~~~~~~~~~~~~^^^^^^^^^
  File "D:\Web Applications\training_institute\venv\Lib\site-packages\django\template\base.py", line 1052, in render_annotated
    return self.render(context)
           ~~~~~~~~~~~^^^^^^^^^
  File "D:\Web Applications\training_institute\venv\Lib\site-packages\django\template\loader_tags.py", line 211, in render
    return template.render(context)
           ~~~~~~~~~~~~~~~^^^^^^^^^
  File "D:\Web Applications\training_institute\venv\Lib\site-packages\django\template\base.py", line 176, in render
    return self._render(context)
           ~~~~~~~~~~~~^^^^^^^^^
  File "D:\Web Applications\training_institute\venv\Lib\site-packages\django\template\base.py", line 166, in _render
    return self.nodelist.render(context)
           ~~~~~~~~~~~~~~~~~~~~^^^^^^^^^
  File "D:\Web Applications\training_institute\venv\Lib\site-packages\django\template\base.py", line 1091, in render
    return SafeString("".join([node.render_annotated(context) for node in self]))
                               ~~~~~~~~~~~~~~~~~~~~~^^^^^^^^^
  File "D:\Web Applications\training_institute\venv\Lib\site-packages\django\template\base.py", line 1052, in render_annotated
    return self.render(context)
           ~~~~~~~~~~~^^^^^^^^^
  File "D:\Web Applications\training_institute\venv\Lib\site-packages\django\template\loader_tags.py", line 211, in render
    return template.render(context)
           ~~~~~~~~~~~~~~~^^^^^^^^^
  File "D:\Web Applications\training_institute\venv\Lib\site-packages\django\template\base.py", line 176, in render
    return self._render(context)
           ~~~~~~~~~~~~^^^^^^^^^
  File "D:\Web Applications\training_institute\venv\Lib\site-packages\django\template\base.py", line 166, in _render
    return self.nodelist.render(context)
           ~~~~~~~~~~~~~~~~~~~~^^^^^^^^^
  File "D:\Web Applications\training_institute\venv\Lib\site-packages\django\template\base.py", line 1091, in render
    return SafeString("".join([node.render_annotated(context) for node in self]))
                               ~~~~~~~~~~~~~~~~~~~~~^^^^^^^^^
  File "D:\Web Applications\training_institute\venv\Lib\site-packages\django\template\base.py", line 1052, in render_annotated
    return self.render(context)
           ~~~~~~~~~~~^^^^^^^^^
  File "D:\Web Applications\training_institute\venv\Lib\site-packages\django\template\loader_tags.py", line 211, in render
    return template.render(context)
           ~~~~~~~~~~~~~~~^^^^^^^^^
  File "D:\Web Applications\training_institute\venv\Lib\site-packages\django\template\base.py", line 176, in render
    return self._render(context)
           ~~~~~~~~~~~~^^^^^^^^^
  File "D:\Web Applications\training_institute\venv\Lib\site-packages\django\template\base.py", line 166, in _render
    return self.nodelist.render(context)
           ~~~~~~~~~~~~~~~~~~~~^^^^^^^^^
  File "D:\Web Applications\training_institute\venv\Lib\site-packages\django\template\base.py", line 1091, in render
    return SafeString("".join([node.render_annotated(context) for node in self]))
                               ~~~~~~~~~~~~~~~~~~~~~^^^^^^^^^
  File "D:\Web Applications\training_institute\venv\Lib\site-packages\django\template\base.py", line 1052, in render_annotated
    return self.render(context)
           ~~~~~~~~~~~^^^^^^^^^
  File "D:\Web Applications\training_institute\venv\Lib\site-packages\django\template\loader_tags.py", line 211, in render
    return template.render(context)
           ~~~~~~~~~~~~~~~^^^^^^^^^
  File "D:\Web Applications\training_institute\venv\Lib\site-packages\django\template\base.py", line 176, in render
    return self._render(context)
           ~~~~~~~~~~~~^^^^^^^^^
  File "D:\Web Applications\training_institute\venv\Lib\site-packages\django\template\base.py", line 166, in _render
    return self.nodelist.render(context)
           ~~~~~~~~~~~~~~~~~~~~^^^^^^^^^
  File "D:\Web Applications\training_institute\venv\Lib\site-packages\django\template\base.py", line 1091, in render
    return SafeString("".join([node.render_annotated(context) for node in self]))
                               ~~~~~~~~~~~~~~~~~~~~~^^^^^^^^^
  File "D:\Web Applications\training_institute\venv\Lib\site-packages\django\template\base.py", line 1052, in render_annotated
    return self.render(context)
           ~~~~~~~~~~~^^^^^^^^^
  File "D:\Web Applications\training_institute\venv\Lib\site-packages\django\template\loader_tags.py", line 211, in render
    return template.render(context)
           ~~~~~~~~~~~~~~~^^^^^^^^^
  File "D:\Web Applications\training_institute\venv\Lib\site-packages\django\template\base.py", line 176, in render
    return self._render(context)
           ~~~~~~~~~~~~^^^^^^^^^
  File "D:\Web Applications\training_institute\venv\Lib\site-packages\django\template\base.py", line 166, in _render
    return self.nodelist.render(context)
           ~~~~~~~~~~~~~~~~~~~~^^^^^^^^^
  File "D:\Web Applications\training_institute\venv\Lib\site-packages\django\template\base.py", line 1091, in render
    return SafeString("".join([node.render_annotated(context) for node in self]))
                               ~~~~~~~~~~~~~~~~~~~~~^^^^^^^^^
  File "D:\Web Applications\training_institute\venv\Lib\site-packages\django\template\base.py", line 1052, in render_annotated
    return self.render(context)
           ~~~~~~~~~~~^^^^^^^^^
  File "D:\Web Applications\training_institute\venv\Lib\site-packages\django\template\loader_tags.py", line 211, in render
    return template.render(context)
           ~~~~~~~~~~~~~~~^^^^^^^^^
  File "D:\Web Applications\training_institute\venv\Lib\site-packages\django\template\base.py", line 176, in render
    return self._render(context)
           ~~~~~~~~~~~~^^^^^^^^^
  File "D:\Web Applications\training_institute\venv\Lib\site-packages\django\template\base.py", line 166, in _render
    return self.nodelist.render(context)
           ~~~~~~~~~~~~~~~~~~~~^^^^^^^^^
  File "D:\Web Applications\training_institute\venv\Lib\site-packages\django\template\base.py", line 1091, in render
    return SafeString("".join([node.render_annotated(context) for node in self]))
                               ~~~~~~~~~~~~~~~~~~~~~^^^^^^^^^
  File "D:\Web Applications\training_institute\venv\Lib\site-packages\django\template\base.py", line 1052, in render_annotated
    return self.render(context)
           ~~~~~~~~~~~^^^^^^^^^
  File "D:\Web Applications\training_institute\venv\Lib\site-packages\django\template\loader_tags.py", line 211, in render
    return template.render(context)
           ~~~~~~~~~~~~~~~^^^^^^^^^
  File "D:\Web Applications\training_institute\venv\Lib\site-packages\django\template\base.py", line 176, in render
    return self._render(context)
           ~~~~~~~~~~~~^^^^^^^^^
  File "D:\Web Applications\training_institute\venv\Lib\site-packages\django\template\base.py", line 166, in _render
    return self.nodelist.render(context)
           ~~~~~~~~~~~~~~~~~~~~^^^^^^^^^
  File "D:\Web Applications\training_institute\venv\Lib\site-packages\django\template\base.py", line 1091, in render
    return SafeString("".join([node.render_annotated(context) for node in self]))
                               ~~~~~~~~~~~~~~~~~~~~~^^^^^^^^^
  File "D:\Web Applications\training_institute\venv\Lib\site-packages\django\template\base.py", line 1052, in render_annotated
    return self.render(context)
           ~~~~~~~~~~~^^^^^^^^^
  File "D:\Web Applications\training_institute\venv\Lib\site-packages\django\template\loader_tags.py", line 211, in render
    return template.render(context)
           ~~~~~~~~~~~~~~~^^^^^^^^^
  File "D:\Web Applications\training_institute\venv\Lib\site-packages\django\template\base.py", line 176, in render
    return self._render(context)
           ~~~~~~~~~~~~^^^^^^^^^
  File "D:\Web Applications\training_institute\venv\Lib\site-packages\django\template\base.py", line 166, in _render
    return self.nodelist.render(context)
           ~~~~~~~~~~~~~~~~~~~~^^^^^^^^^
  File "D:\Web Applications\training_institute\venv\Lib\site-packages\django\template\base.py", line 1091, in render
    return SafeString("".join([node.render_annotated(context) for node in self]))
                               ~~~~~~~~~~~~~~~~~~~~~^^^^^^^^^
  File "D:\Web Applications\training_institute\venv\Lib\site-packages\django\template\base.py", line 1052, in render_annotated
    return self.render(context)
           ~~~~~~~~~~~^^^^^^^^^
  File "D:\Web Applications\training_institute\venv\Lib\site-packages\django\template\loader_tags.py", line 211, in render
    return template.render(context)
           ~~~~~~~~~~~~~~~^^^^^^^^^
  File "D:\Web Applications\training_institute\venv\Lib\site-packages\django\template\base.py", line 176, in render
    return self._render(context)
           ~~~~~~~~~~~~^^^^^^^^^
  File "D:\Web Applications\training_institute\venv\Lib\site-packages\django\template\base.py", line 166, in _render
    return self.nodelist.render(context)
           ~~~~~~~~~~~~~~~~~~~~^^^^^^^^^
  File "D:\Web Applications\training_institute\venv\Lib\site-packages\django\template\base.py", line 1091, in render
    return SafeString("".join([node.render_annotated(context) for node in self]))
                               ~~~~~~~~~~~~~~~~~~~~~^^^^^^^^^
  File "D:\Web Applications\training_institute\venv\Lib\site-packages\django\template\base.py", line 1052, in render_annotated
    return self.render(context)
           ~~~~~~~~~~~^^^^^^^^^
  File "D:\Web Applications\training_institute\venv\Lib\site-packages\django\template\loader_tags.py", line 211, in render
    return template.render(context)
           ~~~~~~~~~~~~~~~^^^^^^^^^
  File "D:\Web Applications\training_institute\venv\Lib\site-packages\django\template\base.py", line 176, in render
    return self._render(context)
           ~~~~~~~~~~~~^^^^^^^^^
  File "D:\Web Applications\training_institute\venv\Lib\site-packages\django\template\base.py", line 166, in _render
    return self.nodelist.render(context)
           ~~~~~~~~~~~~~~~~~~~~^^^^^^^^^
  File "D:\Web Applications\training_institute\venv\Lib\site-packages\django\template\base.py", line 1091, in render
    return SafeString("".join([node.render_annotated(context) for node in self]))
                               ~~~~~~~~~~~~~~~~~~~~~^^^^^^^^^
  File "D:\Web Applications\training_institute\venv\Lib\site-packages\django\template\base.py", line 1052, in render_annotated
    return self.render(context)
           ~~~~~~~~~~~^^^^^^^^^
  File "D:\Web Applications\training_institute\venv\Lib\site-packages\django\template\loader_tags.py", line 211, in render
    return template.render(context)
           ~~~~~~~~~~~~~~~^^^^^^^^^
  File "D:\Web Applications\training_institute\venv\Lib\site-packages\django\template\base.py", line 176, in render
    return self._render(context)
           ~~~~~~~~~~~~^^^^^^^^^
  File "D:\Web Applications\training_institute\venv\Lib\site-packages\django\template\base.py", line 166, in _render
    return self.nodelist.render(context)
           ~~~~~~~~~~~~~~~~~~~~^^^^^^^^^
  File "D:\Web Applications\training_institute\venv\Lib\site-packages\django\template\base.py", line 1091, in render
    return SafeString("".join([node.render_annotated(context) for node in self]))
                               ~~~~~~~~~~~~~~~~~~~~~^^^^^^^^^
  File "D:\Web Applications\training_institute\venv\Lib\site-packages\django\template\base.py", line 1052, in render_annotated
    return self.render(context)
           ~~~~~~~~~~~^^^^^^^^^
  File "D:\Web Applications\training_institute\venv\Lib\site-packages\django\template\loader_tags.py", line 211, in render
    return template.render(context)
           ~~~~~~~~~~~~~~~^^^^^^^^^
  File "D:\Web Applications\training_institute\venv\Lib\site-packages\django\template\base.py", line 176, in render
    return self._render(context)
           ~~~~~~~~~~~~^^^^^^^^^
  File "D:\Web Applications\training_institute\venv\Lib\site-packages\django\template\base.py", line 166, in _render
    return self.nodelist.render(context)
           ~~~~~~~~~~~~~~~~~~~~^^^^^^^^^
  File "D:\Web Applications\training_institute\venv\Lib\site-packages\django\template\base.py", line 1091, in render
    return SafeString("".join([node.render_annotated(context) for node in self]))
                               ~~~~~~~~~~~~~~~~~~~~~^^^^^^^^^
  File "D:\Web Applications\training_institute\venv\Lib\site-packages\django\template\base.py", line 1052, in render_annotated
    return self.render(context)
           ~~~~~~~~~~~^^^^^^^^^
  File "D:\Web Applications\training_institute\venv\Lib\site-packages\django\template\loader_tags.py", line 211, in render
    return template.render(context)
           ~~~~~~~~~~~~~~~^^^^^^^^^
  File "D:\Web Applications\training_institute\venv\Lib\site-packages\django\template\base.py", line 176, in render
    return self._render(context)
           ~~~~~~~~~~~~^^^^^^^^^
  File "D:\Web Applications\training_institute\venv\Lib\site-packages\django\template\base.py", line 166, in _render
    return self.nodelist.render(context)
           ~~~~~~~~~~~~~~~~~~~~^^^^^^^^^
  File "D:\Web Applications\training_institute\venv\Lib\site-packages\django\template\base.py", line 1091, in render
    return SafeString("".join([node.render_annotated(context) for node in self]))
                               ~~~~~~~~~~~~~~~~~~~~~^^^^^^^^^
  File "D:\Web Applications\training_institute\venv\Lib\site-packages\django\template\base.py", line 1052, in render_annotated
    return self.render(context)
           ~~~~~~~~~~~^^^^^^^^^
  File "D:\Web Applications\training_institute\venv\Lib\site-packages\django\template\loader_tags.py", line 211, in render
    return template.render(context)
           ~~~~~~~~~~~~~~~^^^^^^^^^
  File "D:\Web Applications\training_institute\venv\Lib\site-packages\django\template\base.py", line 176, in render
    return self._render(context)
           ~~~~~~~~~~~~^^^^^^^^^
  File "D:\Web Applications\training_institute\venv\Lib\site-packages\django\template\base.py", line 166, in _render
    return self.nodelist.render(context)
           ~~~~~~~~~~~~~~~~~~~~^^^^^^^^^
  File "D:\Web Applications\training_institute\venv\Lib\site-packages\django\template\base.py", line 1091, in render
    return SafeString("".join([node.render_annotated(context) for node in self]))
                               ~~~~~~~~~~~~~~~~~~~~~^^^^^^^^^
  File "D:\Web Applications\training_institute\venv\Lib\site-packages\django\template\base.py", line 1052, in render_annotated
    return self.render(context)
           ~~~~~~~~~~~^^^^^^^^^
  File "D:\Web Applications\training_institute\venv\Lib\site-packages\django\template\loader_tags.py", line 211, in render
    return template.render(context)
           ~~~~~~~~~~~~~~~^^^^^^^^^
  File "D:\Web Applications\training_institute\venv\Lib\site-packages\django\template\base.py", line 176, in render
    return self._render(context)
           ~~~~~~~~~~~~^^^^^^^^^
  File "D:\Web Applications\training_institute\venv\Lib\site-packages\django\template\base.py", line 166, in _render
    return self.nodelist.render(context)
           ~~~~~~~~~~~~~~~~~~~~^^^^^^^^^
  File "D:\Web Applications\training_institute\venv\Lib\site-packages\django\template\base.py", line 1091, in render
    return SafeString("".join([node.render_annotated(context) for node in self]))
                               ~~~~~~~~~~~~~~~~~~~~~^^^^^^^^^
  File "D:\Web Applications\training_institute\venv\Lib\site-packages\django\template\base.py", line 1052, in render_annotated
    return self.render(context)
           ~~~~~~~~~~~^^^^^^^^^
  File "D:\Web Applications\training_institute\venv\Lib\site-packages\django\template\loader_tags.py", line 211, in render
    return template.render(context)
           ~~~~~~~~~~~~~~~^^^^^^^^^
  File "D:\Web Applications\training_institute\venv\Lib\site-packages\django\template\base.py", line 176, in render
    return self._render(context)
           ~~~~~~~~~~~~^^^^^^^^^
  File "D:\Web Applications\training_institute\venv\Lib\site-packages\django\template\base.py", line 166, in _render
    return self.nodelist.render(context)
           ~~~~~~~~~~~~~~~~~~~~^^^^^^^^^
  File "D:\Web Applications\training_institute\venv\Lib\site-packages\django\template\base.py", line 1091, in render
    return SafeString("".join([node.render_annotated(context) for node in self]))
                               ~~~~~~~~~~~~~~~~~~~~~^^^^^^^^^
  File "D:\Web Applications\training_institute\venv\Lib\site-packages\django\template\base.py", line 1052, in render_annotated
    return self.render(context)
           ~~~~~~~~~~~^^^^^^^^^
  File "D:\Web Applications\training_institute\venv\Lib\site-packages\django\template\loader_tags.py", line 211, in render
    return template.render(context)
           ~~~~~~~~~~~~~~~^^^^^^^^^
  File "D:\Web Applications\training_institute\venv\Lib\site-packages\django\template\base.py", line 176, in render
    return self._render(context)
           ~~~~~~~~~~~~^^^^^^^^^
  File "D:\Web Applications\training_institute\venv\Lib\site-packages\django\template\base.py", line 166, in _render
    return self.nodelist.render(context)
           ~~~~~~~~~~~~~~~~~~~~^^^^^^^^^
  File "D:\Web Applications\training_institute\venv\Lib\site-packages\django\template\base.py", line 1091, in render
    return SafeString("".join([node.render_annotated(context) for node in self]))
                               ~~~~~~~~~~~~~~~~~~~~~^^^^^^^^^
  File "D:\Web Applications\training_institute\venv\Lib\site-packages\django\template\base.py", line 1052, in render_annotated
    return self.render(context)
           ~~~~~~~~~~~^^^^^^^^^
  File "D:\Web Applications\training_institute\venv\Lib\site-packages\django\template\loader_tags.py", line 211, in render
    return template.render(context)
           ~~~~~~~~~~~~~~~^^^^^^^^^
  File "D:\Web Applications\training_institute\venv\Lib\site-packages\django\template\base.py", line 176, in render
    return self._render(context)
           ~~~~~~~~~~~~^^^^^^^^^
  File "D:\Web Applications\training_institute\venv\Lib\site-packages\django\template\base.py", line 166, in _render
    return self.nodelist.render(context)
           ~~~~~~~~~~~~~~~~~~~~^^^^^^^^^
  File "D:\Web Applications\training_institute\venv\Lib\site-packages\django\template\base.py", line 1091, in render
    return SafeString("".join([node.render_annotated(context) for node in self]))
                               ~~~~~~~~~~~~~~~~~~~~~^^^^^^^^^
  File "D:\Web Applications\training_institute\venv\Lib\site-packages\django\template\base.py", line 1052, in render_annotated
    return self.render(context)
           ~~~~~~~~~~~^^^^^^^^^
  File "D:\Web Applications\training_institute\venv\Lib\site-packages\django\template\loader_tags.py", line 211, in render
    return template.render(context)
           ~~~~~~~~~~~~~~~^^^^^^^^^
  File "D:\Web Applications\training_institute\venv\Lib\site-packages\django\template\base.py", line 176, in render
    return self._render(context)
           ~~~~~~~~~~~~^^^^^^^^^
  File "D:\Web Applications\training_institute\venv\Lib\site-packages\django\template\base.py", line 166, in _render
    return self.nodelist.render(context)
           ~~~~~~~~~~~~~~~~~~~~^^^^^^^^^
  File "D:\Web Applications\training_institute\venv\Lib\site-packages\django\template\base.py", line 1091, in render
    return SafeString("".join([node.render_annotated(context) for node in self]))
                               ~~~~~~~~~~~~~~~~~~~~~^^^^^^^^^
  File "D:\Web Applications\training_institute\venv\Lib\site-packages\django\template\base.py", line 1052, in render_annotated
    return self.render(context)
           ~~~~~~~~~~~^^^^^^^^^
  File "D:\Web Applications\training_institute\venv\Lib\site-packages\django\template\loader_tags.py", line 211, in render
    return template.render(context)
           ~~~~~~~~~~~~~~~^^^^^^^^^
  File "D:\Web Applications\training_institute\venv\Lib\site-packages\django\template\base.py", line 176, in render
    return self._render(context)
           ~~~~~~~~~~~~^^^^^^^^^
  File "D:\Web Applications\training_institute\venv\Lib\site-packages\django\template\base.py", line 166, in _render
    return self.nodelist.render(context)
           ~~~~~~~~~~~~~~~~~~~~^^^^^^^^^
  File "D:\Web Applications\training_institute\venv\Lib\site-packages\django\template\base.py", line 1091, in render
    return SafeString("".join([node.render_annotated(context) for node in self]))
                               ~~~~~~~~~~~~~~~~~~~~~^^^^^^^^^
  File "D:\Web Applications\training_institute\venv\Lib\site-packages\django\template\base.py", line 1052, in render_annotated
    return self.render(context)
           ~~~~~~~~~~~^^^^^^^^^
  File "D:\Web Applications\training_institute\venv\Lib\site-packages\django\template\loader_tags.py", line 211, in render
    return template.render(context)
           ~~~~~~~~~~~~~~~^^^^^^^^^
  File "D:\Web Applications\training_institute\venv\Lib\site-packages\django\template\base.py", line 176, in render
    return self._render(context)
           ~~~~~~~~~~~~^^^^^^^^^
  File "D:\Web Applications\training_institute\venv\Lib\site-packages\django\template\base.py", line 166, in _render
    return self.nodelist.render(context)
           ~~~~~~~~~~~~~~~~~~~~^^^^^^^^^
  File "D:\Web Applications\training_institute\venv\Lib\site-packages\django\template\base.py", line 1091, in render
    return SafeString("".join([node.render_annotated(context) for node in self]))
                               ~~~~~~~~~~~~~~~~~~~~~^^^^^^^^^
  File "D:\Web Applications\training_institute\venv\Lib\site-packages\django\template\base.py", line 1052, in render_annotated
    return self.render(context)
           ~~~~~~~~~~~^^^^^^^^^
  File "D:\Web Applications\training_institute\venv\Lib\site-packages\django\template\loader_tags.py", line 211, in render
    return template.render(context)
           ~~~~~~~~~~~~~~~^^^^^^^^^
  File "D:\Web Applications\training_institute\venv\Lib\site-packages\django\template\base.py", line 176, in render
    return self._render(context)
           ~~~~~~~~~~~~^^^^^^^^^
  File "D:\Web Applications\training_institute\venv\Lib\site-packages\django\template\base.py", line 166, in _render
    return self.nodelist.render(context)
           ~~~~~~~~~~~~~~~~~~~~^^^^^^^^^
  File "D:\Web Applications\training_institute\venv\Lib\site-packages\django\template\base.py", line 1091, in render
    return SafeString("".join([node.render_annotated(context) for node in self]))
                               ~~~~~~~~~~~~~~~~~~~~~^^^^^^^^^
  File "D:\Web Applications\training_institute\venv\Lib\site-packages\django\template\base.py", line 1052, in render_annotated
    return self.render(context)
           ~~~~~~~~~~~^^^^^^^^^
  File "D:\Web Applications\training_institute\venv\Lib\site-packages\django\template\loader_tags.py", line 211, in render
    return template.render(context)
           ~~~~~~~~~~~~~~~^^^^^^^^^
  File "D:\Web Applications\training_institute\venv\Lib\site-packages\django\template\base.py", line 176, in render
    return self._render(context)
           ~~~~~~~~~~~~^^^^^^^^^
  File "D:\Web Applications\training_institute\venv\Lib\site-packages\django\template\base.py", line 166, in _render
    return self.nodelist.render(context)
           ~~~~~~~~~~~~~~~~~~~~^^^^^^^^^
  File "D:\Web Applications\training_institute\venv\Lib\site-packages\django\template\base.py", line 1091, in render
    return SafeString("".join([node.render_annotated(context) for node in self]))
                               ~~~~~~~~~~~~~~~~~~~~~^^^^^^^^^
  File "D:\Web Applications\training_institute\venv\Lib\site-packages\django\template\base.py", line 1052, in render_annotated
    return self.render(context)
           ~~~~~~~~~~~^^^^^^^^^
  File "D:\Web Applications\training_institute\venv\Lib\site-packages\django\template\loader_tags.py", line 211, in render
    return template.render(context)
           ~~~~~~~~~~~~~~~^^^^^^^^^
  File "D:\Web Applications\training_institute\venv\Lib\site-packages\django\template\base.py", line 176, in render
    return self._render(context)
           ~~~~~~~~~~~~^^^^^^^^^
  File "D:\Web Applications\training_institute\venv\Lib\site-packages\django\template\base.py", line 166, in _render
    return self.nodelist.render(context)
           ~~~~~~~~~~~~~~~~~~~~^^^^^^^^^
  File "D:\Web Applications\training_institute\venv\Lib\site-packages\django\template\base.py", line 1091, in render
    return SafeString("".join([node.render_annotated(context) for node in self]))
                               ~~~~~~~~~~~~~~~~~~~~~^^^^^^^^^
  File "D:\Web Applications\training_institute\venv\Lib\site-packages\django\template\base.py", line 1052, in render_annotated
    return self.render(context)
           ~~~~~~~~~~~^^^^^^^^^
  File "D:\Web Applications\training_institute\venv\Lib\site-packages\django\template\loader_tags.py", line 211, in render
    return template.render(context)
           ~~~~~~~~~~~~~~~^^^^^^^^^
  File "D:\Web Applications\training_institute\venv\Lib\site-packages\django\template\base.py", line 176, in render
    return self._render(context)
           ~~~~~~~~~~~~^^^^^^^^^
  File "D:\Web Applications\training_institute\venv\Lib\site-packages\django\template\base.py", line 166, in _render
    return self.nodelist.render(context)
           ~~~~~~~~~~~~~~~~~~~~^^^^^^^^^
  File "D:\Web Applications\training_institute\venv\Lib\site-packages\django\template\base.py", line 1091, in render
    return SafeString("".join([node.render_annotated(context) for node in self]))
                               ~~~~~~~~~~~~~~~~~~~~~^^^^^^^^^
  File "D:\Web Applications\training_institute\venv\Lib\site-packages\django\template\base.py", line 1052, in render_annotated
    return self.render(context)
           ~~~~~~~~~~~^^^^^^^^^
  File "D:\Web Applications\training_institute\venv\Lib\site-packages\django\template\loader_tags.py", line 211, in render
    return template.render(context)
           ~~~~~~~~~~~~~~~^^^^^^^^^
  File "D:\Web Applications\training_institute\venv\Lib\site-packages\django\template\base.py", line 176, in render
    return self._render(context)
           ~~~~~~~~~~~~^^^^^^^^^
  File "D:\Web Applications\training_institute\venv\Lib\site-packages\django\template\base.py", line 166, in _render
    return self.nodelist.render(context)
           ~~~~~~~~~~~~~~~~~~~~^^^^^^^^^
  File "D:\Web Applications\training_institute\venv\Lib\site-packages\django\template\base.py", line 1091, in render
    return SafeString("".join([node.render_annotated(context) for node in self]))
                               ~~~~~~~~~~~~~~~~~~~~~^^^^^^^^^
  File "D:\Web Applications\training_institute\venv\Lib\site-packages\django\template\base.py", line 1052, in render_annotated
    return self.render(context)
           ~~~~~~~~~~~^^^^^^^^^
  File "D:\Web Applications\training_institute\venv\Lib\site-packages\django\template\loader_tags.py", line 211, in render
    return template.render(context)
           ~~~~~~~~~~~~~~~^^^^^^^^^
  File "D:\Web Applications\training_institute\venv\Lib\site-packages\django\template\base.py", line 176, in render
    return self._render(context)
           ~~~~~~~~~~~~^^^^^^^^^
  File "D:\Web Applications\training_institute\venv\Lib\site-packages\django\template\base.py", line 166, in _render
    return self.nodelist.render(context)
           ~~~~~~~~~~~~~~~~~~~~^^^^^^^^^
  File "D:\Web Applications\training_institute\venv\Lib\site-packages\django\template\base.py", line 1091, in render
    return SafeString("".join([node.render_annotated(context) for node in self]))
                               ~~~~~~~~~~~~~~~~~~~~~^^^^^^^^^
  File "D:\Web Applications\training_institute\venv\Lib\site-packages\django\template\base.py", line 1052, in render_annotated
    return self.render(context)
           ~~~~~~~~~~~^^^^^^^^^
  File "D:\Web Applications\training_institute\venv\Lib\site-packages\django\template\loader_tags.py", line 211, in render
    return template.render(context)
           ~~~~~~~~~~~~~~~^^^^^^^^^
  File "D:\Web Applications\training_institute\venv\Lib\site-packages\django\template\base.py", line 176, in render
    return self._render(context)
           ~~~~~~~~~~~~^^^^^^^^^
  File "D:\Web Applications\training_institute\venv\Lib\site-packages\django\template\base.py", line 166, in _render
    return self.nodelist.render(context)
           ~~~~~~~~~~~~~~~~~~~~^^^^^^^^^
  File "D:\Web Applications\training_institute\venv\Lib\site-packages\django\template\base.py", line 1091, in render
    return SafeString("".join([node.render_annotated(context) for node in self]))
                               ~~~~~~~~~~~~~~~~~~~~~^^^^^^^^^
  File "D:\Web Applications\training_institute\venv\Lib\site-packages\django\template\base.py", line 1052, in render_annotated
    return self.render(context)
           ~~~~~~~~~~~^^^^^^^^^
  File "D:\Web Applications\training_institute\venv\Lib\site-packages\django\template\loader_tags.py", line 211, in render
    return template.render(context)
           ~~~~~~~~~~~~~~~^^^^^^^^^
  File "D:\Web Applications\training_institute\venv\Lib\site-packages\django\template\base.py", line 176, in render
    return self._render(context)
           ~~~~~~~~~~~~^^^^^^^^^
  File "D:\Web Applications\training_institute\venv\Lib\site-packages\django\template\base.py", line 166, in _render
    return self.nodelist.render(context)
           ~~~~~~~~~~~~~~~~~~~~^^^^^^^^^
  File "D:\Web Applications\training_institute\venv\Lib\site-packages\django\template\base.py", line 1091, in render
    return SafeString("".join([node.render_annotated(context) for node in self]))
                               ~~~~~~~~~~~~~~~~~~~~~^^^^^^^^^
  File "D:\Web Applications\training_institute\venv\Lib\site-packages\django\template\base.py", line 1052, in render_annotated
    return self.render(context)
           ~~~~~~~~~~~^^^^^^^^^
  File "D:\Web Applications\training_institute\venv\Lib\site-packages\django\template\loader_tags.py", line 211, in render
    return template.render(context)
           ~~~~~~~~~~~~~~~^^^^^^^^^
  File "D:\Web Applications\training_institute\venv\Lib\site-packages\django\template\base.py", line 176, in render
    return self._render(context)
           ~~~~~~~~~~~~^^^^^^^^^
  File "D:\Web Applications\training_institute\venv\Lib\site-packages\django\template\base.py", line 166, in _render
    return self.nodelist.render(context)
           ~~~~~~~~~~~~~~~~~~~~^^^^^^^^^
  File "D:\Web Applications\training_institute\venv\Lib\site-packages\django\template\base.py", line 1091, in render
    return SafeString("".join([node.render_annotated(context) for node in self]))
                               ~~~~~~~~~~~~~~~~~~~~~^^^^^^^^^
  File "D:\Web Applications\training_institute\venv\Lib\site-packages\django\template\base.py", line 1052, in render_annotated
    return self.render(context)
           ~~~~~~~~~~~^^^^^^^^^
  File "D:\Web Applications\training_institute\venv\Lib\site-packages\django\template\loader_tags.py", line 211, in render
    return template.render(context)
           ~~~~~~~~~~~~~~~^^^^^^^^^
  File "D:\Web Applications\training_institute\venv\Lib\site-packages\django\template\base.py", line 176, in render
    return self._render(context)
           ~~~~~~~~~~~~^^^^^^^^^
  File "D:\Web Applications\training_institute\venv\Lib\site-packages\django\template\base.py", line 166, in _render
    return self.nodelist.render(context)
           ~~~~~~~~~~~~~~~~~~~~^^^^^^^^^
  File "D:\Web Applications\training_institute\venv\Lib\site-packages\django\template\base.py", line 1091, in render
    return SafeString("".join([node.render_annotated(context) for node in self]))
                               ~~~~~~~~~~~~~~~~~~~~~^^^^^^^^^
  File "D:\Web Applications\training_institute\venv\Lib\site-packages\django\template\base.py", line 1052, in render_annotated
    return self.render(context)
           ~~~~~~~~~~~^^^^^^^^^
  File "D:\Web Applications\training_institute\venv\Lib\site-packages\django\template\loader_tags.py", line 211, in render
    return template.render(context)
           ~~~~~~~~~~~~~~~^^^^^^^^^
  File "D:\Web Applications\training_institute\venv\Lib\site-packages\django\template\base.py", line 176, in render
    return self._render(context)
           ~~~~~~~~~~~~^^^^^^^^^
  File "D:\Web Applications\training_institute\venv\Lib\site-packages\django\template\base.py", line 166, in _render
    return self.nodelist.render(context)
           ~~~~~~~~~~~~~~~~~~~~^^^^^^^^^
  File "D:\Web Applications\training_institute\venv\Lib\site-packages\django\template\base.py", line 1091, in render
    return SafeString("".join([node.render_annotated(context) for node in self]))
                               ~~~~~~~~~~~~~~~~~~~~~^^^^^^^^^
  File "D:\Web Applications\training_institute\venv\Lib\site-packages\django\template\base.py", line 1052, in render_annotated
    return self.render(context)
           ~~~~~~~~~~~^^^^^^^^^
  File "D:\Web Applications\training_institute\venv\Lib\site-packages\django\template\loader_tags.py", line 211, in render
    return template.render(context)
           ~~~~~~~~~~~~~~~^^^^^^^^^
  File "D:\Web Applications\training_institute\venv\Lib\site-packages\django\template\base.py", line 176, in render
    return self._render(context)
           ~~~~~~~~~~~~^^^^^^^^^
  File "D:\Web Applications\training_institute\venv\Lib\site-packages\django\template\base.py", line 166, in _render
    return self.nodelist.render(context)
           ~~~~~~~~~~~~~~~~~~~~^^^^^^^^^
  File "D:\Web Applications\training_institute\venv\Lib\site-packages\django\template\base.py", line 1091, in render
    return SafeString("".join([node.render_annotated(context) for node in self]))
                               ~~~~~~~~~~~~~~~~~~~~~^^^^^^^^^
  File "D:\Web Applications\training_institute\venv\Lib\site-packages\django\template\base.py", line 1052, in render_annotated
    return self.render(context)
           ~~~~~~~~~~~^^^^^^^^^
  File "D:\Web Applications\training_institute\venv\Lib\site-packages\django\template\loader_tags.py", line 211, in render
    return template.render(context)
           ~~~~~~~~~~~~~~~^^^^^^^^^
  File "D:\Web Applications\training_institute\venv\Lib\site-packages\django\template\base.py", line 176, in render
    return self._render(context)
           ~~~~~~~~~~~~^^^^^^^^^
  File "D:\Web Applications\training_institute\venv\Lib\site-packages\django\template\base.py", line 166, in _render
    return self.nodelist.render(context)
           ~~~~~~~~~~~~~~~~~~~~^^^^^^^^^
  File "D:\Web Applications\training_institute\venv\Lib\site-packages\django\template\base.py", line 1091, in render
    return SafeString("".join([node.render_annotated(context) for node in self]))
                               ~~~~~~~~~~~~~~~~~~~~~^^^^^^^^^
  File "D:\Web Applications\training_institute\venv\Lib\site-packages\django\template\base.py", line 1052, in render_annotated
    return self.render(context)
           ~~~~~~~~~~~^^^^^^^^^
  File "D:\Web Applications\training_institute\venv\Lib\site-packages\django\template\loader_tags.py", line 211, in render
    return template.render(context)
           ~~~~~~~~~~~~~~~^^^^^^^^^
  File "D:\Web Applications\training_institute\venv\Lib\site-packages\django\template\base.py", line 176, in render
    return self._render(context)
           ~~~~~~~~~~~~^^^^^^^^^
  File "D:\Web Applications\training_institute\venv\Lib\site-packages\django\template\base.py", line 166, in _render
    return self.nodelist.render(context)
           ~~~~~~~~~~~~~~~~~~~~^^^^^^^^^
  File "D:\Web Applications\training_institute\venv\Lib\site-packages\django\template\base.py", line 1091, in render
    return SafeString("".join([node.render_annotated(context) for node in self]))
                               ~~~~~~~~~~~~~~~~~~~~~^^^^^^^^^
  File "D:\Web Applications\training_institute\venv\Lib\site-packages\django\template\base.py", line 1052, in render_annotated
    return self.render(context)
           ~~~~~~~~~~~^^^^^^^^^
  File "D:\Web Applications\training_institute\venv\Lib\site-packages\django\template\loader_tags.py", line 211, in render
    return template.render(context)
           ~~~~~~~~~~~~~~~^^^^^^^^^
  File "D:\Web Applications\training_institute\venv\Lib\site-packages\django\template\base.py", line 176, in render
    return self._render(context)
           ~~~~~~~~~~~~^^^^^^^^^
  File "D:\Web Applications\training_institute\venv\Lib\site-packages\django\template\base.py", line 166, in _render
    return self.nodelist.render(context)
           ~~~~~~~~~~~~~~~~~~~~^^^^^^^^^
  File "D:\Web Applications\training_institute\venv\Lib\site-packages\django\template\base.py", line 1091, in render
    return SafeString("".join([node.render_annotated(context) for node in self]))
                               ~~~~~~~~~~~~~~~~~~~~~^^^^^^^^^
  File "D:\Web Applications\training_institute\venv\Lib\site-packages\django\template\base.py", line 1052, in render_annotated
    return self.render(context)
           ~~~~~~~~~~~^^^^^^^^^
  File "D:\Web Applications\training_institute\venv\Lib\site-packages\django\template\loader_tags.py", line 211, in render
    return template.render(context)
           ~~~~~~~~~~~~~~~^^^^^^^^^
  File "D:\Web Applications\training_institute\venv\Lib\site-packages\django\template\base.py", line 176, in render
    return self._render(context)
           ~~~~~~~~~~~~^^^^^^^^^
  File "D:\Web Applications\training_institute\venv\Lib\site-packages\django\template\base.py", line 166, in _render
    return self.nodelist.render(context)
           ~~~~~~~~~~~~~~~~~~~~^^^^^^^^^
  File "D:\Web Applications\training_institute\venv\Lib\site-packages\django\template\base.py", line 1091, in render
    return SafeString("".join([node.render_annotated(context) for node in self]))
                               ~~~~~~~~~~~~~~~~~~~~~^^^^^^^^^
  File "D:\Web Applications\training_institute\venv\Lib\site-packages\django\template\base.py", line 1052, in render_annotated
    return self.render(context)
           ~~~~~~~~~~~^^^^^^^^^
  File "D:\Web Applications\training_institute\venv\Lib\site-packages\django\template\loader_tags.py", line 211, in render
    return template.render(context)
           ~~~~~~~~~~~~~~~^^^^^^^^^
  File "D:\Web Applications\training_institute\venv\Lib\site-packages\django\template\base.py", line 176, in render
    return self._render(context)
           ~~~~~~~~~~~~^^^^^^^^^
  File "D:\Web Applications\training_institute\venv\Lib\site-packages\django\template\base.py", line 166, in _render
    return self.nodelist.render(context)
           ~~~~~~~~~~~~~~~~~~~~^^^^^^^^^
  File "D:\Web Applications\training_institute\venv\Lib\site-packages\django\template\base.py", line 1091, in render
    return SafeString("".join([node.render_annotated(context) for node in self]))
                               ~~~~~~~~~~~~~~~~~~~~~^^^^^^^^^
  File "D:\Web Applications\training_institute\venv\Lib\site-packages\django\template\base.py", line 1052, in render_annotated
    return self.render(context)
           ~~~~~~~~~~~^^^^^^^^^
  File "D:\Web Applications\training_institute\venv\Lib\site-packages\django\template\loader_tags.py", line 211, in render
    return template.render(context)
           ~~~~~~~~~~~~~~~^^^^^^^^^
  File "D:\Web Applications\training_institute\venv\Lib\site-packages\django\template\base.py", line 176, in render
    return self._render(context)
           ~~~~~~~~~~~~^^^^^^^^^
  File "D:\Web Applications\training_institute\venv\Lib\site-packages\django\template\base.py", line 166, in _render
    return self.nodelist.render(context)
           ~~~~~~~~~~~~~~~~~~~~^^^^^^^^^
  File "D:\Web Applications\training_institute\venv\Lib\site-packages\django\template\base.py", line 1091, in render
    return SafeString("".join([node.render_annotated(context) for node in self]))
                               ~~~~~~~~~~~~~~~~~~~~~^^^^^^^^^
  File "D:\Web Applications\training_institute\venv\Lib\site-packages\django\template\base.py", line 1052, in render_annotated
    return self.render(context)
           ~~~~~~~~~~~^^^^^^^^^
  File "D:\Web Applications\training_institute\venv\Lib\site-packages\django\template\loader_tags.py", line 211, in render
    return template.render(context)
           ~~~~~~~~~~~~~~~^^^^^^^^^
  File "D:\Web Applications\training_institute\venv\Lib\site-packages\django\template\base.py", line 176, in render
    return self._render(context)
           ~~~~~~~~~~~~^^^^^^^^^
  File "D:\Web Applications\training_institute\venv\Lib\site-packages\django\template\base.py", line 166, in _render
    return self.nodelist.render(context)
           ~~~~~~~~~~~~~~~~~~~~^^^^^^^^^
  File "D:\Web Applications\training_institute\venv\Lib\site-packages\django\template\base.py", line 1091, in render
    return SafeString("".join([node.render_annotated(context) for node in self]))
                               ~~~~~~~~~~~~~~~~~~~~~^^^^^^^^^
  File "D:\Web Applications\training_institute\venv\Lib\site-packages\django\template\base.py", line 1052, in render_annotated
    return self.render(context)
           ~~~~~~~~~~~^^^^^^^^^
  File "D:\Web Applications\training_institute\venv\Lib\site-packages\django\template\loader_tags.py", line 211, in render
    return template.render(context)
           ~~~~~~~~~~~~~~~^^^^^^^^^
  File "D:\Web Applications\training_institute\venv\Lib\site-packages\django\template\base.py", line 176, in render
    return self._render(context)
           ~~~~~~~~~~~~^^^^^^^^^
  File "D:\Web Applications\training_institute\venv\Lib\site-packages\django\template\base.py", line 166, in _render
    return self.nodelist.render(context)
           ~~~~~~~~~~~~~~~~~~~~^^^^^^^^^
  File "D:\Web Applications\training_institute\venv\Lib\site-packages\django\template\base.py", line 1091, in render
    return SafeString("".join([node.render_annotated(context) for node in self]))
                               ~~~~~~~~~~~~~~~~~~~~~^^^^^^^^^
  File "D:\Web Applications\training_institute\venv\Lib\site-packages\django\template\base.py", line 1052, in render_annotated
    return self.render(context)
           ~~~~~~~~~~~^^^^^^^^^
  File "D:\Web Applications\training_institute\venv\Lib\site-packages\django\template\loader_tags.py", line 211, in render
    return template.render(context)
           ~~~~~~~~~~~~~~~^^^^^^^^^
  File "D:\Web Applications\training_institute\venv\Lib\site-packages\django\template\base.py", line 176, in render
    return self._render(context)
           ~~~~~~~~~~~~^^^^^^^^^
  File "D:\Web Applications\training_institute\venv\Lib\site-packages\django\template\base.py", line 166, in _render
    return self.nodelist.render(context)
           ~~~~~~~~~~~~~~~~~~~~^^^^^^^^^
  File "D:\Web Applications\training_institute\venv\Lib\site-packages\django\template\base.py", line 1091, in render
    return SafeString("".join([node.render_annotated(context) for node in self]))
                               ~~~~~~~~~~~~~~~~~~~~~^^^^^^^^^
  File "D:\Web Applications\training_institute\venv\Lib\site-packages\django\template\base.py", line 1052, in render_annotated
    return self.render(context)
           ~~~~~~~~~~~^^^^^^^^^
  File "D:\Web Applications\training_institute\venv\Lib\site-packages\django\template\loader_tags.py", line 211, in render
    return template.render(context)
           ~~~~~~~~~~~~~~~^^^^^^^^^
  File "D:\Web Applications\training_institute\venv\Lib\site-packages\django\template\base.py", line 176, in render
    return self._render(context)
           ~~~~~~~~~~~~^^^^^^^^^
  File "D:\Web Applications\training_institute\venv\Lib\site-packages\django\template\base.py", line 166, in _render
    return self.nodelist.render(context)
           ~~~~~~~~~~~~~~~~~~~~^^^^^^^^^
  File "D:\Web Applications\training_institute\venv\Lib\site-packages\django\template\base.py", line 1091, in render
    return SafeString("".join([node.render_annotated(context) for node in self]))
                               ~~~~~~~~~~~~~~~~~~~~~^^^^^^^^^
  File "D:\Web Applications\training_institute\venv\Lib\site-packages\django\template\base.py", line 1052, in render_annotated
    return self.render(context)
           ~~~~~~~~~~~^^^^^^^^^
  File "D:\Web Applications\training_institute\venv\Lib\site-packages\django\template\loader_tags.py", line 211, in render
    return template.render(context)
           ~~~~~~~~~~~~~~~^^^^^^^^^
  File "D:\Web Applications\training_institute\venv\Lib\site-packages\django\template\base.py", line 176, in render
    return self._render(context)
           ~~~~~~~~~~~~^^^^^^^^^
  File "D:\Web Applications\training_institute\venv\Lib\site-packages\django\template\base.py", line 166, in _render
    return self.nodelist.render(context)
           ~~~~~~~~~~~~~~~~~~~~^^^^^^^^^
  File "D:\Web Applications\training_institute\venv\Lib\site-packages\django\template\base.py", line 1091, in render
    return SafeString("".join([node.render_annotated(context) for node in self]))
                               ~~~~~~~~~~~~~~~~~~~~~^^^^^^^^^
  File "D:\Web Applications\training_institute\venv\Lib\site-packages\django\template\base.py", line 1052, in render_annotated
    return self.render(context)
           ~~~~~~~~~~~^^^^^^^^^
  File "D:\Web Applications\training_institute\venv\Lib\site-packages\django\template\loader_tags.py", line 211, in render
    return template.render(context)
           ~~~~~~~~~~~~~~~^^^^^^^^^
  File "D:\Web Applications\training_institute\venv\Lib\site-packages\django\template\base.py", line 176, in render
    return self._render(context)
           ~~~~~~~~~~~~^^^^^^^^^
  File "D:\Web Applications\training_institute\venv\Lib\site-packages\django\template\base.py", line 166, in _render
    return self.nodelist.render(context)
           ~~~~~~~~~~~~~~~~~~~~^^^^^^^^^
  File "D:\Web Applications\training_institute\venv\Lib\site-packages\django\template\base.py", line 1091, in render
    return SafeString("".join([node.render_annotated(context) for node in self]))
                               ~~~~~~~~~~~~~~~~~~~~~^^^^^^^^^
  File "D:\Web Applications\training_institute\venv\Lib\site-packages\django\template\base.py", line 1052, in render_annotated
    return self.render(context)
           ~~~~~~~~~~~^^^^^^^^^
  File "D:\Web Applications\training_institute\venv\Lib\site-packages\django\template\loader_tags.py", line 211, in render
    return template.render(context)
           ~~~~~~~~~~~~~~~^^^^^^^^^
  File "D:\Web Applications\training_institute\venv\Lib\site-packages\django\template\base.py", line 176, in render
    return self._render(context)
           ~~~~~~~~~~~~^^^^^^^^^
  File "D:\Web Applications\training_institute\venv\Lib\site-packages\django\template\base.py", line 166, in _render
    return self.nodelist.render(context)
           ~~~~~~~~~~~~~~~~~~~~^^^^^^^^^
  File "D:\Web Applications\training_institute\venv\Lib\site-packages\django\template\base.py", line 1091, in render
    return SafeString("".join([node.render_annotated(context) for node in self]))
                               ~~~~~~~~~~~~~~~~~~~~~^^^^^^^^^
  File "D:\Web Applications\training_institute\venv\Lib\site-packages\django\template\base.py", line 1052, in render_annotated
    return self.render(context)
           ~~~~~~~~~~~^^^^^^^^^
  File "D:\Web Applications\training_institute\venv\Lib\site-packages\django\template\loader_tags.py", line 211, in render
    return template.render(context)
           ~~~~~~~~~~~~~~~^^^^^^^^^
  File "D:\Web Applications\training_institute\venv\Lib\site-packages\django\template\base.py", line 176, in render
    return self._render(context)
           ~~~~~~~~~~~~^^^^^^^^^
  File "D:\Web Applications\training_institute\venv\Lib\site-packages\django\template\base.py", line 166, in _render
    return self.nodelist.render(context)
           ~~~~~~~~~~~~~~~~~~~~^^^^^^^^^
  File "D:\Web Applications\training_institute\venv\Lib\site-packages\django\template\base.py", line 1091, in render
    return SafeString("".join([node.render_annotated(context) for node in self]))
                               ~~~~~~~~~~~~~~~~~~~~~^^^^^^^^^
  File "D:\Web Applications\training_institute\venv\Lib\site-packages\django\template\base.py", line 1052, in render_annotated
    return self.render(context)
           ~~~~~~~~~~~^^^^^^^^^
  File "D:\Web Applications\training_institute\venv\Lib\site-packages\django\template\loader_tags.py", line 211, in render
    return template.render(context)
           ~~~~~~~~~~~~~~~^^^^^^^^^
  File "D:\Web Applications\training_institute\venv\Lib\site-packages\django\template\base.py", line 176, in render
    return self._render(context)
           ~~~~~~~~~~~~^^^^^^^^^
  File "D:\Web Applications\training_institute\venv\Lib\site-packages\django\template\base.py", line 166, in _render
    return self.nodelist.render(context)
           ~~~~~~~~~~~~~~~~~~~~^^^^^^^^^
  File "D:\Web Applications\training_institute\venv\Lib\site-packages\django\template\base.py", line 1091, in render
    return SafeString("".join([node.render_annotated(context) for node in self]))
                               ~~~~~~~~~~~~~~~~~~~~~^^^^^^^^^
  File "D:\Web Applications\training_institute\venv\Lib\site-packages\django\template\base.py", line 1052, in render_annotated
    return self.render(context)
           ~~~~~~~~~~~^^^^^^^^^
  File "D:\Web Applications\training_institute\venv\Lib\site-packages\django\template\loader_tags.py", line 211, in render
    return template.render(context)
           ~~~~~~~~~~~~~~~^^^^^^^^^
  File "D:\Web Applications\training_institute\venv\Lib\site-packages\django\template\base.py", line 176, in render
    return self._render(context)
           ~~~~~~~~~~~~^^^^^^^^^
  File "D:\Web Applications\training_institute\venv\Lib\site-packages\django\template\base.py", line 166, in _render
    return self.nodelist.render(context)
           ~~~~~~~~~~~~~~~~~~~~^^^^^^^^^
  File "D:\Web Applications\training_institute\venv\Lib\site-packages\django\template\base.py", line 1091, in render
    return SafeString("".join([node.render_annotated(context) for node in self]))
                               ~~~~~~~~~~~~~~~~~~~~~^^^^^^^^^
  File "D:\Web Applications\training_institute\venv\Lib\site-packages\django\template\base.py", line 1052, in render_annotated
    return self.render(context)
           ~~~~~~~~~~~^^^^^^^^^
  File "D:\Web Applications\training_institute\venv\Lib\site-packages\django\template\loader_tags.py", line 211, in render
    return template.render(context)
           ~~~~~~~~~~~~~~~^^^^^^^^^
  File "D:\Web Applications\training_institute\venv\Lib\site-packages\django\template\base.py", line 176, in render
    return self._render(context)
           ~~~~~~~~~~~~^^^^^^^^^
  File "D:\Web Applications\training_institute\venv\Lib\site-packages\django\template\base.py", line 166, in _render
    return self.nodelist.render(context)
           ~~~~~~~~~~~~~~~~~~~~^^^^^^^^^
  File "D:\Web Applications\training_institute\venv\Lib\site-packages\django\template\base.py", line 1091, in render
    return SafeString("".join([node.render_annotated(context) for node in self]))
                               ~~~~~~~~~~~~~~~~~~~~~^^^^^^^^^
  File "D:\Web Applications\training_institute\venv\Lib\site-packages\django\template\base.py", line 1052, in render_annotated
    return self.render(context)
           ~~~~~~~~~~~^^^^^^^^^
  File "D:\Web Applications\training_institute\venv\Lib\site-packages\django\template\loader_tags.py", line 211, in render
    return template.render(context)
           ~~~~~~~~~~~~~~~^^^^^^^^^
  File "D:\Web Applications\training_institute\venv\Lib\site-packages\django\template\base.py", line 176, in render
    return self._render(context)
           ~~~~~~~~~~~~^^^^^^^^^
  File "D:\Web Applications\training_institute\venv\Lib\site-packages\django\template\base.py", line 166, in _render
    return self.nodelist.render(context)
           ~~~~~~~~~~~~~~~~~~~~^^^^^^^^^
  File "D:\Web Applications\training_institute\venv\Lib\site-packages\django\template\base.py", line 1091, in render
    return SafeString("".join([node.render_annotated(context) for node in self]))
                               ~~~~~~~~~~~~~~~~~~~~~^^^^^^^^^
  File "D:\Web Applications\training_institute\venv\Lib\site-packages\django\template\base.py", line 1052, in render_annotated
    return self.render(context)
           ~~~~~~~~~~~^^^^^^^^^
  File "D:\Web Applications\training_institute\venv\Lib\site-packages\django\template\loader_tags.py", line 211, in render
    return template.render(context)
           ~~~~~~~~~~~~~~~^^^^^^^^^
  File "D:\Web Applications\training_institute\venv\Lib\site-packages\django\template\base.py", line 176, in render
    return self._render(context)
           ~~~~~~~~~~~~^^^^^^^^^
  File "D:\Web Applications\training_institute\venv\Lib\site-packages\django\template\base.py", line 166, in _render
    return self.nodelist.render(context)
           ~~~~~~~~~~~~~~~~~~~~^^^^^^^^^
  File "D:\Web Applications\training_institute\venv\Lib\site-packages\django\template\base.py", line 1091, in render
    return SafeString("".join([node.render_annotated(context) for node in self]))
                               ~~~~~~~~~~~~~~~~~~~~~^^^^^^^^^
  File "D:\Web Applications\training_institute\venv\Lib\site-packages\django\template\base.py", line 1052, in render_annotated
    return self.render(context)
           ~~~~~~~~~~~^^^^^^^^^
  File "D:\Web Applications\training_institute\venv\Lib\site-packages\django\template\loader_tags.py", line 211, in render
    return template.render(context)
           ~~~~~~~~~~~~~~~^^^^^^^^^
  File "D:\Web Applications\training_institute\venv\Lib\site-packages\django\template\base.py", line 176, in render
    return self._render(context)
           ~~~~~~~~~~~~^^^^^^^^^
  File "D:\Web Applications\training_institute\venv\Lib\site-packages\django\template\base.py", line 166, in _render
    return self.nodelist.render(context)
           ~~~~~~~~~~~~~~~~~~~~^^^^^^^^^
  File "D:\Web Applications\training_institute\venv\Lib\site-packages\django\template\base.py", line 1091, in render
    return SafeString("".join([node.render_annotated(context) for node in self]))
                               ~~~~~~~~~~~~~~~~~~~~~^^^^^^^^^
  File "D:\Web Applications\training_institute\venv\Lib\site-packages\django\template\base.py", line 1052, in render_annotated
    return self.render(context)
           ~~~~~~~~~~~^^^^^^^^^
  File "D:\Web Applications\training_institute\venv\Lib\site-packages\django\template\loader_tags.py", line 211, in render
    return template.render(context)
           ~~~~~~~~~~~~~~~^^^^^^^^^
  File "D:\Web Applications\training_institute\venv\Lib\site-packages\django\template\base.py", line 176, in render
    return self._render(context)
           ~~~~~~~~~~~~^^^^^^^^^
  File "D:\Web Applications\training_institute\venv\Lib\site-packages\django\template\base.py", line 166, in _render
    return self.nodelist.render(context)
           ~~~~~~~~~~~~~~~~~~~~^^^^^^^^^
  File "D:\Web Applications\training_institute\venv\Lib\site-packages\django\template\base.py", line 1091, in render
    return SafeString("".join([node.render_annotated(context) for node in self]))
                               ~~~~~~~~~~~~~~~~~~~~~^^^^^^^^^
  File "D:\Web Applications\training_institute\venv\Lib\site-packages\django\template\base.py", line 1052, in render_annotated
    return self.render(context)
           ~~~~~~~~~~~^^^^^^^^^
  File "D:\Web Applications\training_institute\venv\Lib\site-packages\django\template\loader_tags.py", line 211, in render
    return template.render(context)
           ~~~~~~~~~~~~~~~^^^^^^^^^
  File "D:\Web Applications\training_institute\venv\Lib\site-packages\django\template\base.py", line 176, in render
    return self._render(context)
           ~~~~~~~~~~~~^^^^^^^^^
  File "D:\Web Applications\training_institute\venv\Lib\site-packages\django\template\base.py", line 166, in _render
    return self.nodelist.render(context)
           ~~~~~~~~~~~~~~~~~~~~^^^^^^^^^
  File "D:\Web Applications\training_institute\venv\Lib\site-packages\django\template\base.py", line 1091, in render
    return SafeString("".join([node.render_annotated(context) for node in self]))
                               ~~~~~~~~~~~~~~~~~~~~~^^^^^^^^^
  File "D:\Web Applications\training_institute\venv\Lib\site-packages\django\template\base.py", line 1052, in render_annotated
    return self.render(context)
           ~~~~~~~~~~~^^^^^^^^^
  File "D:\Web Applications\training_institute\venv\Lib\site-packages\django\template\loader_tags.py", line 211, in render
    return template.render(context)
           ~~~~~~~~~~~~~~~^^^^^^^^^
  File "D:\Web Applications\training_institute\venv\Lib\site-packages\django\template\base.py", line 176, in render
    return self._render(context)
           ~~~~~~~~~~~~^^^^^^^^^
  File "D:\Web Applications\training_institute\venv\Lib\site-packages\django\template\base.py", line 166, in _render
    return self.nodelist.render(context)
           ~~~~~~~~~~~~~~~~~~~~^^^^^^^^^
  File "D:\Web Applications\training_institute\venv\Lib\site-packages\django\template\base.py", line 1091, in render
    return SafeString("".join([node.render_annotated(context) for node in self]))
                               ~~~~~~~~~~~~~~~~~~~~~^^^^^^^^^
  File "D:\Web Applications\training_institute\venv\Lib\site-packages\django\template\base.py", line 1052, in render_annotated
    return self.render(context)
           ~~~~~~~~~~~^^^^^^^^^
  File "D:\Web Applications\training_institute\venv\Lib\site-packages\django\template\loader_tags.py", line 211, in render
    return template.render(context)
           ~~~~~~~~~~~~~~~^^^^^^^^^
  File "D:\Web Applications\training_institute\venv\Lib\site-packages\django\template\base.py", line 176, in render
    return self._render(context)
           ~~~~~~~~~~~~^^^^^^^^^
  File "D:\Web Applications\training_institute\venv\Lib\site-packages\django\template\base.py", line 166, in _render
    return self.nodelist.render(context)
           ~~~~~~~~~~~~~~~~~~~~^^^^^^^^^
  File "D:\Web Applications\training_institute\venv\Lib\site-packages\django\template\base.py", line 1091, in render
    return SafeString("".join([node.render_annotated(context) for node in self]))
                               ~~~~~~~~~~~~~~~~~~~~~^^^^^^^^^
  File "D:\Web Applications\training_institute\venv\Lib\site-packages\django\template\base.py", line 1052, in render_annotated
    return self.render(context)
           ~~~~~~~~~~~^^^^^^^^^
  File "D:\Web Applications\training_institute\venv\Lib\site-packages\django\template\loader_tags.py", line 211, in render
    return template.render(context)
           ~~~~~~~~~~~~~~~^^^^^^^^^
  File "D:\Web Applications\training_institute\venv\Lib\site-packages\django\template\base.py", line 176, in render
    return self._render(context)
           ~~~~~~~~~~~~^^^^^^^^^
  File "D:\Web Applications\training_institute\venv\Lib\site-packages\django\template\base.py", line 166, in _render
    return self.nodelist.render(context)
           ~~~~~~~~~~~~~~~~~~~~^^^^^^^^^
  File "D:\Web Applications\training_institute\venv\Lib\site-packages\django\template\base.py", line 1091, in render
    return SafeString("".join([node.render_annotated(context) for node in self]))
                               ~~~~~~~~~~~~~~~~~~~~~^^^^^^^^^
  File "D:\Web Applications\training_institute\venv\Lib\site-packages\django\template\base.py", line 1052, in render_annotated
    return self.render(context)
           ~~~~~~~~~~~^^^^^^^^^
  File "D:\Web Applications\training_institute\venv\Lib\site-packages\django\template\loader_tags.py", line 211, in render
    return template.render(context)
           ~~~~~~~~~~~~~~~^^^^^^^^^
  File "D:\Web Applications\training_institute\venv\Lib\site-packages\django\template\base.py", line 176, in render
    return self._render(context)
           ~~~~~~~~~~~~^^^^^^^^^
  File "D:\Web Applications\training_institute\venv\Lib\site-packages\django\template\base.py", line 166, in _render
    return self.nodelist.render(context)
           ~~~~~~~~~~~~~~~~~~~~^^^^^^^^^
  File "D:\Web Applications\training_institute\venv\Lib\site-packages\django\template\base.py", line 1091, in render
    return SafeString("".join([node.render_annotated(context) for node in self]))
                               ~~~~~~~~~~~~~~~~~~~~~^^^^^^^^^
  File "D:\Web Applications\training_institute\venv\Lib\site-packages\django\template\base.py", line 1052, in render_annotated
    return self.render(context)
           ~~~~~~~~~~~^^^^^^^^^
  File "D:\Web Applications\training_institute\venv\Lib\site-packages\django\template\loader_tags.py", line 211, in render
    return template.render(context)
           ~~~~~~~~~~~~~~~^^^^^^^^^
  File "D:\Web Applications\training_institute\venv\Lib\site-packages\django\template\base.py", line 176, in render
    return self._render(context)
           ~~~~~~~~~~~~^^^^^^^^^
  File "D:\Web Applications\training_institute\venv\Lib\site-packages\django\template\base.py", line 166, in _render
    return self.nodelist.render(context)
           ~~~~~~~~~~~~~~~~~~~~^^^^^^^^^
  File "D:\Web Applications\training_institute\venv\Lib\site-packages\django\template\base.py", line 1091, in render
    return SafeString("".join([node.render_annotated(context) for node in self]))
                               ~~~~~~~~~~~~~~~~~~~~~^^^^^^^^^
  File "D:\Web Applications\training_institute\venv\Lib\site-packages\django\template\base.py", line 1052, in render_annotated
    return self.render(context)
           ~~~~~~~~~~~^^^^^^^^^
  File "D:\Web Applications\training_institute\venv\Lib\site-packages\django\template\loader_tags.py", line 211, in render
    return template.render(context)
           ~~~~~~~~~~~~~~~^^^^^^^^^
  File "D:\Web Applications\training_institute\venv\Lib\site-packages\django\template\base.py", line 176, in render
    return self._render(context)
           ~~~~~~~~~~~~^^^^^^^^^
  File "D:\Web Applications\training_institute\venv\Lib\site-packages\django\template\base.py", line 166, in _render
    return self.nodelist.render(context)
           ~~~~~~~~~~~~~~~~~~~~^^^^^^^^^
  File "D:\Web Applications\training_institute\venv\Lib\site-packages\django\template\base.py", line 1091, in render
    return SafeString("".join([node.render_annotated(context) for node in self]))
                               ~~~~~~~~~~~~~~~~~~~~~^^^^^^^^^
  File "D:\Web Applications\training_institute\venv\Lib\site-packages\django\template\base.py", line 1052, in render_annotated
    return self.render(context)
           ~~~~~~~~~~~^^^^^^^^^
  File "D:\Web Applications\training_institute\venv\Lib\site-packages\django\template\loader_tags.py", line 211, in render
    return template.render(context)
           ~~~~~~~~~~~~~~~^^^^^^^^^
  File "D:\Web Applications\training_institute\venv\Lib\site-packages\django\template\base.py", line 176, in render
    return self._render(context)
           ~~~~~~~~~~~~^^^^^^^^^
  File "D:\Web Applications\training_institute\venv\Lib\site-packages\django\template\base.py", line 166, in _render
    return self.nodelist.render(context)
           ~~~~~~~~~~~~~~~~~~~~^^^^^^^^^
  File "D:\Web Applications\training_institute\venv\Lib\site-packages\django\template\base.py", line 1091, in render
    return SafeString("".join([node.render_annotated(context) for node in self]))
                               ~~~~~~~~~~~~~~~~~~~~~^^^^^^^^^
  File "D:\Web Applications\training_institute\venv\Lib\site-packages\django\template\base.py", line 1052, in render_annotated
    return self.render(context)
           ~~~~~~~~~~~^^^^^^^^^
  File "D:\Web Applications\training_institute\venv\Lib\site-packages\django\template\loader_tags.py", line 211, in render
    return template.render(context)
           ~~~~~~~~~~~~~~~^^^^^^^^^
  File "D:\Web Applications\training_institute\venv\Lib\site-packages\django\template\base.py", line 176, in render
    return self._render(context)
           ~~~~~~~~~~~~^^^^^^^^^
  File "D:\Web Applications\training_institute\venv\Lib\site-packages\django\template\base.py", line 166, in _render
    return self.nodelist.render(context)
           ~~~~~~~~~~~~~~~~~~~~^^^^^^^^^
  File "D:\Web Applications\training_institute\venv\Lib\site-packages\django\template\base.py", line 1091, in render
    return SafeString("".join([node.render_annotated(context) for node in self]))
                               ~~~~~~~~~~~~~~~~~~~~~^^^^^^^^^
  File "D:\Web Applications\training_institute\venv\Lib\site-packages\django\template\base.py", line 1052, in render_annotated
    return self.render(context)
           ~~~~~~~~~~~^^^^^^^^^
  File "D:\Web Applications\training_institute\venv\Lib\site-packages\django\template\loader_tags.py", line 211, in render
    return template.render(context)
           ~~~~~~~~~~~~~~~^^^^^^^^^
  File "D:\Web Applications\training_institute\venv\Lib\site-packages\django\template\base.py", line 176, in render
    return self._render(context)
           ~~~~~~~~~~~~^^^^^^^^^
  File "D:\Web Applications\training_institute\venv\Lib\site-packages\django\template\base.py", line 166, in _render
    return self.nodelist.render(context)
           ~~~~~~~~~~~~~~~~~~~~^^^^^^^^^
  File "D:\Web Applications\training_institute\venv\Lib\site-packages\django\template\base.py", line 1091, in render
    return SafeString("".join([node.render_annotated(context) for node in self]))
                               ~~~~~~~~~~~~~~~~~~~~~^^^^^^^^^
  File "D:\Web Applications\training_institute\venv\Lib\site-packages\django\template\base.py", line 1052, in render_annotated
    return self.render(context)
           ~~~~~~~~~~~^^^^^^^^^
  File "D:\Web Applications\training_institute\venv\Lib\site-packages\django\template\loader_tags.py", line 211, in render
    return template.render(context)
           ~~~~~~~~~~~~~~~^^^^^^^^^
  File "D:\Web Applications\training_institute\venv\Lib\site-packages\django\template\base.py", line 176, in render
    return self._render(context)
           ~~~~~~~~~~~~^^^^^^^^^
  File "D:\Web Applications\training_institute\venv\Lib\site-packages\django\template\base.py", line 166, in _render
    return self.nodelist.render(context)
           ~~~~~~~~~~~~~~~~~~~~^^^^^^^^^
  File "D:\Web Applications\training_institute\venv\Lib\site-packages\django\template\base.py", line 1091, in render
    return SafeString("".join([node.render_annotated(context) for node in self]))
                               ~~~~~~~~~~~~~~~~~~~~~^^^^^^^^^
  File "D:\Web Applications\training_institute\venv\Lib\site-packages\django\template\base.py", line 1052, in render_annotated
    return self.render(context)
           ~~~~~~~~~~~^^^^^^^^^
  File "D:\Web Applications\training_institute\venv\Lib\site-packages\django\template\loader_tags.py", line 211, in render
    return template.render(context)
           ~~~~~~~~~~~~~~~^^^^^^^^^
  File "D:\Web Applications\training_institute\venv\Lib\site-packages\django\template\base.py", line 176, in render
    return self._render(context)
           ~~~~~~~~~~~~^^^^^^^^^
  File "D:\Web Applications\training_institute\venv\Lib\site-packages\django\template\base.py", line 166, in _render
    return self.nodelist.render(context)
           ~~~~~~~~~~~~~~~~~~~~^^^^^^^^^
  File "D:\Web Applications\training_institute\venv\Lib\site-packages\django\template\base.py", line 1091, in render
    return SafeString("".join([node.render_annotated(context) for node in self]))
                               ~~~~~~~~~~~~~~~~~~~~~^^^^^^^^^
  File "D:\Web Applications\training_institute\venv\Lib\site-packages\django\template\base.py", line 1052, in render_annotated
    return self.render(context)
           ~~~~~~~~~~~^^^^^^^^^
  File "D:\Web Applications\training_institute\venv\Lib\site-packages\django\template\loader_tags.py", line 211, in render
    return template.render(context)
           ~~~~~~~~~~~~~~~^^^^^^^^^
  File "D:\Web Applications\training_institute\venv\Lib\site-packages\django\template\base.py", line 176, in render
    return self._render(context)
           ~~~~~~~~~~~~^^^^^^^^^
  File "D:\Web Applications\training_institute\venv\Lib\site-packages\django\template\base.py", line 166, in _render
    return self.nodelist.render(context)
           ~~~~~~~~~~~~~~~~~~~~^^^^^^^^^
  File "D:\Web Applications\training_institute\venv\Lib\site-packages\django\template\base.py", line 1091, in render
    return SafeString("".join([node.render_annotated(context) for node in self]))
                               ~~~~~~~~~~~~~~~~~~~~~^^^^^^^^^
  File "D:\Web Applications\training_institute\venv\Lib\site-packages\django\template\base.py", line 1052, in render_annotated
    return self.render(context)
           ~~~~~~~~~~~^^^^^^^^^
  File "D:\Web Applications\training_institute\venv\Lib\site-packages\django\template\loader_tags.py", line 211, in render
    return template.render(context)
           ~~~~~~~~~~~~~~~^^^^^^^^^
  File "D:\Web Applications\training_institute\venv\Lib\site-packages\django\template\base.py", line 176, in render
    return self._render(context)
           ~~~~~~~~~~~~^^^^^^^^^
  File "D:\Web Applications\training_institute\venv\Lib\site-packages\django\template\base.py", line 166, in _render
    return self.nodelist.render(context)
           ~~~~~~~~~~~~~~~~~~~~^^^^^^^^^
  File "D:\Web Applications\training_institute\venv\Lib\site-packages\django\template\base.py", line 1091, in render
    return SafeString("".join([node.render_annotated(context) for node in self]))
                               ~~~~~~~~~~~~~~~~~~~~~^^^^^^^^^
  File "D:\Web Applications\training_institute\venv\Lib\site-packages\django\template\base.py", line 1052, in render_annotated
    return self.render(context)
           ~~~~~~~~~~~^^^^^^^^^
  File "D:\Web Applications\training_institute\venv\Lib\site-packages\django\template\loader_tags.py", line 211, in render
    return template.render(context)
           ~~~~~~~~~~~~~~~^^^^^^^^^
  File "D:\Web Applications\training_institute\venv\Lib\site-packages\django\template\base.py", line 176, in render
    return self._render(context)
           ~~~~~~~~~~~~^^^^^^^^^
  File "D:\Web Applications\training_institute\venv\Lib\site-packages\django\template\base.py", line 166, in _render
    return self.nodelist.render(context)
           ~~~~~~~~~~~~~~~~~~~~^^^^^^^^^
  File "D:\Web Applications\training_institute\venv\Lib\site-packages\django\template\base.py", line 1091, in render
    return SafeString("".join([node.render_annotated(context) for node in self]))
                               ~~~~~~~~~~~~~~~~~~~~~^^^^^^^^^
  File "D:\Web Applications\training_institute\venv\Lib\site-packages\django\template\base.py", line 1052, in render_annotated
    return self.render(context)
           ~~~~~~~~~~~^^^^^^^^^
  File "D:\Web Applications\training_institute\venv\Lib\site-packages\django\template\loader_tags.py", line 211, in render
    return template.render(context)
           ~~~~~~~~~~~~~~~^^^^^^^^^
  File "D:\Web Applications\training_institute\venv\Lib\site-packages\django\template\base.py", line 176, in render
    return self._render(context)
           ~~~~~~~~~~~~^^^^^^^^^
  File "D:\Web Applications\training_institute\venv\Lib\site-packages\django\template\base.py", line 166, in _render
    return self.nodelist.render(context)
           ~~~~~~~~~~~~~~~~~~~~^^^^^^^^^
  File "D:\Web Applications\training_institute\venv\Lib\site-packages\django\template\base.py", line 1091, in render
    return SafeString("".join([node.render_annotated(context) for node in self]))
                               ~~~~~~~~~~~~~~~~~~~~~^^^^^^^^^
  File "D:\Web Applications\training_institute\venv\Lib\site-packages\django\template\base.py", line 1052, in render_annotated
    return self.render(context)
           ~~~~~~~~~~~^^^^^^^^^
  File "D:\Web Applications\training_institute\venv\Lib\site-packages\django\template\loader_tags.py", line 211, in render
    return template.render(context)
           ~~~~~~~~~~~~~~~^^^^^^^^^
  File "D:\Web Applications\training_institute\venv\Lib\site-packages\django\template\base.py", line 176, in render
    return self._render(context)
           ~~~~~~~~~~~~^^^^^^^^^
  File "D:\Web Applications\training_institute\venv\Lib\site-packages\django\template\base.py", line 166, in _render
    return self.nodelist.render(context)
           ~~~~~~~~~~~~~~~~~~~~^^^^^^^^^
  File "D:\Web Applications\training_institute\venv\Lib\site-packages\django\template\base.py", line 1091, in render
    return SafeString("".join([node.render_annotated(context) for node in self]))
                               ~~~~~~~~~~~~~~~~~~~~~^^^^^^^^^
  File "D:\Web Applications\training_institute\venv\Lib\site-packages\django\template\base.py", line 1052, in render_annotated
    return self.render(context)
           ~~~~~~~~~~~^^^^^^^^^
  File "D:\Web Applications\training_institute\venv\Lib\site-packages\django\template\loader_tags.py", line 211, in render
    return template.render(context)
           ~~~~~~~~~~~~~~~^^^^^^^^^
  File "D:\Web Applications\training_institute\venv\Lib\site-packages\django\template\base.py", line 176, in render
    return self._render(context)
           ~~~~~~~~~~~~^^^^^^^^^
  File "D:\Web Applications\training_institute\venv\Lib\site-packages\django\template\base.py", line 166, in _render
    return self.nodelist.render(context)
           ~~~~~~~~~~~~~~~~~~~~^^^^^^^^^
  File "D:\Web Applications\training_institute\venv\Lib\site-packages\django\template\base.py", line 1091, in render
    return SafeString("".join([node.render_annotated(context) for node in self]))
                               ~~~~~~~~~~~~~~~~~~~~~^^^^^^^^^
  File "D:\Web Applications\training_institute\venv\Lib\site-packages\django\template\base.py", line 1052, in render_annotated
    return self.render(context)
           ~~~~~~~~~~~^^^^^^^^^
  File "D:\Web Applications\training_institute\venv\Lib\site-packages\django\template\loader_tags.py", line 211, in render
    return template.render(context)
           ~~~~~~~~~~~~~~~^^^^^^^^^
  File "D:\Web Applications\training_institute\venv\Lib\site-packages\django\template\base.py", line 176, in render
    return self._render(context)
           ~~~~~~~~~~~~^^^^^^^^^
  File "D:\Web Applications\training_institute\venv\Lib\site-packages\django\template\base.py", line 166, in _render
    return self.nodelist.render(context)
           ~~~~~~~~~~~~~~~~~~~~^^^^^^^^^
  File "D:\Web Applications\training_institute\venv\Lib\site-packages\django\template\base.py", line 1091, in render
    return SafeString("".join([node.render_annotated(context) for node in self]))
                               ~~~~~~~~~~~~~~~~~~~~~^^^^^^^^^
  File "D:\Web Applications\training_institute\venv\Lib\site-packages\django\template\base.py", line 1052, in render_annotated
    return self.render(context)
           ~~~~~~~~~~~^^^^^^^^^
  File "D:\Web Applications\training_institute\venv\Lib\site-packages\django\template\loader_tags.py", line 211, in render
    return template.render(context)
           ~~~~~~~~~~~~~~~^^^^^^^^^
  File "D:\Web Applications\training_institute\venv\Lib\site-packages\django\template\base.py", line 176, in render
    return self._render(context)
           ~~~~~~~~~~~~^^^^^^^^^
  File "D:\Web Applications\training_institute\venv\Lib\site-packages\django\template\base.py", line 166, in _render
    return self.nodelist.render(context)
           ~~~~~~~~~~~~~~~~~~~~^^^^^^^^^
  File "D:\Web Applications\training_institute\venv\Lib\site-packages\django\template\base.py", line 1091, in render
    return SafeString("".join([node.render_annotated(context) for node in self]))
                               ~~~~~~~~~~~~~~~~~~~~~^^^^^^^^^
  File "D:\Web Applications\training_institute\venv\Lib\site-packages\django\template\base.py", line 1052, in render_annotated
    return self.render(context)
           ~~~~~~~~~~~^^^^^^^^^
  File "D:\Web Applications\training_institute\venv\Lib\site-packages\django\template\loader_tags.py", line 211, in render
    return template.render(context)
           ~~~~~~~~~~~~~~~^^^^^^^^^
  File "D:\Web Applications\training_institute\venv\Lib\site-packages\django\template\base.py", line 176, in render
    return self._render(context)
           ~~~~~~~~~~~~^^^^^^^^^
  File "D:\Web Applications\training_institute\venv\Lib\site-packages\django\template\base.py", line 166, in _render
    return self.nodelist.render(context)
           ~~~~~~~~~~~~~~~~~~~~^^^^^^^^^
  File "D:\Web Applications\training_institute\venv\Lib\site-packages\django\template\base.py", line 1091, in render
    return SafeString("".join([node.render_annotated(context) for node in self]))
                               ~~~~~~~~~~~~~~~~~~~~~^^^^^^^^^
  File "D:\Web Applications\training_institute\venv\Lib\site-packages\django\template\base.py", line 1052, in render_annotated
    return self.render(context)
           ~~~~~~~~~~~^^^^^^^^^
  File "D:\Web Applications\training_institute\venv\Lib\site-packages\django\template\loader_tags.py", line 211, in render
    return template.render(context)
           ~~~~~~~~~~~~~~~^^^^^^^^^
  File "D:\Web Applications\training_institute\venv\Lib\site-packages\django\template\base.py", line 176, in render
    return self._render(context)
           ~~~~~~~~~~~~^^^^^^^^^
  File "D:\Web Applications\training_institute\venv\Lib\site-packages\django\template\base.py", line 166, in _render
    return self.nodelist.render(context)
           ~~~~~~~~~~~~~~~~~~~~^^^^^^^^^
  File "D:\Web Applications\training_institute\venv\Lib\site-packages\django\template\base.py", line 1091, in render
    return SafeString("".join([node.render_annotated(context) for node in self]))
                               ~~~~~~~~~~~~~~~~~~~~~^^^^^^^^^
  File "D:\Web Applications\training_institute\venv\Lib\site-packages\django\template\base.py", line 1052, in render_annotated
    return self.render(context)
           ~~~~~~~~~~~^^^^^^^^^
  File "D:\Web Applications\training_institute\venv\Lib\site-packages\django\template\loader_tags.py", line 211, in render
    return template.render(context)
           ~~~~~~~~~~~~~~~^^^^^^^^^
  File "D:\Web Applications\training_institute\venv\Lib\site-packages\django\template\base.py", line 176, in render
    return self._render(context)
           ~~~~~~~~~~~~^^^^^^^^^
  File "D:\Web Applications\training_institute\venv\Lib\site-packages\django\template\base.py", line 166, in _render
    return self.nodelist.render(context)
           ~~~~~~~~~~~~~~~~~~~~^^^^^^^^^
  File "D:\Web Applications\training_institute\venv\Lib\site-packages\django\template\base.py", line 1091, in render
    return SafeString("".join([node.render_annotated(context) for node in self]))
                               ~~~~~~~~~~~~~~~~~~~~~^^^^^^^^^
  File "D:\Web Applications\training_institute\venv\Lib\site-packages\django\template\base.py", line 1052, in render_annotated
    return self.render(context)
           ~~~~~~~~~~~^^^^^^^^^
  File "D:\Web Applications\training_institute\venv\Lib\site-packages\django\template\loader_tags.py", line 211, in render
    return template.render(context)
           ~~~~~~~~~~~~~~~^^^^^^^^^
  File "D:\Web Applications\training_institute\venv\Lib\site-packages\django\template\base.py", line 176, in render
    return self._render(context)
           ~~~~~~~~~~~~^^^^^^^^^
  File "D:\Web Applications\training_institute\venv\Lib\site-packages\django\template\base.py", line 166, in _render
    return self.nodelist.render(context)
           ~~~~~~~~~~~~~~~~~~~~^^^^^^^^^
  File "D:\Web Applications\training_institute\venv\Lib\site-packages\django\template\base.py", line 1091, in render
    return SafeString("".join([node.render_annotated(context) for node in self]))
                               ~~~~~~~~~~~~~~~~~~~~~^^^^^^^^^
  File "D:\Web Applications\training_institute\venv\Lib\site-packages\django\template\base.py", line 1052, in render_annotated
    return self.render(context)
           ~~~~~~~~~~~^^^^^^^^^
  File "D:\Web Applications\training_institute\venv\Lib\site-packages\django\template\loader_tags.py", line 211, in render
    return template.render(context)
           ~~~~~~~~~~~~~~~^^^^^^^^^
  File "D:\Web Applications\training_institute\venv\Lib\site-packages\django\template\base.py", line 176, in render
    return self._render(context)
           ~~~~~~~~~~~~^^^^^^^^^
  File "D:\Web Applications\training_institute\venv\Lib\site-packages\django\template\base.py", line 166, in _render
    return self.nodelist.render(context)
           ~~~~~~~~~~~~~~~~~~~~^^^^^^^^^
  File "D:\Web Applications\training_institute\venv\Lib\site-packages\django\template\base.py", line 1091, in render
    return SafeString("".join([node.render_annotated(context) for node in self]))
                               ~~~~~~~~~~~~~~~~~~~~~^^^^^^^^^
  File "D:\Web Applications\training_institute\venv\Lib\site-packages\django\template\base.py", line 1052, in render_annotated
    return self.render(context)
           ~~~~~~~~~~~^^^^^^^^^
  File "D:\Web Applications\training_institute\venv\Lib\site-packages\django\template\loader_tags.py", line 211, in render
    return template.render(context)
           ~~~~~~~~~~~~~~~^^^^^^^^^
  File "D:\Web Applications\training_institute\venv\Lib\site-packages\django\template\base.py", line 176, in render
    return self._render(context)
           ~~~~~~~~~~~~^^^^^^^^^
  File "D:\Web Applications\training_institute\venv\Lib\site-packages\django\template\base.py", line 166, in _render
    return self.nodelist.render(context)
           ~~~~~~~~~~~~~~~~~~~~^^^^^^^^^
  File "D:\Web Applications\training_institute\venv\Lib\site-packages\django\template\base.py", line 1091, in render
    return SafeString("".join([node.render_annotated(context) for node in self]))
                               ~~~~~~~~~~~~~~~~~~~~~^^^^^^^^^
  File "D:\Web Applications\training_institute\venv\Lib\site-packages\django\template\base.py", line 1052, in render_annotated
    return self.render(context)
           ~~~~~~~~~~~^^^^^^^^^
  File "D:\Web Applications\training_institute\venv\Lib\site-packages\django\template\loader_tags.py", line 211, in render
    return template.render(context)
           ~~~~~~~~~~~~~~~^^^^^^^^^
  File "D:\Web Applications\training_institute\venv\Lib\site-packages\django\template\base.py", line 176, in render
    return self._render(context)
           ~~~~~~~~~~~~^^^^^^^^^
  File "D:\Web Applications\training_institute\venv\Lib\site-packages\django\template\base.py", line 166, in _render
    return self.nodelist.render(context)
           ~~~~~~~~~~~~~~~~~~~~^^^^^^^^^
  File "D:\Web Applications\training_institute\venv\Lib\site-packages\django\template\base.py", line 1091, in render
    return SafeString("".join([node.render_annotated(context) for node in self]))
                               ~~~~~~~~~~~~~~~~~~~~~^^^^^^^^^
  File "D:\Web Applications\training_institute\venv\Lib\site-packages\django\template\base.py", line 1052, in render_annotated
    return self.render(context)
           ~~~~~~~~~~~^^^^^^^^^
  File "D:\Web Applications\training_institute\venv\Lib\site-packages\django\template\loader_tags.py", line 211, in render
    return template.render(context)
           ~~~~~~~~~~~~~~~^^^^^^^^^
  File "D:\Web Applications\training_institute\venv\Lib\site-packages\django\template\base.py", line 176, in render
    return self._render(context)
           ~~~~~~~~~~~~^^^^^^^^^
  File "D:\Web Applications\training_institute\venv\Lib\site-packages\django\template\base.py", line 166, in _render
    return self.nodelist.render(context)
           ~~~~~~~~~~~~~~~~~~~~^^^^^^^^^
  File "D:\Web Applications\training_institute\venv\Lib\site-packages\django\template\base.py", line 1091, in render
    return SafeString("".join([node.render_annotated(context) for node in self]))
                               ~~~~~~~~~~~~~~~~~~~~~^^^^^^^^^
  File "D:\Web Applications\training_institute\venv\Lib\site-packages\django\template\base.py", line 1052, in render_annotated
    return self.render(context)
           ~~~~~~~~~~~^^^^^^^^^
  File "D:\Web Applications\training_institute\venv\Lib\site-packages\django\template\loader_tags.py", line 211, in render
    return template.render(context)
           ~~~~~~~~~~~~~~~^^^^^^^^^
  File "D:\Web Applications\training_institute\venv\Lib\site-packages\django\template\base.py", line 176, in render
    return self._render(context)
           ~~~~~~~~~~~~^^^^^^^^^
  File "D:\Web Applications\training_institute\venv\Lib\site-packages\django\template\base.py", line 166, in _render
    return self.nodelist.render(context)
           ~~~~~~~~~~~~~~~~~~~~^^^^^^^^^
  File "D:\Web Applications\training_institute\venv\Lib\site-packages\django\template\base.py", line 1091, in render
    return SafeString("".join([node.render_annotated(context) for node in self]))
                               ~~~~~~~~~~~~~~~~~~~~~^^^^^^^^^
  File "D:\Web Applications\training_institute\venv\Lib\site-packages\django\template\base.py", line 1052, in render_annotated
    return self.render(context)
           ~~~~~~~~~~~^^^^^^^^^
  File "D:\Web Applications\training_institute\venv\Lib\site-packages\django\template\loader_tags.py", line 211, in render
    return template.render(context)
           ~~~~~~~~~~~~~~~^^^^^^^^^
  File "D:\Web Applications\training_institute\venv\Lib\site-packages\django\template\base.py", line 176, in render
    return self._render(context)
           ~~~~~~~~~~~~^^^^^^^^^
  File "D:\Web Applications\training_institute\venv\Lib\site-packages\django\template\base.py", line 166, in _render
    return self.nodelist.render(context)
           ~~~~~~~~~~~~~~~~~~~~^^^^^^^^^
  File "D:\Web Applications\training_institute\venv\Lib\site-packages\django\template\base.py", line 1091, in render
    return SafeString("".join([node.render_annotated(context) for node in self]))
                               ~~~~~~~~~~~~~~~~~~~~~^^^^^^^^^
  File "D:\Web Applications\training_institute\venv\Lib\site-packages\django\template\base.py", line 1052, in render_annotated
    return self.render(context)
           ~~~~~~~~~~~^^^^^^^^^
  File "D:\Web Applications\training_institute\venv\Lib\site-packages\django\template\loader_tags.py", line 211, in render
    return template.render(context)
           ~~~~~~~~~~~~~~~^^^^^^^^^
  File "D:\Web Applications\training_institute\venv\Lib\site-packages\django\template\base.py", line 176, in render
    return self._render(context)
           ~~~~~~~~~~~~^^^^^^^^^
  File "D:\Web Applications\training_institute\venv\Lib\site-packages\django\template\base.py", line 166, in _render
    return self.nodelist.render(context)
           ~~~~~~~~~~~~~~~~~~~~^^^^^^^^^
  File "D:\Web Applications\training_institute\venv\Lib\site-packages\django\template\base.py", line 1091, in render
    return SafeString("".join([node.render_annotated(context) for node in self]))
                               ~~~~~~~~~~~~~~~~~~~~~^^^^^^^^^
  File "D:\Web Applications\training_institute\venv\Lib\site-packages\django\template\base.py", line 1052, in render_annotated
    return self.render(context)
           ~~~~~~~~~~~^^^^^^^^^
  File "D:\Web Applications\training_institute\venv\Lib\site-packages\django\template\loader_tags.py", line 211, in render
    return template.render(context)
           ~~~~~~~~~~~~~~~^^^^^^^^^
  File "D:\Web Applications\training_institute\venv\Lib\site-packages\django\template\base.py", line 176, in render
    return self._render(context)
           ~~~~~~~~~~~~^^^^^^^^^
  File "D:\Web Applications\training_institute\venv\Lib\site-packages\django\template\base.py", line 166, in _render
    return self.nodelist.render(context)
           ~~~~~~~~~~~~~~~~~~~~^^^^^^^^^
  File "D:\Web Applications\training_institute\venv\Lib\site-packages\django\template\base.py", line 1091, in render
    return SafeString("".join([node.render_annotated(context) for node in self]))
                               ~~~~~~~~~~~~~~~~~~~~~^^^^^^^^^
  File "D:\Web Applications\training_institute\venv\Lib\site-packages\django\template\base.py", line 1052, in render_annotated
    return self.render(context)
           ~~~~~~~~~~~^^^^^^^^^
  File "D:\Web Applications\training_institute\venv\Lib\site-packages\django\template\loader_tags.py", line 211, in render
    return template.render(context)
           ~~~~~~~~~~~~~~~^^^^^^^^^
  File "D:\Web Applications\training_institute\venv\Lib\site-packages\django\template\base.py", line 176, in render
    return self._render(context)
           ~~~~~~~~~~~~^^^^^^^^^
  File "D:\Web Applications\training_institute\venv\Lib\site-packages\django\template\base.py", line 166, in _render
    return self.nodelist.render(context)
           ~~~~~~~~~~~~~~~~~~~~^^^^^^^^^
  File "D:\Web Applications\training_institute\venv\Lib\site-packages\django\template\base.py", line 1091, in render
    return SafeString("".join([node.render_annotated(context) for node in self]))
                               ~~~~~~~~~~~~~~~~~~~~~^^^^^^^^^
  File "D:\Web Applications\training_institute\venv\Lib\site-packages\django\template\base.py", line 1052, in render_annotated
    return self.render(context)
           ~~~~~~~~~~~^^^^^^^^^
  File "D:\Web Applications\training_institute\venv\Lib\site-packages\django\template\loader_tags.py", line 211, in render
    return template.render(context)
           ~~~~~~~~~~~~~~~^^^^^^^^^
  File "D:\Web Applications\training_institute\venv\Lib\site-packages\django\template\base.py", line 176, in render
    return self._render(context)
           ~~~~~~~~~~~~^^^^^^^^^
  File "D:\Web Applications\training_institute\venv\Lib\site-packages\django\template\base.py", line 166, in _render
    return self.nodelist.render(context)
           ~~~~~~~~~~~~~~~~~~~~^^^^^^^^^
  File "D:\Web Applications\training_institute\venv\Lib\site-packages\django\template\base.py", line 1091, in render
    return SafeString("".join([node.render_annotated(context) for node in self]))
                               ~~~~~~~~~~~~~~~~~~~~~^^^^^^^^^
  File "D:\Web Applications\training_institute\venv\Lib\site-packages\django\template\base.py", line 1052, in render_annotated
    return self.render(context)
           ~~~~~~~~~~~^^^^^^^^^
  File "D:\Web Applications\training_institute\venv\Lib\site-packages\django\template\loader_tags.py", line 211, in render
    return template.render(context)
           ~~~~~~~~~~~~~~~^^^^^^^^^
  File "D:\Web Applications\training_institute\venv\Lib\site-packages\django\template\base.py", line 176, in render
    return self._render(context)
           ~~~~~~~~~~~~^^^^^^^^^
  File "D:\Web Applications\training_institute\venv\Lib\site-packages\django\template\base.py", line 166, in _render
    return self.nodelist.render(context)
           ~~~~~~~~~~~~~~~~~~~~^^^^^^^^^
  File "D:\Web Applications\training_institute\venv\Lib\site-packages\django\template\base.py", line 1091, in render
    return SafeString("".join([node.render_annotated(context) for node in self]))
                               ~~~~~~~~~~~~~~~~~~~~~^^^^^^^^^
  File "D:\Web Applications\training_institute\venv\Lib\site-packages\django\template\base.py", line 1052, in render_annotated
    return self.render(context)
           ~~~~~~~~~~~^^^^^^^^^
  File "D:\Web Applications\training_institute\venv\Lib\site-packages\django\template\loader_tags.py", line 211, in render
    return template.render(context)
           ~~~~~~~~~~~~~~~^^^^^^^^^
  File "D:\Web Applications\training_institute\venv\Lib\site-packages\django\template\base.py", line 176, in render
    return self._render(context)
           ~~~~~~~~~~~~^^^^^^^^^
  File "D:\Web Applications\training_institute\venv\Lib\site-packages\django\template\base.py", line 166, in _render
    return self.nodelist.render(context)
           ~~~~~~~~~~~~~~~~~~~~^^^^^^^^^
  File "D:\Web Applications\training_institute\venv\Lib\site-packages\django\template\base.py", line 1091, in render
    return SafeString("".join([node.render_annotated(context) for node in self]))
                               ~~~~~~~~~~~~~~~~~~~~~^^^^^^^^^
  File "D:\Web Applications\training_institute\venv\Lib\site-packages\django\template\base.py", line 1052, in render_annotated
    return self.render(context)
           ~~~~~~~~~~~^^^^^^^^^
  File "D:\Web Applications\training_institute\venv\Lib\site-packages\django\template\loader_tags.py", line 211, in render
    return template.render(context)
           ~~~~~~~~~~~~~~~^^^^^^^^^
  File "D:\Web Applications\training_institute\venv\Lib\site-packages\django\template\base.py", line 176, in render
    return self._render(context)
           ~~~~~~~~~~~~^^^^^^^^^
  File "D:\Web Applications\training_institute\venv\Lib\site-packages\django\template\base.py", line 166, in _render
    return self.nodelist.render(context)
           ~~~~~~~~~~~~~~~~~~~~^^^^^^^^^
  File "D:\Web Applications\training_institute\venv\Lib\site-packages\django\template\base.py", line 1091, in render
    return SafeString("".join([node.render_annotated(context) for node in self]))
                               ~~~~~~~~~~~~~~~~~~~~~^^^^^^^^^
  File "D:\Web Applications\training_institute\venv\Lib\site-packages\django\template\base.py", line 1052, in render_annotated
    return self.render(context)
           ~~~~~~~~~~~^^^^^^^^^
  File "D:\Web Applications\training_institute\venv\Lib\site-packages\django\template\loader_tags.py", line 211, in render
    return template.render(context)
           ~~~~~~~~~~~~~~~^^^^^^^^^
  File "D:\Web Applications\training_institute\venv\Lib\site-packages\django\template\base.py", line 176, in render
    return self._render(context)
           ~~~~~~~~~~~~^^^^^^^^^
  File "D:\Web Applications\training_institute\venv\Lib\site-packages\django\template\base.py", line 166, in _render
    return self.nodelist.render(context)
           ~~~~~~~~~~~~~~~~~~~~^^^^^^^^^
  File "D:\Web Applications\training_institute\venv\Lib\site-packages\django\template\base.py", line 1091, in render
    return SafeString("".join([node.render_annotated(context) for node in self]))
                               ~~~~~~~~~~~~~~~~~~~~~^^^^^^^^^
  File "D:\Web Applications\training_institute\venv\Lib\site-packages\django\template\base.py", line 1052, in render_annotated
    return self.render(context)
           ~~~~~~~~~~~^^^^^^^^^
  File "D:\Web Applications\training_institute\venv\Lib\site-packages\django\template\loader_tags.py", line 211, in render
    return template.render(context)
           ~~~~~~~~~~~~~~~^^^^^^^^^
  File "D:\Web Applications\training_institute\venv\Lib\site-packages\django\template\base.py", line 176, in render
    return self._render(context)
           ~~~~~~~~~~~~^^^^^^^^^
  File "D:\Web Applications\training_institute\venv\Lib\site-packages\django\template\base.py", line 166, in _render
    return self.nodelist.render(context)
           ~~~~~~~~~~~~~~~~~~~~^^^^^^^^^
  File "D:\Web Applications\training_institute\venv\Lib\site-packages\django\template\base.py", line 1091, in render
    return SafeString("".join([node.render_annotated(context) for node in self]))
                               ~~~~~~~~~~~~~~~~~~~~~^^^^^^^^^
  File "D:\Web Applications\training_institute\venv\Lib\site-packages\django\template\base.py", line 1052, in render_annotated
    return self.render(context)
           ~~~~~~~~~~~^^^^^^^^^
  File "D:\Web Applications\training_institute\venv\Lib\site-packages\django\template\loader_tags.py", line 211, in render
    return template.render(context)
           ~~~~~~~~~~~~~~~^^^^^^^^^
  File "D:\Web Applications\training_institute\venv\Lib\site-packages\django\template\base.py", line 176, in render
    return self._render(context)
           ~~~~~~~~~~~~^^^^^^^^^
  File "D:\Web Applications\training_institute\venv\Lib\site-packages\django\template\base.py", line 166, in _render
    return self.nodelist.render(context)
           ~~~~~~~~~~~~~~~~~~~~^^^^^^^^^
  File "D:\Web Applications\training_institute\venv\Lib\site-packages\django\template\base.py", line 1091, in render
    return SafeString("".join([node.render_annotated(context) for node in self]))
                               ~~~~~~~~~~~~~~~~~~~~~^^^^^^^^^
  File "D:\Web Applications\training_institute\venv\Lib\site-packages\django\template\base.py", line 1052, in render_annotated
    return self.render(context)
           ~~~~~~~~~~~^^^^^^^^^
  File "D:\Web Applications\training_institute\venv\Lib\site-packages\django\template\loader_tags.py", line 211, in render
    return template.render(context)
           ~~~~~~~~~~~~~~~^^^^^^^^^
  File "D:\Web Applications\training_institute\venv\Lib\site-packages\django\template\base.py", line 176, in render
    return self._render(context)
           ~~~~~~~~~~~~^^^^^^^^^
  File "D:\Web Applications\training_institute\venv\Lib\site-packages\django\template\base.py", line 166, in _render
    return self.nodelist.render(context)
           ~~~~~~~~~~~~~~~~~~~~^^^^^^^^^
  File "D:\Web Applications\training_institute\venv\Lib\site-packages\django\template\base.py", line 1091, in render
    return SafeString("".join([node.render_annotated(context) for node in self]))
                               ~~~~~~~~~~~~~~~~~~~~~^^^^^^^^^
  File "D:\Web Applications\training_institute\venv\Lib\site-packages\django\template\base.py", line 1052, in render_annotated
    return self.render(context)
           ~~~~~~~~~~~^^^^^^^^^
  File "D:\Web Applications\training_institute\venv\Lib\site-packages\django\template\loader_tags.py", line 211, in render
    return template.render(context)
           ~~~~~~~~~~~~~~~^^^^^^^^^
  File "D:\Web Applications\training_institute\venv\Lib\site-packages\django\template\base.py", line 176, in render
    return self._render(context)
           ~~~~~~~~~~~~^^^^^^^^^
  File "D:\Web Applications\training_institute\venv\Lib\site-packages\django\template\base.py", line 166, in _render
    return self.nodelist.render(context)
           ~~~~~~~~~~~~~~~~~~~~^^^^^^^^^
  File "D:\Web Applications\training_institute\venv\Lib\site-packages\django\template\base.py", line 1091, in render
    return SafeString("".join([node.render_annotated(context) for node in self]))
                               ~~~~~~~~~~~~~~~~~~~~~^^^^^^^^^
  File "D:\Web Applications\training_institute\venv\Lib\site-packages\django\template\base.py", line 1052, in render_annotated
    return self.render(context)
           ~~~~~~~~~~~^^^^^^^^^
  File "D:\Web Applications\training_institute\venv\Lib\site-packages\django\template\loader_tags.py", line 211, in render
    return template.render(context)
           ~~~~~~~~~~~~~~~^^^^^^^^^
  File "D:\Web Applications\training_institute\venv\Lib\site-packages\django\template\base.py", line 176, in render
    return self._render(context)
           ~~~~~~~~~~~~^^^^^^^^^
  File "D:\Web Applications\training_institute\venv\Lib\site-packages\django\template\base.py", line 166, in _render
    return self.nodelist.render(context)
           ~~~~~~~~~~~~~~~~~~~~^^^^^^^^^
  File "D:\Web Applications\training_institute\venv\Lib\site-packages\django\template\base.py", line 1091, in render
    return SafeString("".join([node.render_annotated(context) for node in self]))
                               ~~~~~~~~~~~~~~~~~~~~~^^^^^^^^^
  File "D:\Web Applications\training_institute\venv\Lib\site-packages\django\template\base.py", line 1052, in render_annotated
    return self.render(context)
           ~~~~~~~~~~~^^^^^^^^^
  File "D:\Web Applications\training_institute\venv\Lib\site-packages\django\template\loader_tags.py", line 211, in render
    return template.render(context)
           ~~~~~~~~~~~~~~~^^^^^^^^^
  File "D:\Web Applications\training_institute\venv\Lib\site-packages\django\template\base.py", line 176, in render
    return self._render(context)
           ~~~~~~~~~~~~^^^^^^^^^
  File "D:\Web Applications\training_institute\venv\Lib\site-packages\django\template\base.py", line 166, in _render
    return self.nodelist.render(context)
           ~~~~~~~~~~~~~~~~~~~~^^^^^^^^^
  File "D:\Web Applications\training_institute\venv\Lib\site-packages\django\template\base.py", line 1091, in render
    return SafeString("".join([node.render_annotated(context) for node in self]))
                               ~~~~~~~~~~~~~~~~~~~~~^^^^^^^^^
  File "D:\Web Applications\training_institute\venv\Lib\site-packages\django\template\base.py", line 1052, in render_annotated
    return self.render(context)
           ~~~~~~~~~~~^^^^^^^^^
  File "D:\Web Applications\training_institute\venv\Lib\site-packages\django\template\loader_tags.py", line 211, in render
    return template.render(context)
           ~~~~~~~~~~~~~~~^^^^^^^^^
  File "D:\Web Applications\training_institute\venv\Lib\site-packages\django\template\base.py", line 176, in render
    return self._render(context)
           ~~~~~~~~~~~~^^^^^^^^^
  File "D:\Web Applications\training_institute\venv\Lib\site-packages\django\template\base.py", line 166, in _render
    return self.nodelist.render(context)
           ~~~~~~~~~~~~~~~~~~~~^^^^^^^^^
  File "D:\Web Applications\training_institute\venv\Lib\site-packages\django\template\base.py", line 1091, in render
    return SafeString("".join([node.render_annotated(context) for node in self]))
                               ~~~~~~~~~~~~~~~~~~~~~^^^^^^^^^
  File "D:\Web Applications\training_institute\venv\Lib\site-packages\django\template\base.py", line 1052, in render_annotated
    return self.render(context)
           ~~~~~~~~~~~^^^^^^^^^
  File "D:\Web Applications\training_institute\venv\Lib\site-packages\django\template\loader_tags.py", line 211, in render
    return template.render(context)
           ~~~~~~~~~~~~~~~^^^^^^^^^
  File "D:\Web Applications\training_institute\venv\Lib\site-packages\django\template\base.py", line 176, in render
    return self._render(context)
           ~~~~~~~~~~~~^^^^^^^^^
  File "D:\Web Applications\training_institute\venv\Lib\site-packages\django\template\base.py", line 166, in _render
    return self.nodelist.render(context)
           ~~~~~~~~~~~~~~~~~~~~^^^^^^^^^
  File "D:\Web Applications\training_institute\venv\Lib\site-packages\django\template\base.py", line 1091, in render
    return SafeString("".join([node.render_annotated(context) for node in self]))
                               ~~~~~~~~~~~~~~~~~~~~~^^^^^^^^^
  File "D:\Web Applications\training_institute\venv\Lib\site-packages\django\template\base.py", line 1052, in render_annotated
    return self.render(context)
           ~~~~~~~~~~~^^^^^^^^^
  File "D:\Web Applications\training_institute\venv\Lib\site-packages\django\template\loader_tags.py", line 211, in render
    return template.render(context)
           ~~~~~~~~~~~~~~~^^^^^^^^^
  File "D:\Web Applications\training_institute\venv\Lib\site-packages\django\template\base.py", line 176, in render
    return self._render(context)
           ~~~~~~~~~~~~^^^^^^^^^
  File "D:\Web Applications\training_institute\venv\Lib\site-packages\django\template\base.py", line 166, in _render
    return self.nodelist.render(context)
           ~~~~~~~~~~~~~~~~~~~~^^^^^^^^^
  File "D:\Web Applications\training_institute\venv\Lib\site-packages\django\template\base.py", line 1091, in render
    return SafeString("".join([node.render_annotated(context) for node in self]))
                               ~~~~~~~~~~~~~~~~~~~~~^^^^^^^^^
  File "D:\Web Applications\training_institute\venv\Lib\site-packages\django\template\base.py", line 1052, in render_annotated
    return self.render(context)
           ~~~~~~~~~~~^^^^^^^^^
  File "D:\Web Applications\training_institute\venv\Lib\site-packages\django\template\loader_tags.py", line 211, in render
    return template.render(context)
           ~~~~~~~~~~~~~~~^^^^^^^^^
  File "D:\Web Applications\training_institute\venv\Lib\site-packages\django\template\base.py", line 176, in render
    return self._render(context)
           ~~~~~~~~~~~~^^^^^^^^^
  File "D:\Web Applications\training_institute\venv\Lib\site-packages\django\template\base.py", line 166, in _render
    return self.nodelist.render(context)
           ~~~~~~~~~~~~~~~~~~~~^^^^^^^^^
  File "D:\Web Applications\training_institute\venv\Lib\site-packages\django\template\base.py", line 1091, in render
    return SafeString("".join([node.render_annotated(context) for node in self]))
                               ~~~~~~~~~~~~~~~~~~~~~^^^^^^^^^
  File "D:\Web Applications\training_institute\venv\Lib\site-packages\django\template\base.py", line 1052, in render_annotated
    return self.render(context)
           ~~~~~~~~~~~^^^^^^^^^
  File "D:\Web Applications\training_institute\venv\Lib\site-packages\django\template\loader_tags.py", line 211, in render
    return template.render(context)
           ~~~~~~~~~~~~~~~^^^^^^^^^
  File "D:\Web Applications\training_institute\venv\Lib\site-packages\django\template\base.py", line 176, in render
    return self._render(context)
           ~~~~~~~~~~~~^^^^^^^^^
  File "D:\Web Applications\training_institute\venv\Lib\site-packages\django\template\base.py", line 166, in _render
    return self.nodelist.render(context)
           ~~~~~~~~~~~~~~~~~~~~^^^^^^^^^
  File "D:\Web Applications\training_institute\venv\Lib\site-packages\django\template\base.py", line 1091, in render
    return SafeString("".join([node.render_annotated(context) for node in self]))
                               ~~~~~~~~~~~~~~~~~~~~~^^^^^^^^^
  File "D:\Web Applications\training_institute\venv\Lib\site-packages\django\template\base.py", line 1052, in render_annotated
    return self.render(context)
           ~~~~~~~~~~~^^^^^^^^^
  File "D:\Web Applications\training_institute\venv\Lib\site-packages\django\template\loader_tags.py", line 211, in render
    return template.render(context)
           ~~~~~~~~~~~~~~~^^^^^^^^^
  File "D:\Web Applications\training_institute\venv\Lib\site-packages\django\template\base.py", line 176, in render
    return self._render(context)
           ~~~~~~~~~~~~^^^^^^^^^
  File "D:\Web Applications\training_institute\venv\Lib\site-packages\django\template\base.py", line 166, in _render
    return self.nodelist.render(context)
           ~~~~~~~~~~~~~~~~~~~~^^^^^^^^^
  File "D:\Web Applications\training_institute\venv\Lib\site-packages\django\template\base.py", line 1091, in render
    return SafeString("".join([node.render_annotated(context) for node in self]))
                               ~~~~~~~~~~~~~~~~~~~~~^^^^^^^^^
  File "D:\Web Applications\training_institute\venv\Lib\site-packages\django\template\base.py", line 1052, in render_annotated
    return self.render(context)
           ~~~~~~~~~~~^^^^^^^^^
  File "D:\Web Applications\training_institute\venv\Lib\site-packages\django\template\loader_tags.py", line 211, in render
    return template.render(context)
           ~~~~~~~~~~~~~~~^^^^^^^^^
  File "D:\Web Applications\training_institute\venv\Lib\site-packages\django\template\base.py", line 176, in render
    return self._render(context)
           ~~~~~~~~~~~~^^^^^^^^^
  File "D:\Web Applications\training_institute\venv\Lib\site-packages\django\template\base.py", line 166, in _render
    return self.nodelist.render(context)
           ~~~~~~~~~~~~~~~~~~~~^^^^^^^^^
  File "D:\Web Applications\training_institute\venv\Lib\site-packages\django\template\base.py", line 1091, in render
    return SafeString("".join([node.render_annotated(context) for node in self]))
                               ~~~~~~~~~~~~~~~~~~~~~^^^^^^^^^
  File "D:\Web Applications\training_institute\venv\Lib\site-packages\django\template\base.py", line 1052, in render_annotated
    return self.render(context)
           ~~~~~~~~~~~^^^^^^^^^
  File "D:\Web Applications\training_institute\venv\Lib\site-packages\django\template\loader_tags.py", line 211, in render
    return template.render(context)
           ~~~~~~~~~~~~~~~^^^^^^^^^
  File "D:\Web Applications\training_institute\venv\Lib\site-packages\django\template\base.py", line 176, in render
    return self._render(context)
           ~~~~~~~~~~~~^^^^^^^^^
  File "D:\Web Applications\training_institute\venv\Lib\site-packages\django\template\base.py", line 166, in _render
    return self.nodelist.render(context)
           ~~~~~~~~~~~~~~~~~~~~^^^^^^^^^
  File "D:\Web Applications\training_institute\venv\Lib\site-packages\django\template\base.py", line 1091, in render
    return SafeString("".join([node.render_annotated(context) for node in self]))
                               ~~~~~~~~~~~~~~~~~~~~~^^^^^^^^^
  File "D:\Web Applications\training_institute\venv\Lib\site-packages\django\template\base.py", line 1052, in render_annotated
    return self.render(context)
           ~~~~~~~~~~~^^^^^^^^^
  File "D:\Web Applications\training_institute\venv\Lib\site-packages\django\template\loader_tags.py", line 211, in render
    return template.render(context)
           ~~~~~~~~~~~~~~~^^^^^^^^^
  File "D:\Web Applications\training_institute\venv\Lib\site-packages\django\template\base.py", line 176, in render
    return self._render(context)
           ~~~~~~~~~~~~^^^^^^^^^
  File "D:\Web Applications\training_institute\venv\Lib\site-packages\django\template\base.py", line 166, in _render
    return self.nodelist.render(context)
           ~~~~~~~~~~~~~~~~~~~~^^^^^^^^^
  File "D:\Web Applications\training_institute\venv\Lib\site-packages\django\template\base.py", line 1091, in render
    return SafeString("".join([node.render_annotated(context) for node in self]))
                               ~~~~~~~~~~~~~~~~~~~~~^^^^^^^^^
  File "D:\Web Applications\training_institute\venv\Lib\site-packages\django\template\base.py", line 1052, in render_annotated
    return self.render(context)
           ~~~~~~~~~~~^^^^^^^^^
  File "D:\Web Applications\training_institute\venv\Lib\site-packages\django\template\loader_tags.py", line 211, in render
    return template.render(context)
           ~~~~~~~~~~~~~~~^^^^^^^^^
  File "D:\Web Applications\training_institute\venv\Lib\site-packages\django\template\base.py", line 176, in render
    return self._render(context)
           ~~~~~~~~~~~~^^^^^^^^^
  File "D:\Web Applications\training_institute\venv\Lib\site-packages\django\template\base.py", line 166, in _render
    return self.nodelist.render(context)
           ~~~~~~~~~~~~~~~~~~~~^^^^^^^^^
  File "D:\Web Applications\training_institute\venv\Lib\site-packages\django\template\base.py", line 1091, in render
    return SafeString("".join([node.render_annotated(context) for node in self]))
                               ~~~~~~~~~~~~~~~~~~~~~^^^^^^^^^
  File "D:\Web Applications\training_institute\venv\Lib\site-packages\django\template\base.py", line 1052, in render_annotated
    return self.render(context)
           ~~~~~~~~~~~^^^^^^^^^
  File "D:\Web Applications\training_institute\venv\Lib\site-packages\django\template\loader_tags.py", line 211, in render
    return template.render(context)
           ~~~~~~~~~~~~~~~^^^^^^^^^
  File "D:\Web Applications\training_institute\venv\Lib\site-packages\django\template\base.py", line 176, in render
    return self._render(context)
           ~~~~~~~~~~~~^^^^^^^^^
  File "D:\Web Applications\training_institute\venv\Lib\site-packages\django\template\base.py", line 166, in _render
    return self.nodelist.render(context)
           ~~~~~~~~~~~~~~~~~~~~^^^^^^^^^
  File "D:\Web Applications\training_institute\venv\Lib\site-packages\django\template\base.py", line 1091, in render
    return SafeString("".join([node.render_annotated(context) for node in self]))
                               ~~~~~~~~~~~~~~~~~~~~~^^^^^^^^^
  File "D:\Web Applications\training_institute\venv\Lib\site-packages\django\template\base.py", line 1052, in render_annotated
    return self.render(context)
           ~~~~~~~~~~~^^^^^^^^^
  File "D:\Web Applications\training_institute\venv\Lib\site-packages\django\template\loader_tags.py", line 211, in render
    return template.render(context)
           ~~~~~~~~~~~~~~~^^^^^^^^^
  File "D:\Web Applications\training_institute\venv\Lib\site-packages\django\template\base.py", line 176, in render
    return self._render(context)
           ~~~~~~~~~~~~^^^^^^^^^
  File "D:\Web Applications\training_institute\venv\Lib\site-packages\django\template\base.py", line 166, in _render
    return self.nodelist.render(context)
           ~~~~~~~~~~~~~~~~~~~~^^^^^^^^^
  File "D:\Web Applications\training_institute\venv\Lib\site-packages\django\template\base.py", line 1091, in render
    return SafeString("".join([node.render_annotated(context) for node in self]))
                               ~~~~~~~~~~~~~~~~~~~~~^^^^^^^^^
  File "D:\Web Applications\training_institute\venv\Lib\site-packages\django\template\base.py", line 1052, in render_annotated
    return self.render(context)
           ~~~~~~~~~~~^^^^^^^^^
  File "D:\Web Applications\training_institute\venv\Lib\site-packages\django\template\loader_tags.py", line 211, in render
    return template.render(context)
           ~~~~~~~~~~~~~~~^^^^^^^^^
  File "D:\Web Applications\training_institute\venv\Lib\site-packages\django\template\base.py", line 176, in render
    return self._render(context)
           ~~~~~~~~~~~~^^^^^^^^^
  File "D:\Web Applications\training_institute\venv\Lib\site-packages\django\template\base.py", line 166, in _render
    return self.nodelist.render(context)
           ~~~~~~~~~~~~~~~~~~~~^^^^^^^^^
  File "D:\Web Applications\training_institute\venv\Lib\site-packages\django\template\base.py", line 1091, in render
    return SafeString("".join([node.render_annotated(context) for node in self]))
                               ~~~~~~~~~~~~~~~~~~~~~^^^^^^^^^
  File "D:\Web Applications\training_institute\venv\Lib\site-packages\django\template\base.py", line 1052, in render_annotated
    return self.render(context)
           ~~~~~~~~~~~^^^^^^^^^
  File "D:\Web Applications\training_institute\venv\Lib\site-packages\django\template\loader_tags.py", line 211, in render
    return template.render(context)
           ~~~~~~~~~~~~~~~^^^^^^^^^
  File "D:\Web Applications\training_institute\venv\Lib\site-packages\django\template\base.py", line 176, in render
    return self._render(context)
           ~~~~~~~~~~~~^^^^^^^^^
  File "D:\Web Applications\training_institute\venv\Lib\site-packages\django\template\base.py", line 166, in _render
    return self.nodelist.render(context)
           ~~~~~~~~~~~~~~~~~~~~^^^^^^^^^
  File "D:\Web Applications\training_institute\venv\Lib\site-packages\django\template\base.py", line 1091, in render
    return SafeString("".join([node.render_annotated(context) for node in self]))
                               ~~~~~~~~~~~~~~~~~~~~~^^^^^^^^^
  File "D:\Web Applications\training_institute\venv\Lib\site-packages\django\template\base.py", line 1052, in render_annotated
    return self.render(context)
           ~~~~~~~~~~~^^^^^^^^^
  File "D:\Web Applications\training_institute\venv\Lib\site-packages\django\template\loader_tags.py", line 211, in render
    return template.render(context)
           ~~~~~~~~~~~~~~~^^^^^^^^^
  File "D:\Web Applications\training_institute\venv\Lib\site-packages\django\template\base.py", line 176, in render
    return self._render(context)
           ~~~~~~~~~~~~^^^^^^^^^
  File "D:\Web Applications\training_institute\venv\Lib\site-packages\django\template\base.py", line 166, in _render
    return self.nodelist.render(context)
           ~~~~~~~~~~~~~~~~~~~~^^^^^^^^^
  File "D:\Web Applications\training_institute\venv\Lib\site-packages\django\template\base.py", line 1091, in render
    return SafeString("".join([node.render_annotated(context) for node in self]))
                               ~~~~~~~~~~~~~~~~~~~~~^^^^^^^^^
  File "D:\Web Applications\training_institute\venv\Lib\site-packages\django\template\base.py", line 1052, in render_annotated
    return self.render(context)
           ~~~~~~~~~~~^^^^^^^^^
  File "D:\Web Applications\training_institute\venv\Lib\site-packages\django\template\loader_tags.py", line 211, in render
    return template.render(context)
           ~~~~~~~~~~~~~~~^^^^^^^^^
  File "D:\Web Applications\training_institute\venv\Lib\site-packages\django\template\base.py", line 176, in render
    return self._render(context)
           ~~~~~~~~~~~~^^^^^^^^^
  File "D:\Web Applications\training_institute\venv\Lib\site-packages\django\template\base.py", line 166, in _render
    return self.nodelist.render(context)
           ~~~~~~~~~~~~~~~~~~~~^^^^^^^^^
  File "D:\Web Applications\training_institute\venv\Lib\site-packages\django\template\base.py", line 1091, in render
    return SafeString("".join([node.render_annotated(context) for node in self]))
                               ~~~~~~~~~~~~~~~~~~~~~^^^^^^^^^
  File "D:\Web Applications\training_institute\venv\Lib\site-packages\django\template\base.py", line 1052, in render_annotated
    return self.render(context)
           ~~~~~~~~~~~^^^^^^^^^
  File "D:\Web Applications\training_institute\venv\Lib\site-packages\django\template\loader_tags.py", line 211, in render
    return template.render(context)
           ~~~~~~~~~~~~~~~^^^^^^^^^
  File "D:\Web Applications\training_institute\venv\Lib\site-packages\django\template\base.py", line 176, in render
    return self._render(context)
           ~~~~~~~~~~~~^^^^^^^^^
  File "D:\Web Applications\training_institute\venv\Lib\site-packages\django\template\base.py", line 166, in _render
    return self.nodelist.render(context)
           ~~~~~~~~~~~~~~~~~~~~^^^^^^^^^
  File "D:\Web Applications\training_institute\venv\Lib\site-packages\django\template\base.py", line 1091, in render
    return SafeString("".join([node.render_annotated(context) for node in self]))
                               ~~~~~~~~~~~~~~~~~~~~~^^^^^^^^^
  File "D:\Web Applications\training_institute\venv\Lib\site-packages\django\template\base.py", line 1052, in render_annotated
    return self.render(context)
           ~~~~~~~~~~~^^^^^^^^^
  File "D:\Web Applications\training_institute\venv\Lib\site-packages\django\template\loader_tags.py", line 211, in render
    return template.render(context)
           ~~~~~~~~~~~~~~~^^^^^^^^^
  File "D:\Web Applications\training_institute\venv\Lib\site-packages\django\template\base.py", line 176, in render
    return self._render(context)
           ~~~~~~~~~~~~^^^^^^^^^
  File "D:\Web Applications\training_institute\venv\Lib\site-packages\django\template\base.py", line 166, in _render
    return self.nodelist.render(context)
           ~~~~~~~~~~~~~~~~~~~~^^^^^^^^^
  File "D:\Web Applications\training_institute\venv\Lib\site-packages\django\template\base.py", line 1091, in render
    return SafeString("".join([node.render_annotated(context) for node in self]))
                               ~~~~~~~~~~~~~~~~~~~~~^^^^^^^^^
  File "D:\Web Applications\training_institute\venv\Lib\site-packages\django\template\base.py", line 1052, in render_annotated
    return self.render(context)
           ~~~~~~~~~~~^^^^^^^^^
  File "D:\Web Applications\training_institute\venv\Lib\site-packages\django\template\loader_tags.py", line 211, in render
    return template.render(context)
           ~~~~~~~~~~~~~~~^^^^^^^^^
  File "D:\Web Applications\training_institute\venv\Lib\site-packages\django\template\base.py", line 176, in render
    return self._render(context)
           ~~~~~~~~~~~~^^^^^^^^^
  File "D:\Web Applications\training_institute\venv\Lib\site-packages\django\template\base.py", line 166, in _render
    return self.nodelist.render(context)
           ~~~~~~~~~~~~~~~~~~~~^^^^^^^^^
  File "D:\Web Applications\training_institute\venv\Lib\site-packages\django\template\base.py", line 1091, in render
    return SafeString("".join([node.render_annotated(context) for node in self]))
                               ~~~~~~~~~~~~~~~~~~~~~^^^^^^^^^
  File "D:\Web Applications\training_institute\venv\Lib\site-packages\django\template\base.py", line 1052, in render_annotated
    return self.render(context)
           ~~~~~~~~~~~^^^^^^^^^
  File "D:\Web Applications\training_institute\venv\Lib\site-packages\django\template\loader_tags.py", line 211, in render
    return template.render(context)
           ~~~~~~~~~~~~~~~^^^^^^^^^
  File "D:\Web Applications\training_institute\venv\Lib\site-packages\django\template\base.py", line 176, in render
    return self._render(context)
           ~~~~~~~~~~~~^^^^^^^^^
  File "D:\Web Applications\training_institute\venv\Lib\site-packages\django\template\base.py", line 166, in _render
    return self.nodelist.render(context)
           ~~~~~~~~~~~~~~~~~~~~^^^^^^^^^
  File "D:\Web Applications\training_institute\venv\Lib\site-packages\django\template\base.py", line 1091, in render
    return SafeString("".join([node.render_annotated(context) for node in self]))
                               ~~~~~~~~~~~~~~~~~~~~~^^^^^^^^^
  File "D:\Web Applications\training_institute\venv\Lib\site-packages\django\template\base.py", line 1052, in render_annotated
    return self.render(context)
           ~~~~~~~~~~~^^^^^^^^^
  File "D:\Web Applications\training_institute\venv\Lib\site-packages\django\template\loader_tags.py", line 211, in render
    return template.render(context)
           ~~~~~~~~~~~~~~~^^^^^^^^^
  File "D:\Web Applications\training_institute\venv\Lib\site-packages\django\template\base.py", line 176, in render
    return self._render(context)
           ~~~~~~~~~~~~^^^^^^^^^
  File "D:\Web Applications\training_institute\venv\Lib\site-packages\django\template\base.py", line 166, in _render
    return self.nodelist.render(context)
           ~~~~~~~~~~~~~~~~~~~~^^^^^^^^^
  File "D:\Web Applications\training_institute\venv\Lib\site-packages\django\template\base.py", line 1091, in render
    return SafeString("".join([node.render_annotated(context) for node in self]))
                               ~~~~~~~~~~~~~~~~~~~~~^^^^^^^^^
  File "D:\Web Applications\training_institute\venv\Lib\site-packages\django\template\base.py", line 1052, in render_annotated
    return self.render(context)
           ~~~~~~~~~~~^^^^^^^^^
  File "D:\Web Applications\training_institute\venv\Lib\site-packages\django\template\loader_tags.py", line 211, in render
    return template.render(context)
           ~~~~~~~~~~~~~~~^^^^^^^^^
  File "D:\Web Applications\training_institute\venv\Lib\site-packages\django\template\base.py", line 176, in render
    return self._render(context)
           ~~~~~~~~~~~~^^^^^^^^^
  File "D:\Web Applications\training_institute\venv\Lib\site-packages\django\template\base.py", line 166, in _render
    return self.nodelist.render(context)
           ~~~~~~~~~~~~~~~~~~~~^^^^^^^^^
  File "D:\Web Applications\training_institute\venv\Lib\site-packages\django\template\base.py", line 1091, in render
    return SafeString("".join([node.render_annotated(context) for node in self]))
                               ~~~~~~~~~~~~~~~~~~~~~^^^^^^^^^
  File "D:\Web Applications\training_institute\venv\Lib\site-packages\django\template\base.py", line 1052, in render_annotated
    return self.render(context)
           ~~~~~~~~~~~^^^^^^^^^
  File "D:\Web Applications\training_institute\venv\Lib\site-packages\django\template\loader_tags.py", line 211, in render
    return template.render(context)
           ~~~~~~~~~~~~~~~^^^^^^^^^
  File "D:\Web Applications\training_institute\venv\Lib\site-packages\django\template\base.py", line 176, in render
    return self._render(context)
           ~~~~~~~~~~~~^^^^^^^^^
  File "D:\Web Applications\training_institute\venv\Lib\site-packages\django\template\base.py", line 166, in _render
    return self.nodelist.render(context)
           ~~~~~~~~~~~~~~~~~~~~^^^^^^^^^
  File "D:\Web Applications\training_institute\venv\Lib\site-packages\django\template\base.py", line 1091, in render
    return SafeString("".join([node.render_annotated(context) for node in self]))
                               ~~~~~~~~~~~~~~~~~~~~~^^^^^^^^^
  File "D:\Web Applications\training_institute\venv\Lib\site-packages\django\template\base.py", line 1052, in render_annotated
    return self.render(context)
           ~~~~~~~~~~~^^^^^^^^^
  File "D:\Web Applications\training_institute\venv\Lib\site-packages\django\template\loader_tags.py", line 211, in render
    return template.render(context)
           ~~~~~~~~~~~~~~~^^^^^^^^^
  File "D:\Web Applications\training_institute\venv\Lib\site-packages\django\template\base.py", line 176, in render
    return self._render(context)
           ~~~~~~~~~~~~^^^^^^^^^
  File "D:\Web Applications\training_institute\venv\Lib\site-packages\django\template\base.py", line 166, in _render
    return self.nodelist.render(context)
           ~~~~~~~~~~~~~~~~~~~~^^^^^^^^^
  File "D:\Web Applications\training_institute\venv\Lib\site-packages\django\template\base.py", line 1091, in render
    return SafeString("".join([node.render_annotated(context) for node in self]))
                               ~~~~~~~~~~~~~~~~~~~~~^^^^^^^^^
  File "D:\Web Applications\training_institute\venv\Lib\site-packages\django\template\base.py", line 1052, in render_annotated
    return self.render(context)
           ~~~~~~~~~~~^^^^^^^^^
  File "D:\Web Applications\training_institute\venv\Lib\site-packages\django\template\loader_tags.py", line 211, in render
    return template.render(context)
           ~~~~~~~~~~~~~~~^^^^^^^^^
  File "D:\Web Applications\training_institute\venv\Lib\site-packages\django\template\base.py", line 176, in render
    return self._render(context)
           ~~~~~~~~~~~~^^^^^^^^^
  File "D:\Web Applications\training_institute\venv\Lib\site-packages\django\template\base.py", line 166, in _render
    return self.nodelist.render(context)
           ~~~~~~~~~~~~~~~~~~~~^^^^^^^^^
  File "D:\Web Applications\training_institute\venv\Lib\site-packages\django\template\base.py", line 1091, in render
    return SafeString("".join([node.render_annotated(context) for node in self]))
                               ~~~~~~~~~~~~~~~~~~~~~^^^^^^^^^
  File "D:\Web Applications\training_institute\venv\Lib\site-packages\django\template\base.py", line 1052, in render_annotated
    return self.render(context)
           ~~~~~~~~~~~^^^^^^^^^
  File "D:\Web Applications\training_institute\venv\Lib\site-packages\django\template\loader_tags.py", line 211, in render
    return template.render(context)
           ~~~~~~~~~~~~~~~^^^^^^^^^
  File "D:\Web Applications\training_institute\venv\Lib\site-packages\django\template\base.py", line 176, in render
    return self._render(context)
           ~~~~~~~~~~~~^^^^^^^^^
  File "D:\Web Applications\training_institute\venv\Lib\site-packages\django\template\base.py", line 166, in _render
    return self.nodelist.render(context)
           ~~~~~~~~~~~~~~~~~~~~^^^^^^^^^
  File "D:\Web Applications\training_institute\venv\Lib\site-packages\django\template\base.py", line 1091, in render
    return SafeString("".join([node.render_annotated(context) for node in self]))
                               ~~~~~~~~~~~~~~~~~~~~~^^^^^^^^^
  File "D:\Web Applications\training_institute\venv\Lib\site-packages\django\template\base.py", line 1052, in render_annotated
    return self.render(context)
           ~~~~~~~~~~~^^^^^^^^^
  File "D:\Web Applications\training_institute\venv\Lib\site-packages\django\template\loader_tags.py", line 211, in render
    return template.render(context)
           ~~~~~~~~~~~~~~~^^^^^^^^^
  File "D:\Web Applications\training_institute\venv\Lib\site-packages\django\template\base.py", line 176, in render
    return self._render(context)
           ~~~~~~~~~~~~^^^^^^^^^
  File "D:\Web Applications\training_institute\venv\Lib\site-packages\django\template\base.py", line 166, in _render
    return self.nodelist.render(context)
           ~~~~~~~~~~~~~~~~~~~~^^^^^^^^^
  File "D:\Web Applications\training_institute\venv\Lib\site-packages\django\template\base.py", line 1091, in render
    return SafeString("".join([node.render_annotated(context) for node in self]))
                               ~~~~~~~~~~~~~~~~~~~~~^^^^^^^^^
  File "D:\Web Applications\training_institute\venv\Lib\site-packages\django\template\base.py", line 1052, in render_annotated
    return self.render(context)
           ~~~~~~~~~~~^^^^^^^^^
  File "D:\Web Applications\training_institute\venv\Lib\site-packages\django\template\loader_tags.py", line 211, in render
    return template.render(context)
           ~~~~~~~~~~~~~~~^^^^^^^^^
  File "D:\Web Applications\training_institute\venv\Lib\site-packages\django\template\base.py", line 176, in render
    return self._render(context)
           ~~~~~~~~~~~~^^^^^^^^^
  File "D:\Web Applications\training_institute\venv\Lib\site-packages\django\template\base.py", line 166, in _render
    return self.nodelist.render(context)
           ~~~~~~~~~~~~~~~~~~~~^^^^^^^^^
  File "D:\Web Applications\training_institute\venv\Lib\site-packages\django\template\base.py", line 1091, in render
    return SafeString("".join([node.render_annotated(context) for node in self]))
                               ~~~~~~~~~~~~~~~~~~~~~^^^^^^^^^
  File "D:\Web Applications\training_institute\venv\Lib\site-packages\django\template\base.py", line 1052, in render_annotated
    return self.render(context)
           ~~~~~~~~~~~^^^^^^^^^
  File "D:\Web Applications\training_institute\venv\Lib\site-packages\django\template\loader_tags.py", line 211, in render
    return template.render(context)
           ~~~~~~~~~~~~~~~^^^^^^^^^
  File "D:\Web Applications\training_institute\venv\Lib\site-packages\django\template\base.py", line 176, in render
    return self._render(context)
           ~~~~~~~~~~~~^^^^^^^^^
  File "D:\Web Applications\training_institute\venv\Lib\site-packages\django\template\base.py", line 166, in _render
    return self.nodelist.render(context)
           ~~~~~~~~~~~~~~~~~~~~^^^^^^^^^
  File "D:\Web Applications\training_institute\venv\Lib\site-packages\django\template\base.py", line 1091, in render
    return SafeString("".join([node.render_annotated(context) for node in self]))
                               ~~~~~~~~~~~~~~~~~~~~~^^^^^^^^^
  File "D:\Web Applications\training_institute\venv\Lib\site-packages\django\template\base.py", line 1052, in render_annotated
    return self.render(context)
           ~~~~~~~~~~~^^^^^^^^^
  File "D:\Web Applications\training_institute\venv\Lib\site-packages\django\template\loader_tags.py", line 211, in render
    return template.render(context)
           ~~~~~~~~~~~~~~~^^^^^^^^^
  File "D:\Web Applications\training_institute\venv\Lib\site-packages\django\template\base.py", line 176, in render
    return self._render(context)
           ~~~~~~~~~~~~^^^^^^^^^
  File "D:\Web Applications\training_institute\venv\Lib\site-packages\django\template\base.py", line 166, in _render
    return self.nodelist.render(context)
           ~~~~~~~~~~~~~~~~~~~~^^^^^^^^^
  File "D:\Web Applications\training_institute\venv\Lib\site-packages\django\template\base.py", line 1091, in render
    return SafeString("".join([node.render_annotated(context) for node in self]))
                               ~~~~~~~~~~~~~~~~~~~~~^^^^^^^^^
  File "D:\Web Applications\training_institute\venv\Lib\site-packages\django\template\base.py", line 1052, in render_annotated
    return self.render(context)
           ~~~~~~~~~~~^^^^^^^^^
  File "D:\Web Applications\training_institute\venv\Lib\site-packages\django\template\loader_tags.py", line 211, in render
    return template.render(context)
           ~~~~~~~~~~~~~~~^^^^^^^^^
  File "D:\Web Applications\training_institute\venv\Lib\site-packages\django\template\base.py", line 176, in render
    return self._render(context)
           ~~~~~~~~~~~~^^^^^^^^^
  File "D:\Web Applications\training_institute\venv\Lib\site-packages\django\template\base.py", line 166, in _render
    return self.nodelist.render(context)
           ~~~~~~~~~~~~~~~~~~~~^^^^^^^^^
  File "D:\Web Applications\training_institute\venv\Lib\site-packages\django\template\base.py", line 1091, in render
    return SafeString("".join([node.render_annotated(context) for node in self]))
                               ~~~~~~~~~~~~~~~~~~~~~^^^^^^^^^
  File "D:\Web Applications\training_institute\venv\Lib\site-packages\django\template\base.py", line 1052, in render_annotated
    return self.render(context)
           ~~~~~~~~~~~^^^^^^^^^
  File "D:\Web Applications\training_institute\venv\Lib\site-packages\django\template\loader_tags.py", line 211, in render
    return template.render(context)
           ~~~~~~~~~~~~~~~^^^^^^^^^
  File "D:\Web Applications\training_institute\venv\Lib\site-packages\django\template\base.py", line 176, in render
    return self._render(context)
           ~~~~~~~~~~~~^^^^^^^^^
  File "D:\Web Applications\training_institute\venv\Lib\site-packages\django\template\base.py", line 166, in _render
    return self.nodelist.render(context)
           ~~~~~~~~~~~~~~~~~~~~^^^^^^^^^
  File "D:\Web Applications\training_institute\venv\Lib\site-packages\django\template\base.py", line 1091, in render
    return SafeString("".join([node.render_annotated(context) for node in self]))
                               ~~~~~~~~~~~~~~~~~~~~~^^^^^^^^^
  File "D:\Web Applications\training_institute\venv\Lib\site-packages\django\template\base.py", line 1052, in render_annotated
    return self.render(context)
           ~~~~~~~~~~~^^^^^^^^^
  File "D:\Web Applications\training_institute\venv\Lib\site-packages\django\template\loader_tags.py", line 211, in render
    return template.render(context)
           ~~~~~~~~~~~~~~~^^^^^^^^^
  File "D:\Web Applications\training_institute\venv\Lib\site-packages\django\template\base.py", line 176, in render
    return self._render(context)
           ~~~~~~~~~~~~^^^^^^^^^
  File "D:\Web Applications\training_institute\venv\Lib\site-packages\django\template\base.py", line 166, in _render
    return self.nodelist.render(context)
           ~~~~~~~~~~~~~~~~~~~~^^^^^^^^^
  File "D:\Web Applications\training_institute\venv\Lib\site-packages\django\template\base.py", line 1091, in render
    return SafeString("".join([node.render_annotated(context) for node in self]))
                               ~~~~~~~~~~~~~~~~~~~~~^^^^^^^^^
  File "D:\Web Applications\training_institute\venv\Lib\site-packages\django\template\base.py", line 1052, in render_annotated
    return self.render(context)
           ~~~~~~~~~~~^^^^^^^^^
  File "D:\Web Applications\training_institute\venv\Lib\site-packages\django\template\loader_tags.py", line 211, in render
    return template.render(context)
           ~~~~~~~~~~~~~~~^^^^^^^^^
  File "D:\Web Applications\training_institute\venv\Lib\site-packages\django\template\base.py", line 176, in render
    return self._render(context)
           ~~~~~~~~~~~~^^^^^^^^^
  File "D:\Web Applications\training_institute\venv\Lib\site-packages\django\template\base.py", line 166, in _render
    return self.nodelist.render(context)
           ~~~~~~~~~~~~~~~~~~~~^^^^^^^^^
  File "D:\Web Applications\training_institute\venv\Lib\site-packages\django\template\base.py", line 1091, in render
    return SafeString("".join([node.render_annotated(context) for node in self]))
                               ~~~~~~~~~~~~~~~~~~~~~^^^^^^^^^
  File "D:\Web Applications\training_institute\venv\Lib\site-packages\django\template\base.py", line 1052, in render_annotated
    return self.render(context)
           ~~~~~~~~~~~^^^^^^^^^
  File "D:\Web Applications\training_institute\venv\Lib\site-packages\django\template\loader_tags.py", line 211, in render
    return template.render(context)
           ~~~~~~~~~~~~~~~^^^^^^^^^
  File "D:\Web Applications\training_institute\venv\Lib\site-packages\django\template\base.py", line 176, in render
    return self._render(context)
           ~~~~~~~~~~~~^^^^^^^^^
  File "D:\Web Applications\training_institute\venv\Lib\site-packages\django\template\base.py", line 166, in _render
    return self.nodelist.render(context)
           ~~~~~~~~~~~~~~~~~~~~^^^^^^^^^
  File "D:\Web Applications\training_institute\venv\Lib\site-packages\django\template\base.py", line 1091, in render
    return SafeString("".join([node.render_annotated(context) for node in self]))
                               ~~~~~~~~~~~~~~~~~~~~~^^^^^^^^^
  File "D:\Web Applications\training_institute\venv\Lib\site-packages\django\template\base.py", line 1052, in render_annotated
    return self.render(context)
           ~~~~~~~~~~~^^^^^^^^^
  File "D:\Web Applications\training_institute\venv\Lib\site-packages\django\template\loader_tags.py", line 211, in render
    return template.render(context)
           ~~~~~~~~~~~~~~~^^^^^^^^^
  File "D:\Web Applications\training_institute\venv\Lib\site-packages\django\template\base.py", line 176, in render
    return self._render(context)
           ~~~~~~~~~~~~^^^^^^^^^
  File "D:\Web Applications\training_institute\venv\Lib\site-packages\django\template\base.py", line 166, in _render
    return self.nodelist.render(context)
           ~~~~~~~~~~~~~~~~~~~~^^^^^^^^^
  File "D:\Web Applications\training_institute\venv\Lib\site-packages\django\template\base.py", line 1091, in render
    return SafeString("".join([node.render_annotated(context) for node in self]))
                               ~~~~~~~~~~~~~~~~~~~~~^^^^^^^^^
  File "D:\Web Applications\training_institute\venv\Lib\site-packages\django\template\base.py", line 1052, in render_annotated
    return self.render(context)
           ~~~~~~~~~~~^^^^^^^^^
  File "D:\Web Applications\training_institute\venv\Lib\site-packages\django\template\loader_tags.py", line 211, in render
    return template.render(context)
           ~~~~~~~~~~~~~~~^^^^^^^^^
  File "D:\Web Applications\training_institute\venv\Lib\site-packages\django\template\base.py", line 176, in render
    return self._render(context)
           ~~~~~~~~~~~~^^^^^^^^^
  File "D:\Web Applications\training_institute\venv\Lib\site-packages\django\template\base.py", line 166, in _render
    return self.nodelist.render(context)
           ~~~~~~~~~~~~~~~~~~~~^^^^^^^^^
  File "D:\Web Applications\training_institute\venv\Lib\site-packages\django\template\base.py", line 1091, in render
    return SafeString("".join([node.render_annotated(context) for node in self]))
                               ~~~~~~~~~~~~~~~~~~~~~^^^^^^^^^
  File "D:\Web Applications\training_institute\venv\Lib\site-packages\django\template\base.py", line 1052, in render_annotated
    return self.render(context)
           ~~~~~~~~~~~^^^^^^^^^
  File "D:\Web Applications\training_institute\venv\Lib\site-packages\django\template\loader_tags.py", line 211, in render
    return template.render(context)
           ~~~~~~~~~~~~~~~^^^^^^^^^
  File "D:\Web Applications\training_institute\venv\Lib\site-packages\django\template\base.py", line 176, in render
    return self._render(context)
           ~~~~~~~~~~~~^^^^^^^^^
  File "D:\Web Applications\training_institute\venv\Lib\site-packages\django\template\base.py", line 166, in _render
    return self.nodelist.render(context)
           ~~~~~~~~~~~~~~~~~~~~^^^^^^^^^
  File "D:\Web Applications\training_institute\venv\Lib\site-packages\django\template\base.py", line 1091, in render
    return SafeString("".join([node.render_annotated(context) for node in self]))
                               ~~~~~~~~~~~~~~~~~~~~~^^^^^^^^^
  File "D:\Web Applications\training_institute\venv\Lib\site-packages\django\template\base.py", line 1052, in render_annotated
    return self.render(context)
           ~~~~~~~~~~~^^^^^^^^^
  File "D:\Web Applications\training_institute\venv\Lib\site-packages\django\template\loader_tags.py", line 211, in render
    return template.render(context)
           ~~~~~~~~~~~~~~~^^^^^^^^^
  File "D:\Web Applications\training_institute\venv\Lib\site-packages\django\template\base.py", line 176, in render
    return self._render(context)
           ~~~~~~~~~~~~^^^^^^^^^
  File "D:\Web Applications\training_institute\venv\Lib\site-packages\django\template\base.py", line 166, in _render
    return self.nodelist.render(context)
           ~~~~~~~~~~~~~~~~~~~~^^^^^^^^^
  File "D:\Web Applications\training_institute\venv\Lib\site-packages\django\template\base.py", line 1091, in render
    return SafeString("".join([node.render_annotated(context) for node in self]))
                               ~~~~~~~~~~~~~~~~~~~~~^^^^^^^^^
  File "D:\Web Applications\training_institute\venv\Lib\site-packages\django\template\base.py", line 1052, in render_annotated
    return self.render(context)
           ~~~~~~~~~~~^^^^^^^^^
  File "D:\Web Applications\training_institute\venv\Lib\site-packages\django\template\loader_tags.py", line 211, in render
    return template.render(context)
           ~~~~~~~~~~~~~~~^^^^^^^^^
  File "D:\Web Applications\training_institute\venv\Lib\site-packages\django\template\base.py", line 176, in render
    return self._render(context)
           ~~~~~~~~~~~~^^^^^^^^^
  File "D:\Web Applications\training_institute\venv\Lib\site-packages\django\template\base.py", line 166, in _render
    return self.nodelist.render(context)
           ~~~~~~~~~~~~~~~~~~~~^^^^^^^^^
  File "D:\Web Applications\training_institute\venv\Lib\site-packages\django\template\base.py", line 1091, in render
    return SafeString("".join([node.render_annotated(context) for node in self]))
                               ~~~~~~~~~~~~~~~~~~~~~^^^^^^^^^
  File "D:\Web Applications\training_institute\venv\Lib\site-packages\django\template\base.py", line 1052, in render_annotated
    return self.render(context)
           ~~~~~~~~~~~^^^^^^^^^
  File "D:\Web Applications\training_institute\venv\Lib\site-packages\django\template\loader_tags.py", line 211, in render
    return template.render(context)
           ~~~~~~~~~~~~~~~^^^^^^^^^
  File "D:\Web Applications\training_institute\venv\Lib\site-packages\django\template\base.py", line 176, in render
    return self._render(context)
           ~~~~~~~~~~~~^^^^^^^^^
  File "D:\Web Applications\training_institute\venv\Lib\site-packages\django\template\base.py", line 166, in _render
    return self.nodelist.render(context)
           ~~~~~~~~~~~~~~~~~~~~^^^^^^^^^
  File "D:\Web Applications\training_institute\venv\Lib\site-packages\django\template\base.py", line 1091, in render
    return SafeString("".join([node.render_annotated(context) for node in self]))
                               ~~~~~~~~~~~~~~~~~~~~~^^^^^^^^^
  File "D:\Web Applications\training_institute\venv\Lib\site-packages\django\template\base.py", line 1052, in render_annotated
    return self.render(context)
           ~~~~~~~~~~~^^^^^^^^^
  File "D:\Web Applications\training_institute\venv\Lib\site-packages\django\template\loader_tags.py", line 211, in render
    return template.render(context)
           ~~~~~~~~~~~~~~~^^^^^^^^^
  File "D:\Web Applications\training_institute\venv\Lib\site-packages\django\template\base.py", line 176, in render
    return self._render(context)
           ~~~~~~~~~~~~^^^^^^^^^
  File "D:\Web Applications\training_institute\venv\Lib\site-packages\django\template\base.py", line 166, in _render
    return self.nodelist.render(context)
           ~~~~~~~~~~~~~~~~~~~~^^^^^^^^^
  File "D:\Web Applications\training_institute\venv\Lib\site-packages\django\template\base.py", line 1091, in render
    return SafeString("".join([node.render_annotated(context) for node in self]))
                               ~~~~~~~~~~~~~~~~~~~~~^^^^^^^^^
  File "D:\Web Applications\training_institute\venv\Lib\site-packages\django\template\base.py", line 1052, in render_annotated
    return self.render(context)
           ~~~~~~~~~~~^^^^^^^^^
  File "D:\Web Applications\training_institute\venv\Lib\site-packages\django\template\loader_tags.py", line 211, in render
    return template.render(context)
           ~~~~~~~~~~~~~~~^^^^^^^^^
  File "D:\Web Applications\training_institute\venv\Lib\site-packages\django\template\base.py", line 176, in render
    return self._render(context)
           ~~~~~~~~~~~~^^^^^^^^^
  File "D:\Web Applications\training_institute\venv\Lib\site-packages\django\template\base.py", line 166, in _render
    return self.nodelist.render(context)
           ~~~~~~~~~~~~~~~~~~~~^^^^^^^^^
  File "D:\Web Applications\training_institute\venv\Lib\site-packages\django\template\base.py", line 1091, in render
    return SafeString("".join([node.render_annotated(context) for node in self]))
                               ~~~~~~~~~~~~~~~~~~~~~^^^^^^^^^
  File "D:\Web Applications\training_institute\venv\Lib\site-packages\django\template\base.py", line 1052, in render_annotated
    return self.render(context)
           ~~~~~~~~~~~^^^^^^^^^
  File "D:\Web Applications\training_institute\venv\Lib\site-packages\django\template\loader_tags.py", line 211, in render
    return template.render(context)
           ~~~~~~~~~~~~~~~^^^^^^^^^
  File "D:\Web Applications\training_institute\venv\Lib\site-packages\django\template\base.py", line 176, in render
    return self._render(context)
           ~~~~~~~~~~~~^^^^^^^^^
  File "D:\Web Applications\training_institute\venv\Lib\site-packages\django\template\base.py", line 166, in _render
    return self.nodelist.render(context)
           ~~~~~~~~~~~~~~~~~~~~^^^^^^^^^
  File "D:\Web Applications\training_institute\venv\Lib\site-packages\django\template\base.py", line 1091, in render
    return SafeString("".join([node.render_annotated(context) for node in self]))
                               ~~~~~~~~~~~~~~~~~~~~~^^^^^^^^^
  File "D:\Web Applications\training_institute\venv\Lib\site-packages\django\template\base.py", line 1052, in render_annotated
    return self.render(context)
           ~~~~~~~~~~~^^^^^^^^^
  File "D:\Web Applications\training_institute\venv\Lib\site-packages\django\template\loader_tags.py", line 211, in render
    return template.render(context)
           ~~~~~~~~~~~~~~~^^^^^^^^^
  File "D:\Web Applications\training_institute\venv\Lib\site-packages\django\template\base.py", line 176, in render
    return self._render(context)
           ~~~~~~~~~~~~^^^^^^^^^
  File "D:\Web Applications\training_institute\venv\Lib\site-packages\django\template\base.py", line 166, in _render
    return self.nodelist.render(context)
           ~~~~~~~~~~~~~~~~~~~~^^^^^^^^^
  File "D:\Web Applications\training_institute\venv\Lib\site-packages\django\template\base.py", line 1091, in render
    return SafeString("".join([node.render_annotated(context) for node in self]))
                               ~~~~~~~~~~~~~~~~~~~~~^^^^^^^^^
  File "D:\Web Applications\training_institute\venv\Lib\site-packages\django\template\base.py", line 1052, in render_annotated
    return self.render(context)
           ~~~~~~~~~~~^^^^^^^^^
  File "D:\Web Applications\training_institute\venv\Lib\site-packages\django\template\loader_tags.py", line 211, in render
    return template.render(context)
           ~~~~~~~~~~~~~~~^^^^^^^^^
  File "D:\Web Applications\training_institute\venv\Lib\site-packages\django\template\base.py", line 176, in render
    return self._render(context)
           ~~~~~~~~~~~~^^^^^^^^^
  File "D:\Web Applications\training_institute\venv\Lib\site-packages\django\template\base.py", line 166, in _render
    return self.nodelist.render(context)
           ~~~~~~~~~~~~~~~~~~~~^^^^^^^^^
  File "D:\Web Applications\training_institute\venv\Lib\site-packages\django\template\base.py", line 1091, in render
    return SafeString("".join([node.render_annotated(context) for node in self]))
                               ~~~~~~~~~~~~~~~~~~~~~^^^^^^^^^
  File "D:\Web Applications\training_institute\venv\Lib\site-packages\django\template\base.py", line 1052, in render_annotated
    return self.render(context)
           ~~~~~~~~~~~^^^^^^^^^
  File "D:\Web Applications\training_institute\venv\Lib\site-packages\django\template\loader_tags.py", line 211, in render
    return template.render(context)
           ~~~~~~~~~~~~~~~^^^^^^^^^
  File "D:\Web Applications\training_institute\venv\Lib\site-packages\django\template\base.py", line 176, in render
    return self._render(context)
           ~~~~~~~~~~~~^^^^^^^^^
  File "D:\Web Applications\training_institute\venv\Lib\site-packages\django\template\base.py", line 166, in _render
    return self.nodelist.render(context)
           ~~~~~~~~~~~~~~~~~~~~^^^^^^^^^
  File "D:\Web Applications\training_institute\venv\Lib\site-packages\django\template\base.py", line 1091, in render
    return SafeString("".join([node.render_annotated(context) for node in self]))
                               ~~~~~~~~~~~~~~~~~~~~~^^^^^^^^^
  File "D:\Web Applications\training_institute\venv\Lib\site-packages\django\template\base.py", line 1052, in render_annotated
    return self.render(context)
           ~~~~~~~~~~~^^^^^^^^^
  File "D:\Web Applications\training_institute\venv\Lib\site-packages\django\template\loader_tags.py", line 211, in render
    return template.render(context)
           ~~~~~~~~~~~~~~~^^^^^^^^^
  File "D:\Web Applications\training_institute\venv\Lib\site-packages\django\template\base.py", line 176, in render
    return self._render(context)
           ~~~~~~~~~~~~^^^^^^^^^
  File "D:\Web Applications\training_institute\venv\Lib\site-packages\django\template\base.py", line 166, in _render
    return self.nodelist.render(context)
           ~~~~~~~~~~~~~~~~~~~~^^^^^^^^^
  File "D:\Web Applications\training_institute\venv\Lib\site-packages\django\template\base.py", line 1091, in render
    return SafeString("".join([node.render_annotated(context) for node in self]))
                               ~~~~~~~~~~~~~~~~~~~~~^^^^^^^^^
  File "D:\Web Applications\training_institute\venv\Lib\site-packages\django\template\base.py", line 1052, in render_annotated
    return self.render(context)
           ~~~~~~~~~~~^^^^^^^^^
  File "D:\Web Applications\training_institute\venv\Lib\site-packages\django\template\loader_tags.py", line 211, in render
    return template.render(context)
           ~~~~~~~~~~~~~~~^^^^^^^^^
  File "D:\Web Applications\training_institute\venv\Lib\site-packages\django\template\base.py", line 176, in render
    return self._render(context)
           ~~~~~~~~~~~~^^^^^^^^^
  File "D:\Web Applications\training_institute\venv\Lib\site-packages\django\template\base.py", line 166, in _render
    return self.nodelist.render(context)
           ~~~~~~~~~~~~~~~~~~~~^^^^^^^^^
  File "D:\Web Applications\training_institute\venv\Lib\site-packages\django\template\base.py", line 1091, in render
    return SafeString("".join([node.render_annotated(context) for node in self]))
                               ~~~~~~~~~~~~~~~~~~~~~^^^^^^^^^
  File "D:\Web Applications\training_institute\venv\Lib\site-packages\django\template\base.py", line 1052, in render_annotated
    return self.render(context)
           ~~~~~~~~~~~^^^^^^^^^
  File "D:\Web Applications\training_institute\venv\Lib\site-packages\django\template\loader_tags.py", line 211, in render
    return template.render(context)
           ~~~~~~~~~~~~~~~^^^^^^^^^
  File "D:\Web Applications\training_institute\venv\Lib\site-packages\django\template\base.py", line 176, in render
    return self._render(context)
           ~~~~~~~~~~~~^^^^^^^^^
  File "D:\Web Applications\training_institute\venv\Lib\site-packages\django\template\base.py", line 166, in _render
    return self.nodelist.render(context)
           ~~~~~~~~~~~~~~~~~~~~^^^^^^^^^
  File "D:\Web Applications\training_institute\venv\Lib\site-packages\django\template\base.py", line 1091, in render
    return SafeString("".join([node.render_annotated(context) for node in self]))
                               ~~~~~~~~~~~~~~~~~~~~~^^^^^^^^^
  File "D:\Web Applications\training_institute\venv\Lib\site-packages\django\template\base.py", line 1052, in render_annotated
    return self.render(context)
           ~~~~~~~~~~~^^^^^^^^^
  File "D:\Web Applications\training_institute\venv\Lib\site-packages\django\template\loader_tags.py", line 211, in render
    return template.render(context)
           ~~~~~~~~~~~~~~~^^^^^^^^^
  File "D:\Web Applications\training_institute\venv\Lib\site-packages\django\template\base.py", line 176, in render
    return self._render(context)
           ~~~~~~~~~~~~^^^^^^^^^
  File "D:\Web Applications\training_institute\venv\Lib\site-packages\django\template\base.py", line 166, in _render
    return self.nodelist.render(context)
           ~~~~~~~~~~~~~~~~~~~~^^^^^^^^^
  File "D:\Web Applications\training_institute\venv\Lib\site-packages\django\template\base.py", line 1091, in render
    return SafeString("".join([node.render_annotated(context) for node in self]))
                               ~~~~~~~~~~~~~~~~~~~~~^^^^^^^^^
  File "D:\Web Applications\training_institute\venv\Lib\site-packages\django\template\base.py", line 1052, in render_annotated
    return self.render(context)
           ~~~~~~~~~~~^^^^^^^^^
  File "D:\Web Applications\training_institute\venv\Lib\site-packages\django\template\loader_tags.py", line 211, in render
    return template.render(context)
           ~~~~~~~~~~~~~~~^^^^^^^^^
  File "D:\Web Applications\training_institute\venv\Lib\site-packages\django\template\base.py", line 176, in render
    return self._render(context)
           ~~~~~~~~~~~~^^^^^^^^^
  File "D:\Web Applications\training_institute\venv\Lib\site-packages\django\template\base.py", line 166, in _render
    return self.nodelist.render(context)
           ~~~~~~~~~~~~~~~~~~~~^^^^^^^^^
  File "D:\Web Applications\training_institute\venv\Lib\site-packages\django\template\base.py", line 1091, in render
    return SafeString("".join([node.render_annotated(context) for node in self]))
                               ~~~~~~~~~~~~~~~~~~~~~^^^^^^^^^
  File "D:\Web Applications\training_institute\venv\Lib\site-packages\django\template\base.py", line 1052, in render_annotated
    return self.render(context)
           ~~~~~~~~~~~^^^^^^^^^
  File "D:\Web Applications\training_institute\venv\Lib\site-packages\django\template\loader_tags.py", line 211, in render
    return template.render(context)
           ~~~~~~~~~~~~~~~^^^^^^^^^
  File "D:\Web Applications\training_institute\venv\Lib\site-packages\django\template\base.py", line 176, in render
    return self._render(context)
           ~~~~~~~~~~~~^^^^^^^^^
  File "D:\Web Applications\training_institute\venv\Lib\site-packages\django\template\base.py", line 166, in _render
    return self.nodelist.render(context)
           ~~~~~~~~~~~~~~~~~~~~^^^^^^^^^
  File "D:\Web Applications\training_institute\venv\Lib\site-packages\django\template\base.py", line 1091, in render
    return SafeString("".join([node.render_annotated(context) for node in self]))
                               ~~~~~~~~~~~~~~~~~~~~~^^^^^^^^^
  File "D:\Web Applications\training_institute\venv\Lib\site-packages\django\template\base.py", line 1052, in render_annotated
    return self.render(context)
           ~~~~~~~~~~~^^^^^^^^^
  File "D:\Web Applications\training_institute\venv\Lib\site-packages\django\template\loader_tags.py", line 211, in render
    return template.render(context)
           ~~~~~~~~~~~~~~~^^^^^^^^^
  File "D:\Web Applications\training_institute\venv\Lib\site-packages\django\template\base.py", line 176, in render
    return self._render(context)
           ~~~~~~~~~~~~^^^^^^^^^
  File "D:\Web Applications\training_institute\venv\Lib\site-packages\django\template\base.py", line 166, in _render
    return self.nodelist.render(context)
           ~~~~~~~~~~~~~~~~~~~~^^^^^^^^^
  File "D:\Web Applications\training_institute\venv\Lib\site-packages\django\template\base.py", line 1091, in render
    return SafeString("".join([node.render_annotated(context) for node in self]))
                               ~~~~~~~~~~~~~~~~~~~~~^^^^^^^^^
  File "D:\Web Applications\training_institute\venv\Lib\site-packages\django\template\base.py", line 1052, in render_annotated
    return self.render(context)
           ~~~~~~~~~~~^^^^^^^^^
  File "D:\Web Applications\training_institute\venv\Lib\site-packages\django\template\loader_tags.py", line 211, in render
    return template.render(context)
           ~~~~~~~~~~~~~~~^^^^^^^^^
  File "D:\Web Applications\training_institute\venv\Lib\site-packages\django\template\base.py", line 176, in render
    return self._render(context)
           ~~~~~~~~~~~~^^^^^^^^^
  File "D:\Web Applications\training_institute\venv\Lib\site-packages\django\template\base.py", line 166, in _render
    return self.nodelist.render(context)
           ~~~~~~~~~~~~~~~~~~~~^^^^^^^^^
  File "D:\Web Applications\training_institute\venv\Lib\site-packages\django\template\base.py", line 1091, in render
    return SafeString("".join([node.render_annotated(context) for node in self]))
                               ~~~~~~~~~~~~~~~~~~~~~^^^^^^^^^
  File "D:\Web Applications\training_institute\venv\Lib\site-packages\django\template\base.py", line 1052, in render_annotated
    return self.render(context)
           ~~~~~~~~~~~^^^^^^^^^
  File "D:\Web Applications\training_institute\venv\Lib\site-packages\django\template\loader_tags.py", line 211, in render
    return template.render(context)
           ~~~~~~~~~~~~~~~^^^^^^^^^
  File "D:\Web Applications\training_institute\venv\Lib\site-packages\django\template\base.py", line 176, in render
    return self._render(context)
           ~~~~~~~~~~~~^^^^^^^^^
  File "D:\Web Applications\training_institute\venv\Lib\site-packages\django\template\base.py", line 166, in _render
    return self.nodelist.render(context)
           ~~~~~~~~~~~~~~~~~~~~^^^^^^^^^
  File "D:\Web Applications\training_institute\venv\Lib\site-packages\django\template\base.py", line 1091, in render
    return SafeString("".join([node.render_annotated(context) for node in self]))
                               ~~~~~~~~~~~~~~~~~~~~~^^^^^^^^^
  File "D:\Web Applications\training_institute\venv\Lib\site-packages\django\template\base.py", line 1052, in render_annotated
    return self.render(context)
           ~~~~~~~~~~~^^^^^^^^^
  File "D:\Web Applications\training_institute\venv\Lib\site-packages\django\template\loader_tags.py", line 211, in render
    return template.render(context)
           ~~~~~~~~~~~~~~~^^^^^^^^^
  File "D:\Web Applications\training_institute\venv\Lib\site-packages\django\template\base.py", line 176, in render
    return self._render(context)
           ~~~~~~~~~~~~^^^^^^^^^
  File "D:\Web Applications\training_institute\venv\Lib\site-packages\django\template\base.py", line 166, in _render
    return self.nodelist.render(context)
           ~~~~~~~~~~~~~~~~~~~~^^^^^^^^^
  File "D:\Web Applications\training_institute\venv\Lib\site-packages\django\template\base.py", line 1091, in render
    return SafeString("".join([node.render_annotated(context) for node in self]))
                               ~~~~~~~~~~~~~~~~~~~~~^^^^^^^^^
  File "D:\Web Applications\training_institute\venv\Lib\site-packages\django\template\base.py", line 1052, in render_annotated
    return self.render(context)
           ~~~~~~~~~~~^^^^^^^^^
  File "D:\Web Applications\training_institute\venv\Lib\site-packages\django\template\loader_tags.py", line 211, in render
    return template.render(context)
           ~~~~~~~~~~~~~~~^^^^^^^^^
  File "D:\Web Applications\training_institute\venv\Lib\site-packages\django\template\base.py", line 176, in render
    return self._render(context)
           ~~~~~~~~~~~~^^^^^^^^^
  File "D:\Web Applications\training_institute\venv\Lib\site-packages\django\template\base.py", line 166, in _render
    return self.nodelist.render(context)
           ~~~~~~~~~~~~~~~~~~~~^^^^^^^^^
  File "D:\Web Applications\training_institute\venv\Lib\site-packages\django\template\base.py", line 1091, in render
    return SafeString("".join([node.render_annotated(context) for node in self]))
                               ~~~~~~~~~~~~~~~~~~~~~^^^^^^^^^
  File "D:\Web Applications\training_institute\venv\Lib\site-packages\django\template\base.py", line 1052, in render_annotated
    return self.render(context)
           ~~~~~~~~~~~^^^^^^^^^
  File "D:\Web Applications\training_institute\venv\Lib\site-packages\django\template\loader_tags.py", line 211, in render
    return template.render(context)
           ~~~~~~~~~~~~~~~^^^^^^^^^
  File "D:\Web Applications\training_institute\venv\Lib\site-packages\django\template\base.py", line 176, in render
    return self._render(context)
           ~~~~~~~~~~~~^^^^^^^^^
  File "D:\Web Applications\training_institute\venv\Lib\site-packages\django\template\base.py", line 166, in _render
    return self.nodelist.render(context)
           ~~~~~~~~~~~~~~~~~~~~^^^^^^^^^
  File "D:\Web Applications\training_institute\venv\Lib\site-packages\django\template\base.py", line 1091, in render
    return SafeString("".join([node.render_annotated(context) for node in self]))
                               ~~~~~~~~~~~~~~~~~~~~~^^^^^^^^^
  File "D:\Web Applications\training_institute\venv\Lib\site-packages\django\template\base.py", line 1052, in render_annotated
    return self.render(context)
           ~~~~~~~~~~~^^^^^^^^^
  File "D:\Web Applications\training_institute\venv\Lib\site-packages\django\template\loader_tags.py", line 211, in render
    return template.render(context)
           ~~~~~~~~~~~~~~~^^^^^^^^^
  File "D:\Web Applications\training_institute\venv\Lib\site-packages\django\template\base.py", line 176, in render
    return self._render(context)
           ~~~~~~~~~~~~^^^^^^^^^
  File "D:\Web Applications\training_institute\venv\Lib\site-packages\django\template\base.py", line 166, in _render
    return self.nodelist.render(context)
           ~~~~~~~~~~~~~~~~~~~~^^^^^^^^^
  File "D:\Web Applications\training_institute\venv\Lib\site-packages\django\template\base.py", line 1091, in render
    return SafeString("".join([node.render_annotated(context) for node in self]))
                               ~~~~~~~~~~~~~~~~~~~~~^^^^^^^^^
  File "D:\Web Applications\training_institute\venv\Lib\site-packages\django\template\base.py", line 1052, in render_annotated
    return self.render(context)
           ~~~~~~~~~~~^^^^^^^^^
  File "D:\Web Applications\training_institute\venv\Lib\site-packages\django\templatetags\static.py", line 116, in render
    url = self.url(context)
  File "D:\Web Applications\training_institute\venv\Lib\site-packages\django\templatetags\static.py", line 113, in url
    return self.handle_simple(path)
           ~~~~~~~~~~~~~~~~~~^^^^^^
  File "D:\Web Applications\training_institute\venv\Lib\site-packages\django\templatetags\static.py", line 126, in handle_simple
    if apps.is_installed("django.contrib.staticfiles"):
       ~~~~~~~~~~~~~~~~~^^^^^^^^^^^^^^^^^^^^^^^^^^^^^^
  File "D:\Web Applications\training_institute\venv\Lib\site-packages\django\apps\registry.py", line 248, in is_installed
    self.check_apps_ready()
    ~~~~~~~~~~~~~~~~~~~~~^^
RecursionError: maximum recursion depth exceeded
ERROR 2026-05-14 15:41:45,643 log 2904 2716 "GET / HTTP/1.1" 500 4560302
WARNING 2026-05-14 15:41:47,068 log 2904 2716 Not Found: /favicon.ico
WARNING 2026-05-14 15:41:47,069 log 2904 2716 "GET /favicon.ico HTTP/1.1" 404 3319
INFO 2026-05-14 15:42:55,403 log 2904 2716 "GET / HTTP/1.1" 200 21536
INFO 2026-05-14 15:42:55,461 log 2904 2716 "GET /static/training_institute_app/css/basestyles.css HTTP/1.1" 304 0
INFO 2026-05-14 15:42:55,462 log 2904 2716 "GET /static/training_institute_app/images/logoSample.png HTTP/1.1" 304 0
INFO 2026-05-14 15:42:55,463 log 2904 2716 "GET /static/training_institute_app/images/image.jpeg HTTP/1.1" 304 0
INFO 2026-05-14 15:42:55,478 log 2904 2716 "GET /static/training_institute_app/images/image1.jpeg HTTP/1.1" 304 0
INFO 2026-05-14 15:42:55,479 log 2904 2716 "GET /static/training_institute_app/images/image2.jpeg HTTP/1.1" 304 0
INFO 2026-05-14 15:42:55,716 log 2904 2716 "GET /static/training_institute_app/images/logo.png HTTP/1.1" 304 0
INFO 2026-05-14 15:42:55,793 log 2904 8804 "GET /static/training_institute_app/js/basestyles.js HTTP/1.1" 200 7312
INFO 2026-05-14 15:43:21,467 log 2904 2716 "GET / HTTP/1.1" 200 29884
INFO 2026-05-14 15:43:21,522 log 2904 2716 "GET /static/training_institute_app/css/basestyles.css HTTP/1.1" 200 30157
INFO 2026-05-14 15:43:21,522 log 2904 22568 "GET /static/training_institute_app/images/logoSample.png HTTP/1.1" 200 38769
INFO 2026-05-14 15:43:21,524 log 2904 20764 "GET /static/training_institute_app/images/image.jpeg HTTP/1.1" 200 259498
INFO 2026-05-14 15:43:21,536 log 2904 2716 "GET /static/training_institute_app/js/basestyles.js HTTP/1.1" 200 7312
INFO 2026-05-14 15:43:21,537 log 2904 20764 "GET /static/training_institute_app/images/image1.jpeg HTTP/1.1" 200 316563
INFO 2026-05-14 15:43:21,539 log 2904 8804 "GET /static/training_institute_app/js/basestyles.js HTTP/1.1" 304 0
INFO 2026-05-14 15:43:21,540 log 2904 22568 "GET /static/training_institute_app/images/image2.jpeg HTTP/1.1" 200 465238
INFO 2026-05-14 15:43:21,854 log 2904 20764 "GET /static/training_institute_app/images/logo.png HTTP/1.1" 200 853147
INFO 2026-05-14 15:43:43,477 log 2904 20764 "GET / HTTP/1.1" 200 21536
INFO 2026-05-14 15:43:43,504 log 2904 20764 "GET /static/training_institute_app/js/basestyles.js HTTP/1.1" 304 0
INFO 2026-05-14 15:43:43,510 log 2904 8804 "GET /static/training_institute_app/js/basestyles.js HTTP/1.1" 304 0
INFO 2026-05-14 15:47:18,731 log 2904 20764 "GET / HTTP/1.1" 200 29128
INFO 2026-05-14 15:47:18,775 log 2904 22568 "GET /static/training_institute_app/images/logoSample.png HTTP/1.1" 200 38769
INFO 2026-05-14 15:47:18,775 log 2904 20764 "GET /static/training_institute_app/css/basestyles.css HTTP/1.1" 200 30157
INFO 2026-05-14 15:47:18,778 log 2904 2716 "GET /static/training_institute_app/images/image.jpeg HTTP/1.1" 200 259498
INFO 2026-05-14 15:47:18,957 log 2904 22568 "GET /static/training_institute_app/js/basestyles.js HTTP/1.1" 200 7312
INFO 2026-05-14 15:47:18,961 log 2904 2716 "GET /static/training_institute_app/images/image1.jpeg HTTP/1.1" 200 316563
INFO 2026-05-14 15:47:18,963 log 2904 20764 "GET /static/training_institute_app/images/image2.jpeg HTTP/1.1" 200 465238
INFO 2026-05-14 15:47:18,965 log 2904 8804 "GET /static/training_institute_app/js/basestyles.js HTTP/1.1" 304 0
INFO 2026-05-14 15:47:19,278 log 2904 20764 "GET /static/training_institute_app/images/logo.png HTTP/1.1" 200 853147
INFO 2026-05-14 15:50:35,870 log 2904 20764 "GET / HTTP/1.1" 200 28908
INFO 2026-05-14 15:50:35,920 log 2904 20764 "GET /static/training_institute_app/js/basestyles.js HTTP/1.1" 304 0
INFO 2026-05-14 15:50:35,924 log 2904 8804 "GET /static/training_institute_app/js/basestyles.js HTTP/1.1" 304 0
INFO 2026-05-14 15:50:51,517 log 2904 20764 "GET / HTTP/1.1" 200 25122
INFO 2026-05-14 15:50:51,571 log 2904 20764 "GET /static/training_institute_app/images/image.jpeg HTTP/1.1" 304 0
INFO 2026-05-14 15:50:55,239 log 2904 20764 "GET / HTTP/1.1" 200 25122
INFO 2026-05-14 15:51:12,384 log 2904 20764 "GET / HTTP/1.1" 200 28908
INFO 2026-05-14 15:53:38,569 log 2904 20764 "GET / HTTP/1.1" 200 27954
INFO 2026-05-14 15:53:38,623 log 2904 20764 "GET /static/training_institute_app/images/image1.jpeg HTTP/1.1" 304 0
INFO 2026-05-14 15:53:38,627 log 2904 20764 "GET /static/training_institute_app/images/image2.jpeg HTTP/1.1" 304 0
INFO 2026-05-14 15:53:38,644 log 2904 20764 "GET /static/training_institute_app/js/basestyles.js HTTP/1.1" 304 0
INFO 2026-05-14 15:53:38,649 log 2904 8804 "GET /static/training_institute_app/js/basestyles.js HTTP/1.1" 304 0
INFO 2026-05-14 15:55:57,018 log 2904 22256 "GET / HTTP/1.1" 200 27773
INFO 2026-05-14 15:55:57,076 log 2904 28680 "GET /static/training_institute_app/images/logoSample.png HTTP/1.1" 304 0
INFO 2026-05-14 15:55:57,076 log 2904 22256 "GET /static/training_institute_app/css/basestyles.css HTTP/1.1" 304 0
INFO 2026-05-14 15:55:57,081 log 2904 28680 "GET /static/training_institute_app/images/image.jpeg HTTP/1.1" 304 0
INFO 2026-05-14 15:55:57,101 log 2904 28680 "GET /static/training_institute_app/js/basestyles.js HTTP/1.1" 304 0
INFO 2026-05-14 15:55:57,201 log 2904 28680 "GET /static/training_institute_app/images/logo.png HTTP/1.1" 304 0
INFO 2026-05-14 15:55:57,416 log 2904 27664 "GET /static/training_institute_app/js/basestyles.js HTTP/1.1" 304 0
INFO 2026-05-14 15:56:14,009 log 2904 28680 "GET / HTTP/1.1" 200 27773
INFO 2026-05-14 15:56:14,061 log 2904 28680 "GET /static/training_institute_app/css/basestyles.css HTTP/1.1" 200 30157
INFO 2026-05-14 15:56:14,062 log 2904 22256 "GET /static/training_institute_app/images/logoSample.png HTTP/1.1" 200 38769
INFO 2026-05-14 15:56:14,063 log 2904 12460 "GET /static/training_institute_app/images/image.jpeg HTTP/1.1" 200 259498
INFO 2026-05-14 15:56:14,079 log 2904 12460 "GET /static/training_institute_app/js/basestyles.js HTTP/1.1" 200 7312
INFO 2026-05-14 15:56:14,082 log 2904 28680 "GET /static/training_institute_app/images/image1.jpeg HTTP/1.1" 200 316563
INFO 2026-05-14 15:56:14,083 log 2904 22256 "GET /static/training_institute_app/images/image2.jpeg HTTP/1.1" 200 465238
INFO 2026-05-14 15:56:14,340 log 2904 22256 "GET /static/training_institute_app/images/logo.png HTTP/1.1" 200 853147
INFO 2026-05-14 15:56:25,959 log 2904 22256 "GET / HTTP/1.1" 200 27954
INFO 2026-05-14 15:56:25,994 log 2904 28680 "GET /static/training_institute_app/images/logoSample.png HTTP/1.1" 200 38769
INFO 2026-05-14 15:56:25,994 log 2904 22256 "GET /static/training_institute_app/css/basestyles.css HTTP/1.1" 200 30157
INFO 2026-05-14 15:56:25,998 log 2904 12460 "GET /static/training_institute_app/images/image.jpeg HTTP/1.1" 200 259498
INFO 2026-05-14 15:56:26,012 log 2904 28680 "GET /static/training_institute_app/js/basestyles.js HTTP/1.1" 200 7312
INFO 2026-05-14 15:56:26,016 log 2904 12460 "GET /static/training_institute_app/images/image1.jpeg HTTP/1.1" 200 316563
INFO 2026-05-14 15:56:26,018 log 2904 22256 "GET /static/training_institute_app/images/image2.jpeg HTTP/1.1" 200 465238
INFO 2026-05-14 15:56:26,295 log 2904 22256 "GET /static/training_institute_app/images/logo.png HTTP/1.1" 200 853147
INFO 2026-05-14 15:57:05,314 log 2904 22256 "GET / HTTP/1.1" 200 27954
INFO 2026-05-14 15:57:19,348 log 2904 22256 "GET / HTTP/1.1" 200 27954
INFO 2026-05-14 15:57:42,303 log 2904 22256 "GET / HTTP/1.1" 200 26781
INFO 2026-05-14 15:57:42,358 log 2904 22256 "GET /static/training_institute_app/css/basestyles.css HTTP/1.1" 200 30157
INFO 2026-05-14 15:57:42,359 log 2904 12460 "GET /static/training_institute_app/images/logoSample.png HTTP/1.1" 200 38769
INFO 2026-05-14 15:57:42,362 log 2904 28680 "GET /static/training_institute_app/images/image.jpeg HTTP/1.1" 200 259498
INFO 2026-05-14 15:57:42,379 log 2904 12460 "GET /static/training_institute_app/images/image1.jpeg HTTP/1.1" 200 316563
INFO 2026-05-14 15:57:42,385 log 2904 12460 "GET /static/training_institute_app/js/basestyles.js HTTP/1.1" 200 7312
INFO 2026-05-14 15:57:42,386 log 2904 22256 "GET /static/training_institute_app/images/image2.jpeg HTTP/1.1" 200 465238
INFO 2026-05-14 15:57:42,393 log 2904 27664 "GET /static/training_institute_app/js/basestyles.js HTTP/1.1" 304 0
INFO 2026-05-14 15:57:42,691 log 2904 28680 "GET /static/training_institute_app/images/logo.png HTTP/1.1" 200 853147
INFO 2026-05-14 15:58:03,893 log 2904 28680 "GET / HTTP/1.1" 200 27900
INFO 2026-05-14 15:58:57,621 log 2904 28680 "GET / HTTP/1.1" 200 27987
INFO 2026-05-14 16:10:14,264 log 2904 11624 "GET / HTTP/1.1" 200 27987
INFO 2026-05-14 16:10:14,323 log 2904 11624 "GET /static/training_institute_app/css/basestyles.css HTTP/1.1" 200 30157
INFO 2026-05-14 16:10:14,323 log 2904 22680 "GET /static/training_institute_app/images/logoSample.png HTTP/1.1" 200 38769
INFO 2026-05-14 16:10:14,327 log 2904 11624 "GET /static/training_institute_app/images/image.jpeg HTTP/1.1" 200 259498
INFO 2026-05-14 16:10:14,466 log 2904 22680 "GET /static/training_institute_app/images/image1.jpeg HTTP/1.1" 200 316563
INFO 2026-05-14 16:10:14,472 log 2904 22680 "GET /static/training_institute_app/images/image2.jpeg HTTP/1.1" 200 465238
INFO 2026-05-14 16:10:14,474 log 2904 22680 "GET /static/training_institute_app/js/basestyles.js HTTP/1.1" 200 7312
INFO 2026-05-14 16:10:14,782 log 2904 23620 "GET /static/training_institute_app/js/basestyles.js HTTP/1.1" 304 0
INFO 2026-05-14 16:10:14,803 log 2904 11624 "GET /static/training_institute_app/images/logo.png HTTP/1.1" 200 853147
INFO 2026-05-14 16:12:02,650 log 2904 11624 "GET / HTTP/1.1" 200 26893
INFO 2026-05-14 16:12:56,101 log 2904 11624 "GET / HTTP/1.1" 200 26929
INFO 2026-05-14 16:13:30,508 log 2904 11624 "GET / HTTP/1.1" 200 26916
INFO 2026-05-14 16:13:30,564 log 2904 11624 "GET /static/training_institute_app/js/basestyles.js HTTP/1.1" 304 0
INFO 2026-05-14 16:13:30,568 log 2904 23620 "GET /static/training_institute_app/js/basestyles.js HTTP/1.1" 304 0
INFO 2026-05-14 16:13:53,617 log 2904 11624 "GET / HTTP/1.1" 200 26919
INFO 2026-05-14 16:14:23,101 log 2904 11624 "GET / HTTP/1.1" 200 26916
INFO 2026-05-14 16:14:46,972 log 2904 11624 "GET / HTTP/1.1" 200 26923
INFO 2026-05-14 16:15:48,446 log 2904 11624 "GET / HTTP/1.1" 200 26923
INFO 2026-05-14 16:16:03,538 log 2904 11624 "GET / HTTP/1.1" 200 26808
INFO 2026-05-14 16:16:03,586 log 2904 11624 "GET /static/training_institute_app/images/image.jpeg HTTP/1.1" 304 0
INFO 2026-05-14 16:16:39,313 log 2904 11624 "GET / HTTP/1.1" 200 26747
INFO 2026-05-14 16:16:39,370 log 2904 3272 "GET /static/training_institute_app/images/image2.jpeg HTTP/1.1" 304 0
INFO 2026-05-14 16:16:39,370 log 2904 11624 "GET /static/training_institute_app/images/image1.jpeg HTTP/1.1" 304 0
INFO 2026-05-14 16:16:39,384 log 2904 11624 "GET /static/training_institute_app/js/basestyles.js HTTP/1.1" 304 0
INFO 2026-05-14 16:16:39,387 log 2904 23620 "GET /static/training_institute_app/js/basestyles.js HTTP/1.1" 304 0
INFO 2026-05-14 16:19:35,188 log 2904 11624 "GET / HTTP/1.1" 200 26853
INFO 2026-05-14 16:19:35,240 log 2904 11624 "GET /static/training_institute_app/css/basestyles.css HTTP/1.1" 200 30157
INFO 2026-05-14 16:20:55,872 log 2904 11624 "GET / HTTP/1.1" 200 26591
INFO 2026-05-14 16:20:55,920 log 2904 11624 "GET /static/training_institute_app/css/basestyles.css HTTP/1.1" 304 0
INFO 2026-05-14 16:20:55,920 log 2904 3272 "GET /static/training_institute_app/images/logoSample.png HTTP/1.1" 304 0
INFO 2026-05-14 16:20:55,922 log 2904 11624 "GET /static/training_institute_app/js/basestyles.js HTTP/1.1" 304 0
INFO 2026-05-14 16:20:55,925 log 2904 23620 "GET /static/training_institute_app/js/basestyles.js HTTP/1.1" 304 0
INFO 2026-05-14 16:22:27,457 log 2904 20292 "GET / HTTP/1.1" 200 26591
INFO 2026-05-14 16:22:27,513 log 2904 20292 "GET /static/training_institute_app/css/basestyles.css HTTP/1.1" 200 30157
INFO 2026-05-14 16:22:27,514 log 2904 21056 "GET /static/training_institute_app/images/logoSample.png HTTP/1.1" 200 38769
INFO 2026-05-14 16:22:27,518 log 2904 20292 "GET /static/training_institute_app/images/image.jpeg HTTP/1.1" 200 259498
INFO 2026-05-14 16:22:27,688 log 2904 20292 "GET /static/training_institute_app/images/image1.jpeg HTTP/1.1" 200 316563
INFO 2026-05-14 16:22:27,690 log 2904 20292 "GET /static/training_institute_app/js/basestyles.js HTTP/1.1" 200 7312
INFO 2026-05-14 16:22:27,692 log 2904 21056 "GET /static/training_institute_app/images/image2.jpeg HTTP/1.1" 200 465238
INFO 2026-05-14 16:22:28,016 log 2904 21056 "GET /static/training_institute_app/images/logo.png HTTP/1.1" 200 853147
INFO 2026-05-14 16:29:37,431 log 2904 11876 "GET / HTTP/1.1" 200 25622
INFO 2026-05-14 16:29:37,469 log 2904 11876 "GET /static/training_institute_app/css/basestyles.css HTTP/1.1" 304 0
INFO 2026-05-14 16:29:37,470 log 2904 24860 "GET /static/training_institute_app/images/image.jpeg HTTP/1.1" 304 0
INFO 2026-05-14 16:29:37,628 log 2904 24860 "GET /static/training_institute_app/js/basestyles.js HTTP/1.1" 304 0
INFO 2026-05-14 16:29:37,948 log 2904 11580 "GET /static/training_institute_app/js/basestyles.js HTTP/1.1" 304 0
INFO 2026-05-14 16:30:32,717 log 2904 24860 "GET / HTTP/1.1" 200 26591
INFO 2026-05-14 16:30:32,800 log 2904 24860 "GET /static/training_institute_app/images/image1.jpeg HTTP/1.1" 304 0
INFO 2026-05-14 16:30:32,800 log 2904 11876 "GET /static/training_institute_app/images/image2.jpeg HTTP/1.1" 304 0
INFO 2026-05-14 16:34:03,626 log 2904 11876 "GET / HTTP/1.1" 200 28530
INFO 2026-05-14 16:34:03,670 log 2904 11876 "GET /static/training_institute_app/css/basestyles.css HTTP/1.1" 304 0
INFO 2026-05-14 16:34:03,673 log 2904 11876 "GET /static/training_institute_app/images/logoSample.png HTTP/1.1" 304 0
INFO 2026-05-14 16:35:42,568 log 2904 11876 "GET / HTTP/1.1" 200 26549
INFO 2026-05-14 16:35:42,603 log 2904 11876 "GET /static/training_institute_app/js/basestyles.js HTTP/1.1" 304 0
INFO 2026-05-14 16:35:42,862 log 2904 11876 "GET /static/training_institute_app/images/logo.png HTTP/1.1" 304 0
INFO 2026-05-14 16:35:42,923 log 2904 10416 "GET /static/training_institute_app/js/basestyles.js HTTP/1.1" 304 0
INFO 2026-05-14 16:38:24,522 log 2904 11876 "GET / HTTP/1.1" 200 27985
INFO 2026-05-14 16:38:24,553 log 2904 11876 "GET /static/training_institute_app/css/basestyles.css HTTP/1.1" 304 0
INFO 2026-05-14 16:38:24,555 log 2904 11876 "GET /static/training_institute_app/images/image.jpeg HTTP/1.1" 304 0
INFO 2026-05-14 16:39:06,547 log 2904 11876 "GET / HTTP/1.1" 200 27426
INFO 2026-05-14 16:39:06,590 log 2904 8844 "GET /static/training_institute_app/images/image2.jpeg HTTP/1.1" 304 0
INFO 2026-05-14 16:39:06,590 log 2904 11876 "GET /static/training_institute_app/images/image1.jpeg HTTP/1.1" 304 0
INFO 2026-05-14 16:39:29,790 log 2904 11876 "GET / HTTP/1.1" 200 26549
INFO 2026-05-14 16:43:00,507 log 2904 11876 "GET / HTTP/1.1" 200 27445
INFO 2026-05-14 16:43:00,540 log 2904 11876 "GET /static/training_institute_app/css/basestyles.css HTTP/1.1" 304 0
INFO 2026-05-14 16:43:00,540 log 2904 8844 "GET /static/training_institute_app/js/basestyles.js HTTP/1.1" 304 0
INFO 2026-05-14 16:43:00,848 log 2904 13352 "GET /static/training_institute_app/js/basestyles.js HTTP/1.1" 304 0
INFO 2026-05-14 16:43:30,119 log 2904 8844 "GET / HTTP/1.1" 200 26457
INFO 2026-05-14 16:44:22,388 log 2904 8844 "GET / HTTP/1.1" 200 27445
INFO 2026-05-14 16:46:01,051 log 2904 8844 "GET / HTTP/1.1" 200 27405
INFO 2026-05-14 16:46:01,075 log 2904 8844 "GET /static/training_institute_app/css/basestyles.css HTTP/1.1" 304 0
INFO 2026-05-14 16:46:31,684 log 2904 8844 "GET / HTTP/1.1" 200 26463
INFO 2026-05-14 16:46:40,371 log 2904 8844 "GET / HTTP/1.1" 200 26658
INFO 2026-05-14 16:46:40,403 log 2904 8844 "GET /static/training_institute_app/images/logoSample.png HTTP/1.1" 304 0
INFO 2026-05-14 16:48:02,783 log 2904 8844 "GET / HTTP/1.1" 200 27076
INFO 2026-05-14 16:48:02,822 log 2904 8844 "GET /static/training_institute_app/images/image.jpeg HTTP/1.1" 304 0
INFO 2026-05-14 16:48:27,128 log 2904 8844 "GET / HTTP/1.1" 200 26145
INFO 2026-05-14 16:48:27,165 log 2904 8844 "GET /static/training_institute_app/images/image1.jpeg HTTP/1.1" 304 0
INFO 2026-05-14 16:48:27,166 log 2904 15848 "GET /static/training_institute_app/images/image2.jpeg HTTP/1.1" 304 0
INFO 2026-05-14 16:49:01,380 log 2904 15848 "GET / HTTP/1.1" 200 26171
INFO 2026-05-14 16:49:01,433 log 2904 15848 "GET /static/training_institute_app/js/basestyles.js HTTP/1.1" 304 0
INFO 2026-05-14 16:49:01,555 log 2904 15848 "GET /static/training_institute_app/images/logo.png HTTP/1.1" 304 0
INFO 2026-05-14 16:49:01,748 log 2904 21956 "GET /static/training_institute_app/js/basestyles.js HTTP/1.1" 304 0
INFO 2026-05-14 16:50:58,887 log 2904 15848 "GET / HTTP/1.1" 200 26427
INFO 2026-05-14 16:50:58,918 log 2904 15848 "GET /static/training_institute_app/css/basestyles.css HTTP/1.1" 304 0
INFO 2026-05-14 16:55:17,120 log 2904 15848 "GET / HTTP/1.1" 200 26427
INFO 2026-05-14 16:55:17,151 log 2904 15848 "GET /static/training_institute_app/css/basestyles.css HTTP/1.1" 304 0
INFO 2026-05-14 16:55:31,114 log 2904 17940 "GET / HTTP/1.1" 200 26248
INFO 2026-05-14 16:56:23,809 log 2904 17940 "GET / HTTP/1.1" 200 26359
INFO 2026-05-14 16:56:23,847 log 2904 17940 "GET /static/training_institute_app/js/basestyles.js HTTP/1.1" 304 0
INFO 2026-05-14 16:56:24,154 log 2904 22104 "GET /static/training_institute_app/js/basestyles.js HTTP/1.1" 304 0
INFO 2026-05-14 16:57:33,796 log 2904 17940 "GET / HTTP/1.1" 200 26083
INFO 2026-05-14 16:57:33,826 log 2904 17940 "GET /static/training_institute_app/images/image.jpeg HTTP/1.1" 304 0
INFO 2026-05-14 16:57:57,501 log 2904 17940 "GET / HTTP/1.1" 200 26049
INFO 2026-05-14 16:59:14,121 log 2904 17940 "GET / HTTP/1.1" 200 26402
INFO 2026-05-14 16:59:14,161 log 2904 17940 "GET /static/training_institute_app/css/basestyles.css HTTP/1.1" 304 0
INFO 2026-05-14 16:59:14,163 log 2904 17940 "GET /static/training_institute_app/images/image1.jpeg HTTP/1.1" 304 0
INFO 2026-05-14 16:59:14,165 log 2904 17940 "GET /static/training_institute_app/images/image2.jpeg HTTP/1.1" 304 0
INFO 2026-05-14 16:59:37,194 log 2904 17940 "GET / HTTP/1.1" 200 26287
INFO 2026-05-14 16:59:47,055 log 2904 17940 "GET / HTTP/1.1" 200 26258
INFO 2026-05-14 17:00:11,403 log 2904 17940 "GET / HTTP/1.1" 200 26191
INFO 2026-05-14 17:00:23,080 log 2904 17940 "GET / HTTP/1.1" 200 26146
INFO 2026-05-14 17:02:31,715 log 2904 17940 "GET / HTTP/1.1" 200 26189
INFO 2026-05-14 17:02:31,760 log 2904 17940 "GET /static/training_institute_app/images/logoSample.png HTTP/1.1" 304 0
WARNING 2026-05-14 17:02:35,264 log 2904 17940 Not Found: /about
WARNING 2026-05-14 17:02:35,265 log 2904 17940 "GET /about HTTP/1.1" 404 3301
WARNING 2026-05-14 17:02:35,375 log 2904 17940 Not Found: /favicon.ico
WARNING 2026-05-14 17:02:35,376 log 2904 17940 "GET /favicon.ico HTTP/1.1" 404 3319
INFO 2026-05-14 17:02:48,759 log 2904 17940 "GET / HTTP/1.1" 200 26189
INFO 2026-05-14 17:03:08,397 log 2904 17940 "GET / HTTP/1.1" 200 26189
INFO 2026-05-14 17:03:14,486 log 2904 17940 "GET / HTTP/1.1" 200 26189
INFO 2026-05-14 17:03:22,974 log 2904 17940 "GET / HTTP/1.1" 200 26189
INFO 2026-05-14 17:03:26,803 log 2904 17940 "GET / HTTP/1.1" 200 26189
INFO 2026-05-14 17:03:47,073 autoreload 2904 10356 D:\Web Applications\training_institute\training_institute_app\views.py changed, reloading.
INFO 2026-05-14 17:03:47,800 autoreload 24864 25672 Watching for file changes with StatReloader
INFO 2026-05-14 17:03:50,996 autoreload 24864 25672 D:\Web Applications\training_institute\training_institute_app\views.py changed, reloading.
INFO 2026-05-14 17:03:51,514 autoreload 4252 28064 Watching for file changes with StatReloader
INFO 2026-05-14 17:03:53,669 autoreload 4252 28064 D:\Web Applications\training_institute\training_institute_app\views.py changed, reloading.
INFO 2026-05-14 17:03:54,196 autoreload 7840 21968 Watching for file changes with StatReloader
INFO 2026-05-14 17:04:14,584 autoreload 7840 21968 D:\Web Applications\training_institute\training_institute_app\urls.py changed, reloading.
INFO 2026-05-14 17:04:15,126 autoreload 4424 22272 Watching for file changes with StatReloader
INFO 2026-05-14 17:04:18,204 log 4424 9324 "GET /about HTTP/1.1" 301 0
INFO 2026-05-14 17:04:18,221 log 4424 9324 "GET /about/ HTTP/1.1" 200 0
INFO 2026-05-14 17:04:37,471 log 4424 9324 "GET /about/ HTTP/1.1" 200 8908
INFO 2026-05-14 17:04:37,495 log 4424 9324 "GET /static/training_institute_app/css/basestyles.css HTTP/1.1" 304 0
INFO 2026-05-14 17:04:37,496 log 4424 13260 "GET /static/training_institute_app/js/basestyles.js HTTP/1.1" 304 0
INFO 2026-05-14 17:04:37,804 log 4424 21836 "GET /static/training_institute_app/js/basestyles.js HTTP/1.1" 304 0
INFO 2026-05-14 21:02:29,206 autoreload 3312 20212 Watching for file changes with StatReloader
INFO 2026-05-14 21:02:55,243 autoreload 22076 28664 Watching for file changes with StatReloader
INFO 2026-05-14 21:03:09,717 log 22076 1932 "GET / HTTP/1.1" 200 26189
INFO 2026-05-14 21:03:09,751 log 22076 21704 "GET /static/training_institute_app/images/logoSample.png HTTP/1.1" 304 0
INFO 2026-05-14 21:03:09,751 log 22076 1932 "GET /static/training_institute_app/css/basestyles.css HTTP/1.1" 304 0
INFO 2026-05-14 21:03:09,755 log 22076 21704 "GET /static/training_institute_app/images/image.jpeg HTTP/1.1" 304 0
INFO 2026-05-14 21:03:09,924 log 22076 21704 "GET /static/training_institute_app/images/image1.jpeg HTTP/1.1" 304 0
INFO 2026-05-14 21:03:09,927 log 22076 1932 "GET /static/training_institute_app/images/image2.jpeg HTTP/1.1" 304 0
INFO 2026-05-14 21:03:09,928 log 22076 21704 "GET /static/training_institute_app/js/basestyles.js HTTP/1.1" 304 0
INFO 2026-05-14 21:03:10,243 log 22076 8292 "GET /static/training_institute_app/js/basestyles.js HTTP/1.1" 304 0
INFO 2026-05-14 21:06:07,236 log 22076 21704 "GET / HTTP/1.1" 200 26189
INFO 2026-05-14 21:06:07,571 log 22076 21704 "GET /static/training_institute_app/images/logo.png HTTP/1.1" 304 0
INFO 2026-05-14 21:06:31,835 log 22076 21704 "GET / HTTP/1.1" 200 26198
INFO 2026-05-14 21:06:38,934 log 22076 21704 "GET / HTTP/1.1" 200 26189
INFO 2026-05-14 21:07:06,013 log 22076 21704 "GET / HTTP/1.1" 200 26207
INFO 2026-05-14 21:07:11,116 log 22076 21704 "GET / HTTP/1.1" 200 26207
INFO 2026-05-14 21:07:24,738 log 22076 21704 "GET / HTTP/1.1" 200 26216
INFO 2026-05-14 21:07:24,913 log 22076 21704 "GET /static/training_institute_app/css/basestyles.css HTTP/1.1" 200 30155
INFO 2026-05-14 21:07:24,926 log 22076 21704 "GET /static/training_institute_app/images/image.jpeg HTTP/1.1" 200 259498
INFO 2026-05-14 21:07:24,929 log 22076 1932 "GET /static/training_institute_app/images/logoSample.png HTTP/1.1" 200 38769
INFO 2026-05-14 21:07:24,943 log 22076 21704 "GET /static/training_institute_app/images/image1.jpeg HTTP/1.1" 200 316563
INFO 2026-05-14 21:07:24,948 log 22076 21704 "GET /static/training_institute_app/js/basestyles.js HTTP/1.1" 200 7312
INFO 2026-05-14 21:07:24,948 log 22076 1932 "GET /static/training_institute_app/images/image2.jpeg HTTP/1.1" 200 465238
INFO 2026-05-14 21:07:26,817 log 22076 1932 "GET /static/training_institute_app/images/logo.png HTTP/1.1" 200 853147
INFO 2026-05-14 21:07:35,826 log 22076 1932 "GET / HTTP/1.1" 200 26207
INFO 2026-05-14 21:07:35,873 log 22076 1932 "GET /static/training_institute_app/css/basestyles.css HTTP/1.1" 304 0
INFO 2026-05-14 21:07:41,449 log 22076 1932 "GET / HTTP/1.1" 200 26198
INFO 2026-05-14 21:07:49,289 log 22076 1932 "GET / HTTP/1.1" 200 26189
INFO 2026-05-14 21:07:49,323 log 22076 1932 "GET /static/training_institute_app/css/basestyles.css HTTP/1.1" 304 0
INFO 2026-05-14 21:09:13,252 log 22076 1932 "GET / HTTP/1.1" 200 26123
INFO 2026-05-14 21:09:13,300 log 22076 1932 "GET /static/training_institute_app/css/basestyles.css HTTP/1.1" 304 0
INFO 2026-05-14 21:09:20,529 log 22076 1932 "GET / HTTP/1.1" 200 26123
INFO 2026-05-14 21:13:21,572 log 22076 1932 "GET / HTTP/1.1" 200 26179
INFO 2026-05-14 21:13:21,608 log 22076 1932 "GET /static/training_institute_app/css/basestyles.css HTTP/1.1" 304 0
INFO 2026-05-14 21:15:07,419 log 22076 1932 "GET / HTTP/1.1" 200 27418
INFO 2026-05-14 21:15:07,463 log 22076 1932 "GET /static/training_institute_app/css/basestyles.css HTTP/1.1" 200 30155
INFO 2026-05-14 21:15:07,470 log 22076 1932 "GET /static/training_institute_app/images/logoSample.png HTTP/1.1" 200 38769
INFO 2026-05-14 21:15:07,481 log 22076 1932 "GET /static/training_institute_app/images/image.jpeg HTTP/1.1" 200 259498
INFO 2026-05-14 21:15:07,516 log 22076 1932 "GET /static/training_institute_app/images/image1.jpeg HTTP/1.1" 200 316563
INFO 2026-05-14 21:15:07,525 log 22076 1932 "GET /static/training_institute_app/images/image2.jpeg HTTP/1.1" 200 465238
INFO 2026-05-14 21:15:07,530 log 22076 1932 "GET /static/training_institute_app/js/basestyles.js HTTP/1.1" 200 7312
INFO 2026-05-14 21:15:22,666 log 22076 1932 "GET /static/training_institute_app/images/logo.png HTTP/1.1" 200 853147
INFO 2026-05-14 21:15:27,671 log 22076 1932 "GET / HTTP/1.1" 200 27418
INFO 2026-05-14 21:15:27,749 log 22076 1932 "GET /static/training_institute_app/css/basestyles.css HTTP/1.1" 200 30155
INFO 2026-05-14 21:15:27,750 log 22076 12760 "GET /static/training_institute_app/images/logoSample.png HTTP/1.1" 200 38769
INFO 2026-05-14 21:15:27,756 log 22076 17844 "GET /static/training_institute_app/images/image.jpeg HTTP/1.1" 200 259498
INFO 2026-05-14 21:15:27,794 log 22076 1932 "GET /static/training_institute_app/js/basestyles.js HTTP/1.1" 200 7312
INFO 2026-05-14 21:15:27,801 log 22076 17844 "GET /static/training_institute_app/images/image1.jpeg HTTP/1.1" 200 316563
INFO 2026-05-14 21:15:27,809 log 22076 12760 "GET /static/training_institute_app/images/image2.jpeg HTTP/1.1" 200 465238
INFO 2026-05-14 21:15:29,989 log 22076 12760 "GET /static/training_institute_app/images/logo.png HTTP/1.1" 200 853147
INFO 2026-05-14 21:15:40,092 log 22076 12760 "GET / HTTP/1.1" 200 27418
INFO 2026-05-14 21:15:40,147 log 22076 12760 "GET /static/training_institute_app/css/basestyles.css HTTP/1.1" 200 30155
INFO 2026-05-14 21:15:40,148 log 22076 17844 "GET /static/training_institute_app/images/logoSample.png HTTP/1.1" 200 38769
INFO 2026-05-14 21:15:40,151 log 22076 1932 "GET /static/training_institute_app/images/image.jpeg HTTP/1.1" 200 259498
INFO 2026-05-14 21:15:40,163 log 22076 12760 "GET /static/training_institute_app/js/basestyles.js HTTP/1.1" 200 7312
INFO 2026-05-14 21:15:40,169 log 22076 17844 "GET /static/training_institute_app/images/image2.jpeg HTTP/1.1" 200 465238
INFO 2026-05-14 21:15:40,170 log 22076 1932 "GET /static/training_institute_app/images/image1.jpeg HTTP/1.1" 200 316563
INFO 2026-05-14 21:15:41,962 log 22076 1932 "GET /static/training_institute_app/images/logo.png HTTP/1.1" 200 853147
INFO 2026-05-14 21:15:44,957 log 22076 1932 "GET / HTTP/1.1" 200 27418
INFO 2026-05-14 21:15:45,015 log 22076 1932 "GET /static/training_institute_app/css/basestyles.css HTTP/1.1" 200 30155
INFO 2026-05-14 21:15:45,017 log 22076 17844 "GET /static/training_institute_app/images/logoSample.png HTTP/1.1" 200 38769
INFO 2026-05-14 21:15:45,023 log 22076 12760 "GET /static/training_institute_app/images/image.jpeg HTTP/1.1" 200 259498
INFO 2026-05-14 21:15:45,048 log 22076 1932 "GET /static/training_institute_app/js/basestyles.js HTTP/1.1" 200 7312
INFO 2026-05-14 21:15:45,053 log 22076 12760 "GET /static/training_institute_app/images/image1.jpeg HTTP/1.1" 200 316563
INFO 2026-05-14 21:15:45,054 log 22076 17844 "GET /static/training_institute_app/images/image2.jpeg HTTP/1.1" 200 465238
INFO 2026-05-14 21:15:49,946 log 22076 17844 "GET /static/training_institute_app/images/logo.png HTTP/1.1" 200 853147
INFO 2026-05-14 21:15:52,677 log 22076 17844 "GET / HTTP/1.1" 200 27418
INFO 2026-05-14 21:15:52,723 log 22076 17844 "GET /static/training_institute_app/css/basestyles.css HTTP/1.1" 200 30155
INFO 2026-05-14 21:15:52,724 log 22076 12760 "GET /static/training_institute_app/images/logoSample.png HTTP/1.1" 200 38769
INFO 2026-05-14 21:15:52,730 log 22076 1932 "GET /static/training_institute_app/images/image.jpeg HTTP/1.1" 200 259498
INFO 2026-05-14 21:15:52,752 log 22076 17844 "GET /static/training_institute_app/js/basestyles.js HTTP/1.1" 200 7312
INFO 2026-05-14 21:15:52,757 log 22076 1932 "GET /static/training_institute_app/images/image1.jpeg HTTP/1.1" 200 316563
INFO 2026-05-14 21:15:52,759 log 22076 12760 "GET /static/training_institute_app/images/image2.jpeg HTTP/1.1" 200 465238
INFO 2026-05-14 21:15:54,985 log 22076 12760 "GET /static/training_institute_app/images/logo.png HTTP/1.1" 200 853147
INFO 2026-05-14 21:16:01,848 log 22076 12760 "GET / HTTP/1.1" 200 26123
INFO 2026-05-14 21:16:01,911 log 22076 12760 "GET /static/training_institute_app/css/basestyles.css HTTP/1.1" 200 30155
INFO 2026-05-14 21:16:01,912 log 22076 1932 "GET /static/training_institute_app/images/logoSample.png HTTP/1.1" 200 38769
INFO 2026-05-14 21:16:01,918 log 22076 17844 "GET /static/training_institute_app/images/image.jpeg HTTP/1.1" 200 259498
INFO 2026-05-14 21:16:01,944 log 22076 12760 "GET /static/training_institute_app/js/basestyles.js HTTP/1.1" 200 7312
INFO 2026-05-14 21:16:01,951 log 22076 17844 "GET /static/training_institute_app/images/image1.jpeg HTTP/1.1" 200 316563
INFO 2026-05-14 21:16:01,952 log 22076 1932 "GET /static/training_institute_app/images/image2.jpeg HTTP/1.1" 200 465238
INFO 2026-05-14 21:16:06,787 log 22076 1932 "GET /static/training_institute_app/images/logo.png HTTP/1.1" 200 853147
INFO 2026-05-14 21:16:09,597 log 22076 1932 "GET / HTTP/1.1" 200 26123
INFO 2026-05-14 21:16:12,559 log 22076 1932 "GET / HTTP/1.1" 200 26123
INFO 2026-05-14 21:16:12,609 log 22076 1932 "GET /static/training_institute_app/css/basestyles.css HTTP/1.1" 200 30155
INFO 2026-05-14 21:16:12,611 log 22076 17844 "GET /static/training_institute_app/images/logoSample.png HTTP/1.1" 200 38769
INFO 2026-05-14 21:16:12,615 log 22076 12760 "GET /static/training_institute_app/images/image.jpeg HTTP/1.1" 200 259498
INFO 2026-05-14 21:16:12,643 log 22076 1932 "GET /static/training_institute_app/js/basestyles.js HTTP/1.1" 200 7312
INFO 2026-05-14 21:16:12,648 log 22076 12760 "GET /static/training_institute_app/images/image1.jpeg HTTP/1.1" 200 316563
INFO 2026-05-14 21:16:12,651 log 22076 17844 "GET /static/training_institute_app/images/image2.jpeg HTTP/1.1" 200 465238
INFO 2026-05-14 21:16:35,183 log 22076 17844 "GET / HTTP/1.1" 200 26123
INFO 2026-05-14 21:16:37,216 log 22076 17844 "GET /static/training_institute_app/images/logo.png HTTP/1.1" 200 853147
INFO 2026-05-14 21:16:38,681 log 22076 25624 "GET / HTTP/1.1" 200 26123
INFO 2026-05-14 21:16:38,713 log 22076 25624 "GET /static/training_institute_app/css/basestyles.css HTTP/1.1" 200 30155
INFO 2026-05-14 21:16:38,721 log 22076 25624 "GET /static/training_institute_app/images/logoSample.png HTTP/1.1" 200 38769
INFO 2026-05-14 21:16:38,730 log 22076 25624 "GET /static/training_institute_app/images/image.jpeg HTTP/1.1" 200 259498
INFO 2026-05-14 21:16:38,741 log 22076 25624 "GET /static/training_institute_app/images/image1.jpeg HTTP/1.1" 200 316563
INFO 2026-05-14 21:16:38,755 log 22076 25624 "GET /static/training_institute_app/images/image2.jpeg HTTP/1.1" 200 465238
INFO 2026-05-14 21:16:38,758 log 22076 25624 "GET /static/training_institute_app/js/basestyles.js HTTP/1.1" 200 7312
INFO 2026-05-14 21:16:41,577 log 22076 25624 "GET /static/training_institute_app/images/logo.png HTTP/1.1" 200 853147
WARNING 2026-05-14 21:16:41,617 log 22076 25624 "GET /static/training_institute_app/images/logo.jpeg HTTP/1.1" 404 2044
INFO 2026-05-14 21:16:48,301 log 22076 17844 "GET / HTTP/1.1" 200 26123
INFO 2026-05-14 21:16:57,937 log 22076 20376 "GET / HTTP/1.1" 200 27418
INFO 2026-05-14 21:17:21,318 log 22076 17844 "GET / HTTP/1.1" 200 27418
INFO 2026-05-14 21:17:21,367 log 22076 17844 "GET /static/training_institute_app/css/basestyles.css HTTP/1.1" 304 0
INFO 2026-05-14 21:17:28,088 log 22076 17844 "GET / HTTP/1.1" 200 27418
INFO 2026-05-14 21:17:28,130 log 22076 17844 "GET /static/training_institute_app/css/basestyles.css HTTP/1.1" 200 30155
INFO 2026-05-14 21:17:28,131 log 22076 12760 "GET /static/training_institute_app/images/logoSample.png HTTP/1.1" 200 38769
INFO 2026-05-14 21:17:28,135 log 22076 1932 "GET /static/training_institute_app/images/image.jpeg HTTP/1.1" 200 259498
INFO 2026-05-14 21:17:28,148 log 22076 17844 "GET /static/training_institute_app/js/basestyles.js HTTP/1.1" 200 7312
INFO 2026-05-14 21:17:28,159 log 22076 1932 "GET /static/training_institute_app/images/image1.jpeg HTTP/1.1" 200 316563
INFO 2026-05-14 21:17:28,168 log 22076 12760 "GET /static/training_institute_app/images/image2.jpeg HTTP/1.1" 200 465238
INFO 2026-05-14 21:17:30,720 log 22076 12760 "GET /static/training_institute_app/images/logo.png HTTP/1.1" 200 853147
INFO 2026-05-14 21:26:30,383 log 22076 19284 "GET / HTTP/1.1" 200 25647
INFO 2026-05-14 21:26:30,463 log 22076 19284 "GET /static/training_institute_app/css/basestyles.css HTTP/1.1" 304 0
INFO 2026-05-14 21:26:47,617 log 22076 19284 "GET / HTTP/1.1" 200 25647
INFO 2026-05-14 21:26:47,757 log 22076 19284 "GET /static/training_institute_app/css/basestyles.css HTTP/1.1" 200 30155
WARNING 2026-05-14 21:26:47,758 log 22076 9744 "GET /static/training_institute_app/images/logo.jpeg HTTP/1.1" 404 2044
INFO 2026-05-14 21:26:47,758 log 22076 11860 "GET /static/training_institute_app/images/logoSample.png HTTP/1.1" 200 38769
INFO 2026-05-14 21:26:47,799 log 22076 19284 "GET /static/training_institute_app/images/image.jpeg HTTP/1.1" 200 259498
INFO 2026-05-14 21:26:47,806 log 22076 11860 "GET /static/training_institute_app/images/image1.jpeg HTTP/1.1" 200 316563
INFO 2026-05-14 21:26:47,809 log 22076 11860 "GET /static/training_institute_app/js/basestyles.js HTTP/1.1" 200 7312
INFO 2026-05-14 21:26:47,812 log 22076 19284 "GET /static/training_institute_app/images/image2.jpeg HTTP/1.1" 200 465238
INFO 2026-05-14 21:26:48,376 log 22076 19284 "GET /static/training_institute_app/images/logo.png HTTP/1.1" 200 853147
WARNING 2026-05-14 21:26:48,407 log 22076 19284 "GET /static/training_institute_app/images/logo.jpeg HTTP/1.1" 404 2044
INFO 2026-05-14 21:27:01,734 autoreload 16816 5952 Watching for file changes with StatReloader
INFO 2026-05-14 21:27:04,220 log 16816 11076 "GET / HTTP/1.1" 200 25647
WARNING 2026-05-14 21:27:04,242 log 16816 11076 "GET /static/training_institute_app/images/logo.jpeg HTTP/1.1" 404 2044
INFO 2026-05-14 21:27:06,160 log 16816 5408 "GET / HTTP/1.1" 200 25647
WARNING 2026-05-14 21:27:06,223 log 16816 27536 "GET /static/training_institute_app/images/logo.jpeg HTTP/1.1" 404 2044
INFO 2026-05-14 21:27:06,300 log 16816 5408 "GET /static/training_institute_app/css/basestyles.css HTTP/1.1" 200 30155
INFO 2026-05-14 21:27:06,302 log 16816 5408 "GET /static/training_institute_app/images/logoSample.png HTTP/1.1" 200 38769
INFO 2026-05-14 21:27:06,306 log 16816 5408 "GET /static/training_institute_app/images/image.jpeg HTTP/1.1" 200 259498
INFO 2026-05-14 21:27:06,313 log 16816 5408 "GET /static/training_institute_app/images/image1.jpeg HTTP/1.1" 200 316563
INFO 2026-05-14 21:27:06,325 log 16816 5408 "GET /static/training_institute_app/images/image2.jpeg HTTP/1.1" 200 465238
INFO 2026-05-14 21:27:06,331 log 16816 5408 "GET /static/training_institute_app/js/basestyles.js HTTP/1.1" 200 7312
INFO 2026-05-14 21:27:06,781 log 16816 5408 "GET /static/training_institute_app/images/logo.png HTTP/1.1" 200 853147
WARNING 2026-05-14 21:27:06,805 log 16816 5408 "GET /static/training_institute_app/images/logo.jpeg HTTP/1.1" 404 2044
INFO 2026-05-14 21:27:18,656 log 16816 22888 "GET / HTTP/1.1" 200 27418
INFO 2026-05-14 21:27:18,716 log 16816 22888 "GET /static/training_institute_app/css/basestyles.css HTTP/1.1" 200 30155
INFO 2026-05-14 21:27:18,719 log 16816 5616 "GET /static/training_institute_app/images/logoSample.png HTTP/1.1" 200 38769
INFO 2026-05-14 21:27:18,731 log 16816 14256 "GET /static/training_institute_app/js/basestyles.js HTTP/1.1" 200 7312
INFO 2026-05-14 21:27:18,735 log 16816 24668 "GET /static/training_institute_app/images/image.jpeg HTTP/1.1" 200 259498
INFO 2026-05-14 21:27:18,765 log 16816 22888 "GET /static/training_institute_app/images/image2.jpeg HTTP/1.1" 200 465238
INFO 2026-05-14 21:27:18,768 log 16816 5616 "GET /static/training_institute_app/images/image1.jpeg HTTP/1.1" 200 316563
INFO 2026-05-14 21:27:21,975 log 16816 5616 "GET /static/training_institute_app/images/logo.png HTTP/1.1" 200 853147
WARNING 2026-05-14 21:27:22,000 log 16816 5616 "GET /static/training_institute_app/images/logo.jpeg HTTP/1.1" 404 2044
INFO 2026-05-14 21:27:31,242 log 16816 22888 "GET / HTTP/1.1" 200 25647
WARNING 2026-05-14 21:27:31,305 log 16816 22888 "GET /static/training_institute_app/images/logo.jpeg HTTP/1.1" 404 2044
INFO 2026-05-14 21:27:32,942 log 16816 24668 "GET / HTTP/1.1" 200 25647
WARNING 2026-05-14 21:27:32,994 log 16816 14256 "GET /static/training_institute_app/images/logo.jpeg HTTP/1.1" 404 2044
INFO 2026-05-14 21:27:32,997 log 16816 24668 "GET /static/training_institute_app/css/basestyles.css HTTP/1.1" 200 30155
INFO 2026-05-14 21:27:32,997 log 16816 14096 "GET /static/training_institute_app/images/logoSample.png HTTP/1.1" 200 38769
INFO 2026-05-14 21:27:33,011 log 16816 24668 "GET /static/training_institute_app/images/image.jpeg HTTP/1.1" 200 259498
INFO 2026-05-14 21:27:33,016 log 16816 14096 "GET /static/training_institute_app/images/image1.jpeg HTTP/1.1" 200 316563
INFO 2026-05-14 21:27:33,024 log 16816 14096 "GET /static/training_institute_app/js/basestyles.js HTTP/1.1" 200 7312
INFO 2026-05-14 21:27:33,028 log 16816 24668 "GET /static/training_institute_app/images/image2.jpeg HTTP/1.1" 200 465238
INFO 2026-05-14 21:27:33,587 log 16816 24668 "GET /static/training_institute_app/images/logo.png HTTP/1.1" 200 853147
WARNING 2026-05-14 21:27:33,609 log 16816 24668 "GET /static/training_institute_app/images/logo.jpeg HTTP/1.1" 404 2044
INFO 2026-05-14 21:27:49,012 log 16816 14096 "GET / HTTP/1.1" 200 25647
WARNING 2026-05-14 21:27:49,068 log 16816 24444 "GET /static/training_institute_app/images/logo.jpeg HTTP/1.1" 404 2044
INFO 2026-05-14 21:27:49,070 log 16816 14096 "GET /static/training_institute_app/css/basestyles.css HTTP/1.1" 200 30155
INFO 2026-05-14 21:27:49,070 log 16816 17564 "GET /static/training_institute_app/images/logoSample.png HTTP/1.1" 200 38769
INFO 2026-05-14 21:27:49,098 log 16816 17564 "GET /static/training_institute_app/images/image.jpeg HTTP/1.1" 200 259498
INFO 2026-05-14 21:27:49,102 log 16816 14096 "GET /static/training_institute_app/images/image1.jpeg HTTP/1.1" 200 316563
INFO 2026-05-14 21:27:49,111 log 16816 14096 "GET /static/training_institute_app/js/basestyles.js HTTP/1.1" 200 7312
INFO 2026-05-14 21:27:49,113 log 16816 17564 "GET /static/training_institute_app/images/image2.jpeg HTTP/1.1" 200 465238
INFO 2026-05-14 21:27:49,553 log 16816 17564 "GET /static/training_institute_app/images/logo.png HTTP/1.1" 200 853147
WARNING 2026-05-14 21:27:49,579 log 16816 17564 "GET /static/training_institute_app/images/logo.jpeg HTTP/1.1" 404 2044
INFO 2026-05-14 21:27:52,469 log 16816 14096 "GET / HTTP/1.1" 200 25647
WARNING 2026-05-14 21:27:52,520 log 16816 13072 "GET /static/training_institute_app/images/logo.jpeg HTTP/1.1" 404 2044
INFO 2026-05-14 21:27:52,522 log 16816 5356 "GET /static/training_institute_app/images/logoSample.png HTTP/1.1" 200 38769
INFO 2026-05-14 21:27:52,522 log 16816 14096 "GET /static/training_institute_app/css/basestyles.css HTTP/1.1" 200 30155
INFO 2026-05-14 21:27:52,533 log 16816 14096 "GET /static/training_institute_app/images/image.jpeg HTTP/1.1" 200 259498
INFO 2026-05-14 21:27:52,535 log 16816 5356 "GET /static/training_institute_app/images/image1.jpeg HTTP/1.1" 200 316563
INFO 2026-05-14 21:27:52,554 log 16816 5356 "GET /static/training_institute_app/js/basestyles.js HTTP/1.1" 200 7312
INFO 2026-05-14 21:27:52,588 log 16816 14096 "GET /static/training_institute_app/images/image2.jpeg HTTP/1.1" 200 465238
INFO 2026-05-14 21:27:53,066 log 16816 14096 "GET /static/training_institute_app/images/logo.png HTTP/1.1" 200 853147
WARNING 2026-05-14 21:27:53,089 log 16816 14096 "GET /static/training_institute_app/images/logo.jpeg HTTP/1.1" 404 2044
INFO 2026-05-14 21:27:58,230 log 16816 5356 "GET /about/ HTTP/1.1" 200 7137
WARNING 2026-05-14 21:27:58,273 log 16816 5356 "GET /static/training_institute_app/images/logo.jpeg HTTP/1.1" 404 2044
INFO 2026-05-14 21:28:04,675 log 16816 1932 "GET / HTTP/1.1" 200 27418
INFO 2026-05-14 21:28:08,115 log 16816 1932 "GET / HTTP/1.1" 200 27418
INFO 2026-05-14 21:28:30,091 log 16816 1932 "GET / HTTP/1.1" 200 27418
INFO 2026-05-14 21:32:49,021 log 16816 1932 "GET / HTTP/1.1" 200 38730
INFO 2026-05-14 21:32:49,065 log 16816 1932 "GET /static/training_institute_app/css/basestyles.css HTTP/1.1" 304 0
INFO 2026-05-14 21:37:42,809 log 16816 2088 "GET / HTTP/1.1" 200 27745
INFO 2026-05-14 21:37:42,842 log 16816 2088 "GET /static/training_institute_app/css/basestyles.css HTTP/1.1" 304 0
INFO 2026-05-14 21:37:43,443 log 16816 14784 "GET /static/training_institute_app/js/basestyles.js HTTP/1.1" 304 0
INFO 2026-05-14 21:40:01,515 log 16816 2088 "GET / HTTP/1.1" 200 27663
INFO 2026-05-14 21:40:35,909 log 16816 2088 "GET / HTTP/1.1" 200 27936
INFO 2026-05-14 21:41:31,967 log 16816 2088 "GET / HTTP/1.1" 200 27779
INFO 2026-05-14 21:41:32,025 log 16816 2088 "GET /static/training_institute_app/css/basestyles.css HTTP/1.1" 304 0
INFO 2026-05-14 21:41:47,769 log 16816 2088 "GET / HTTP/1.1" 200 27779
INFO 2026-05-14 21:42:11,340 log 16816 2088 "GET / HTTP/1.1" 200 27779
INFO 2026-05-14 21:42:22,106 log 16816 2088 "GET / HTTP/1.1" 200 27779
INFO 2026-05-14 21:42:44,768 log 16816 2088 "GET / HTTP/1.1" 200 27779
INFO 2026-05-14 21:44:13,315 log 16816 2088 "GET / HTTP/1.1" 200 27779
INFO 2026-05-14 21:44:13,373 log 16816 2088 "GET /static/training_institute_app/css/basestyles.css HTTP/1.1" 200 30154
INFO 2026-05-14 21:44:13,379 log 16816 2088 "GET /static/training_institute_app/images/logoSample.png HTTP/1.1" 200 38769
INFO 2026-05-14 21:44:13,390 log 16816 2088 "GET /static/training_institute_app/images/image.jpeg HTTP/1.1" 200 259498
INFO 2026-05-14 21:44:13,540 log 16816 2088 "GET /static/training_institute_app/images/image1.jpeg HTTP/1.1" 200 316563
INFO 2026-05-14 21:44:13,548 log 16816 2088 "GET /static/training_institute_app/images/image2.jpeg HTTP/1.1" 200 465238
INFO 2026-05-14 21:44:13,551 log 16816 2088 "GET /static/training_institute_app/js/basestyles.js HTTP/1.1" 200 7312
INFO 2026-05-14 21:44:13,572 log 16816 2088 "GET /static/training_institute_app/images/image2.jpeg HTTP/1.1" 200 465238
INFO 2026-05-14 21:44:14,166 log 16816 2088 "GET /static/training_institute_app/images/logo.png HTTP/1.1" 200 853147
WARNING 2026-05-14 21:44:14,208 log 16816 2088 "GET /static/training_institute_app/images/logo.jpeg HTTP/1.1" 404 2044
INFO 2026-05-14 22:01:45,887 log 16816 24236 "GET / HTTP/1.1" 200 32907
INFO 2026-05-14 22:01:45,916 log 16816 24236 "GET /static/training_institute_app/css/basestyles.css HTTP/1.1" 200 30154
INFO 2026-05-14 22:01:45,917 log 16816 23000 "GET /static/training_institute_app/images/logoSample.png HTTP/1.1" 200 38769
INFO 2026-05-14 22:01:45,926 log 16816 24236 "GET /static/training_institute_app/images/image.jpeg HTTP/1.1" 200 259498
INFO 2026-05-14 22:01:46,095 log 16816 24236 "GET /static/training_institute_app/images/image1.jpeg HTTP/1.1" 200 316563
INFO 2026-05-14 22:01:46,097 log 16816 24236 "GET /static/training_institute_app/js/basestyles.js HTTP/1.1" 200 7312
INFO 2026-05-14 22:01:46,098 log 16816 23000 "GET /static/training_institute_app/images/image2.jpeg HTTP/1.1" 200 465238
INFO 2026-05-14 22:01:46,710 log 16816 23000 "GET /static/training_institute_app/images/logo.png HTTP/1.1" 200 853147
WARNING 2026-05-14 22:01:46,739 log 16816 23000 "GET /static/training_institute_app/images/logo.jpeg HTTP/1.1" 404 2044
INFO 2026-05-14 22:41:31,695 log 16816 15028 "GET / HTTP/1.1" 200 40528
INFO 2026-05-14 22:41:31,727 log 16816 15028 "GET /static/training_institute_app/css/basestyles.css HTTP/1.1" 304 0
INFO 2026-05-14 22:41:31,833 log 16816 15028 "GET /static/training_institute_app/js/basestyles.js HTTP/1.1" 304 0
INFO 2026-05-14 22:41:32,714 log 16816 4844 "GET /static/training_institute_app/js/basestyles.js HTTP/1.1" 304 0
INFO 2026-05-14 22:47:22,567 log 16816 9108 "GET / HTTP/1.1" 200 28377
INFO 2026-05-14 22:47:22,612 log 16816 15332 "GET /static/training_institute_app/images/logoSample.png HTTP/1.1" 304 0
INFO 2026-05-14 22:47:22,614 log 16816 9108 "GET /static/training_institute_app/css/basestyles.css HTTP/1.1" 304 0
INFO 2026-05-14 22:47:22,616 log 16816 15332 "GET /static/training_institute_app/images/image.jpeg HTTP/1.1" 304 0
INFO 2026-05-14 22:47:22,874 log 16816 15332 "GET /static/training_institute_app/images/image1.jpeg HTTP/1.1" 304 0
INFO 2026-05-14 22:47:22,874 log 16816 9108 "GET /static/training_institute_app/images/image2.jpeg HTTP/1.1" 304 0
INFO 2026-05-14 22:48:44,571 log 16816 9108 "GET / HTTP/1.1" 200 25774
INFO 2026-05-14 22:48:44,889 log 16816 9108 "GET /static/training_institute_app/images/logo.png HTTP/1.1" 304 0
ERROR 2026-05-14 22:49:39,131 log 16816 9108 Internal Server Error: /
Traceback (most recent call last):
  File "D:\Web Applications\training_institute\venv\Lib\site-packages\django\template\backends\django.py", line 107, in render
    return self.template.render(context)
           ~~~~~~~~~~~~~~~~~~~~^^^^^^^^^
  File "D:\Web Applications\training_institute\venv\Lib\site-packages\django\template\base.py", line 174, in render
    return self._render(context)
           ~~~~~~~~~~~~^^^^^^^^^
  File "D:\Web Applications\training_institute\venv\Lib\site-packages\django\template\base.py", line 166, in _render
    return self.nodelist.render(context)
           ~~~~~~~~~~~~~~~~~~~~^^^^^^^^^
  File "D:\Web Applications\training_institute\venv\Lib\site-packages\django\template\base.py", line 1091, in render
    return SafeString("".join([node.render_annotated(context) for node in self]))
                               ~~~~~~~~~~~~~~~~~~~~~^^^^^^^^^
  File "D:\Web Applications\training_institute\venv\Lib\site-packages\django\template\base.py", line 1052, in render_annotated
    return self.render(context)
           ~~~~~~~~~~~^^^^^^^^^
  File "D:\Web Applications\training_institute\venv\Lib\site-packages\django\template\loader_tags.py", line 160, in render
    return compiled_parent._render(context)
           ~~~~~~~~~~~~~~~~~~~~~~~^^^^^^^^^
  File "D:\Web Applications\training_institute\venv\Lib\site-packages\django\template\base.py", line 166, in _render
    return self.nodelist.render(context)
           ~~~~~~~~~~~~~~~~~~~~^^^^^^^^^
  File "D:\Web Applications\training_institute\venv\Lib\site-packages\django\template\base.py", line 1091, in render
    return SafeString("".join([node.render_annotated(context) for node in self]))
                               ~~~~~~~~~~~~~~~~~~~~~^^^^^^^^^
  File "D:\Web Applications\training_institute\venv\Lib\site-packages\django\template\base.py", line 1052, in render_annotated
    return self.render(context)
           ~~~~~~~~~~~^^^^^^^^^
  File "D:\Web Applications\training_institute\venv\Lib\site-packages\django\template\loader_tags.py", line 66, in render
    result = block.nodelist.render(context)
  File "D:\Web Applications\training_institute\venv\Lib\site-packages\django\template\base.py", line 1091, in render
    return SafeString("".join([node.render_annotated(context) for node in self]))
                               ~~~~~~~~~~~~~~~~~~~~~^^^^^^^^^
  File "D:\Web Applications\training_institute\venv\Lib\site-packages\django\template\base.py", line 1052, in render_annotated
    return self.render(context)
           ~~~~~~~~~~~^^^^^^^^^
  File "D:\Web Applications\training_institute\venv\Lib\site-packages\django\template\loader_tags.py", line 200, in render
    template = context.template.engine.select_template(template_name)
  File "D:\Web Applications\training_institute\venv\Lib\site-packages\django\template\engine.py", line 234, in select_template
    raise TemplateDoesNotExist(", ".join(not_found))
django.template.exceptions.TemplateDoesNotExist: training_institute_app/components/pricprogramsing.html

The above exception was the direct cause of the following exception:

Traceback (most recent call last):
  File "D:\Web Applications\training_institute\venv\Lib\site-packages\django\core\handlers\exception.py", line 55, in inner
    response = get_response(request)
  File "D:\Web Applications\training_institute\venv\Lib\site-packages\django\core\handlers\base.py", line 198, in _get_response
    response = wrapped_callback(request, *callback_args, **callback_kwargs)
  File "D:\Web Applications\training_institute\training_institute_app\views.py", line 6, in home
    return render(request, 'training_institute_app/home.html')
  File "D:\Web Applications\training_institute\venv\Lib\site-packages\django\shortcuts.py", line 25, in render
    content = loader.render_to_string(template_name, context, request, using=using)
  File "D:\Web Applications\training_institute\venv\Lib\site-packages\django\template\loader.py", line 62, in render_to_string
    return template.render(context, request)
           ~~~~~~~~~~~~~~~^^^^^^^^^^^^^^^^^^
  File "D:\Web Applications\training_institute\venv\Lib\site-packages\django\template\backends\django.py", line 109, in render
    reraise(exc, self.backend)
    ~~~~~~~^^^^^^^^^^^^^^^^^^^
  File "D:\Web Applications\training_institute\venv\Lib\site-packages\django\template\backends\django.py", line 130, in reraise
    raise new from exc
django.template.exceptions.TemplateDoesNotExist: training_institute_app/components/pricprogramsing.html
ERROR 2026-05-14 22:49:39,152 log 16816 9108 "GET / HTTP/1.1" 500 162116
WARNING 2026-05-14 22:49:39,453 log 16816 9108 Not Found: /favicon.ico
WARNING 2026-05-14 22:49:39,455 log 16816 9108 "GET /favicon.ico HTTP/1.1" 404 3315
ERROR 2026-05-14 22:49:56,388 log 16816 9108 Internal Server Error: /
Traceback (most recent call last):
  File "D:\Web Applications\training_institute\venv\Lib\site-packages\django\template\backends\django.py", line 107, in render
    return self.template.render(context)
           ~~~~~~~~~~~~~~~~~~~~^^^^^^^^^
  File "D:\Web Applications\training_institute\venv\Lib\site-packages\django\template\base.py", line 174, in render
    return self._render(context)
           ~~~~~~~~~~~~^^^^^^^^^
  File "D:\Web Applications\training_institute\venv\Lib\site-packages\django\template\base.py", line 166, in _render
    return self.nodelist.render(context)
           ~~~~~~~~~~~~~~~~~~~~^^^^^^^^^
  File "D:\Web Applications\training_institute\venv\Lib\site-packages\django\template\base.py", line 1091, in render
    return SafeString("".join([node.render_annotated(context) for node in self]))
                               ~~~~~~~~~~~~~~~~~~~~~^^^^^^^^^
  File "D:\Web Applications\training_institute\venv\Lib\site-packages\django\template\base.py", line 1052, in render_annotated
    return self.render(context)
           ~~~~~~~~~~~^^^^^^^^^
  File "D:\Web Applications\training_institute\venv\Lib\site-packages\django\template\loader_tags.py", line 160, in render
    return compiled_parent._render(context)
           ~~~~~~~~~~~~~~~~~~~~~~~^^^^^^^^^
  File "D:\Web Applications\training_institute\venv\Lib\site-packages\django\template\base.py", line 166, in _render
    return self.nodelist.render(context)
           ~~~~~~~~~~~~~~~~~~~~^^^^^^^^^
  File "D:\Web Applications\training_institute\venv\Lib\site-packages\django\template\base.py", line 1091, in render
    return SafeString("".join([node.render_annotated(context) for node in self]))
                               ~~~~~~~~~~~~~~~~~~~~~^^^^^^^^^
  File "D:\Web Applications\training_institute\venv\Lib\site-packages\django\template\base.py", line 1052, in render_annotated
    return self.render(context)
           ~~~~~~~~~~~^^^^^^^^^
  File "D:\Web Applications\training_institute\venv\Lib\site-packages\django\template\loader_tags.py", line 66, in render
    result = block.nodelist.render(context)
  File "D:\Web Applications\training_institute\venv\Lib\site-packages\django\template\base.py", line 1091, in render
    return SafeString("".join([node.render_annotated(context) for node in self]))
                               ~~~~~~~~~~~~~~~~~~~~~^^^^^^^^^
  File "D:\Web Applications\training_institute\venv\Lib\site-packages\django\template\base.py", line 1052, in render_annotated
    return self.render(context)
           ~~~~~~~~~~~^^^^^^^^^
  File "D:\Web Applications\training_institute\venv\Lib\site-packages\django\template\loader_tags.py", line 200, in render
    template = context.template.engine.select_template(template_name)
  File "D:\Web Applications\training_institute\venv\Lib\site-packages\django\template\engine.py", line 234, in select_template
    raise TemplateDoesNotExist(", ".join(not_found))
django.template.exceptions.TemplateDoesNotExist: training_institute_app/components/courses.html

The above exception was the direct cause of the following exception:

Traceback (most recent call last):
  File "D:\Web Applications\training_institute\venv\Lib\site-packages\django\core\handlers\exception.py", line 55, in inner
    response = get_response(request)
  File "D:\Web Applications\training_institute\venv\Lib\site-packages\django\core\handlers\base.py", line 198, in _get_response
    response = wrapped_callback(request, *callback_args, **callback_kwargs)
  File "D:\Web Applications\training_institute\training_institute_app\views.py", line 6, in home
    return render(request, 'training_institute_app/home.html')
  File "D:\Web Applications\training_institute\venv\Lib\site-packages\django\shortcuts.py", line 25, in render
    content = loader.render_to_string(template_name, context, request, using=using)
  File "D:\Web Applications\training_institute\venv\Lib\site-packages\django\template\loader.py", line 62, in render_to_string
    return template.render(context, request)
           ~~~~~~~~~~~~~~~^^^^^^^^^^^^^^^^^^
  File "D:\Web Applications\training_institute\venv\Lib\site-packages\django\template\backends\django.py", line 109, in render
    reraise(exc, self.backend)
    ~~~~~~~^^^^^^^^^^^^^^^^^^^
  File "D:\Web Applications\training_institute\venv\Lib\site-packages\django\template\backends\django.py", line 130, in reraise
    raise new from exc
django.template.exceptions.TemplateDoesNotExist: training_institute_app/components/courses.html
ERROR 2026-05-14 22:49:56,394 log 16816 9108 "GET / HTTP/1.1" 500 161774
INFO 2026-05-14 22:50:05,554 log 16816 9108 "GET / HTTP/1.1" 200 21830
INFO 2026-05-14 22:50:50,730 log 16816 9108 "GET /about/ HTTP/1.1" 200 8908
INFO 2026-05-14 22:54:55,780 log 16816 9108 "GET /about/ HTTP/1.1" 200 11509
INFO 2026-05-14 22:54:55,805 log 16816 9108 "GET /static/training_institute_app/css/basestyles.css HTTP/1.1" 304 0
INFO 2026-05-14 22:57:56,540 log 16816 9108 "GET /about/ HTTP/1.1" 200 15509
INFO 2026-05-14 22:59:55,228 log 16816 9108 "GET /about/ HTTP/1.1" 200 13711
INFO 2026-05-14 23:07:20,386 log 16816 1544 "GET /about/ HTTP/1.1" 200 12578
INFO 2026-05-14 23:07:20,408 log 16816 1544 "GET /static/training_institute_app/css/basestyles.css HTTP/1.1" 304 0
INFO 2026-05-14 23:20:21,445 autoreload 16816 5952 D:\Web Applications\training_institute\training_institute_app\views.py changed, reloading.
INFO 2026-05-14 23:20:22,522 autoreload 28768 11424 Watching for file changes with StatReloader
INFO 2026-05-14 23:20:38,843 autoreload 28768 11424 D:\Web Applications\training_institute\training_institute_app\views.py changed, reloading.
INFO 2026-05-14 23:20:39,341 autoreload 26144 13700 Watching for file changes with StatReloader
INFO 2026-05-14 23:20:43,544 autoreload 26144 13700 D:\Web Applications\training_institute\training_institute_app\urls.py changed, reloading.
INFO 2026-05-14 23:20:44,048 autoreload 19312 29148 Watching for file changes with StatReloader
INFO 2026-05-14 23:21:04,313 log 19312 28920 "GET /about/ HTTP/1.1" 200 12627
INFO 2026-05-14 23:21:04,362 log 19312 28920 "GET /static/training_institute_app/css/basestyles.css HTTP/1.1" 304 0
INFO 2026-05-14 23:26:11,769 log 19312 7824 "GET /about/ HTTP/1.1" 200 34405
INFO 2026-05-14 23:26:11,956 log 19312 7824 "GET /static/training_institute_app/js/basestyles.js HTTP/1.1" 304 0
WARNING 2026-05-14 23:26:12,199 log 19312 7824 "GET /static/training_institute_app/images/logo.jpeg HTTP/1.1" 404 2044
INFO 2026-05-14 23:26:12,683 log 19312 18176 "GET /static/training_institute_app/js/basestyles.js HTTP/1.1" 304 0
INFO 2026-05-14 23:28:17,098 log 19312 29372 "GET /about/ HTTP/1.1" 200 16250
INFO 2026-05-14 23:32:30,057 log 19312 29372 "GET /about/ HTTP/1.1" 200 27492
INFO 2026-05-14 23:32:30,095 log 19312 29372 "GET /static/training_institute_app/css/basestyles.css HTTP/1.1" 304 0
INFO 2026-05-14 23:35:25,113 autoreload 19312 29148 D:\Web Applications\training_institute\training_institute_app\urls.py changed, reloading.
INFO 2026-05-14 23:35:25,723 autoreload 11116 27472 Watching for file changes with StatReloader
INFO 2026-05-14 23:35:36,988 autoreload 11116 27472 D:\Web Applications\training_institute\training_institute_app\views.py changed, reloading.
INFO 2026-05-14 23:35:37,503 autoreload 23556 25868 Watching for file changes with StatReloader
INFO 2026-05-14 23:35:41,724 autoreload 23556 25868 D:\Web Applications\training_institute\training_institute_app\views.py changed, reloading.
INFO 2026-05-14 23:35:42,317 autoreload 29568 7892 Watching for file changes with StatReloader
INFO 2026-05-14 23:36:07,800 autoreload 29568 7892 D:\Web Applications\training_institute\training_institute_app\views.py changed, reloading.
INFO 2026-05-14 23:36:08,340 autoreload 18324 972 Watching for file changes with StatReloader
INFO 2026-05-14 23:36:56,699 log 18324 3744 "GET /about/ HTTP/1.1" 200 27482
INFO 2026-05-14 23:37:00,288 log 18324 3744 "GET /courses HTTP/1.1" 301 0
INFO 2026-05-14 23:37:00,303 log 18324 3744 "GET /courses/ HTTP/1.1" 200 29328
INFO 2026-05-14 23:48:33,260 log 18324 4124 "GET /courses/ HTTP/1.1" 200 33891
INFO 2026-05-14 23:48:33,306 log 18324 4124 "GET /static/training_institute_app/css/basestyles.css HTTP/1.1" 304 0
INFO 2026-05-14 23:48:33,308 log 18324 17564 "GET /static/training_institute_app/images/logoSample.png HTTP/1.1" 304 0
INFO 2026-05-14 23:48:42,715 log 18324 17564 "GET /static/training_institute_app/images/logo.png HTTP/1.1" 304 0
INFO 2026-05-14 23:48:47,586 log 18324 17564 "GET /courses/ HTTP/1.1" 200 33891
INFO 2026-05-14 23:48:47,788 log 18324 17564 "GET /static/training_institute_app/css/basestyles.css HTTP/1.1" 200 30154
INFO 2026-05-14 23:48:47,797 log 18324 4124 "GET /static/training_institute_app/images/logoSample.png HTTP/1.1" 200 38769
INFO 2026-05-14 23:48:47,882 log 18324 19964 "GET /static/training_institute_app/js/basestyles.js HTTP/1.1" 200 7312
INFO 2026-05-14 23:48:58,979 log 18324 19964 "GET /static/training_institute_app/images/logo.png HTTP/1.1" 200 853147
WARNING 2026-05-14 23:48:59,023 log 18324 19964 "GET /static/training_institute_app/images/logo.jpeg HTTP/1.1" 404 2044
INFO 2026-05-14 23:49:00,117 log 18324 4124 "GET /courses-details HTTP/1.1" 301 0
INFO 2026-05-14 23:49:00,129 log 18324 4124 "GET /courses-details/ HTTP/1.1" 200 44849
INFO 2026-05-14 23:49:23,050 log 18324 4124 "GET /courses-details/ HTTP/1.1" 200 44845
INFO 2026-05-14 23:49:37,252 log 18324 4124 "GET /courses/ HTTP/1.1" 200 33891
INFO 2026-05-14 23:50:17,477 log 18324 4124 "GET /courses-details/ HTTP/1.1" 200 44845
INFO 2026-05-14 23:50:33,299 log 18324 4124 "GET /about/ HTTP/1.1" 200 28785
INFO 2026-05-14 23:50:59,482 log 18324 4124 "GET /courses/ HTTP/1.1" 200 33891
INFO 2026-05-14 23:51:04,271 log 18324 4124 "GET /courses-details/ HTTP/1.1" 200 44845
INFO 2026-05-14 23:58:07,604 log 18324 19440 "GET /courses-details/ HTTP/1.1" 200 50815
INFO 2026-05-14 23:58:07,649 log 18324 19440 "GET /static/training_institute_app/css/basestyles.css HTTP/1.1" 200 30154
INFO 2026-05-14 23:58:07,650 log 18324 13740 "GET /static/training_institute_app/images/logoSample.png HTTP/1.1" 200 38769
INFO 2026-05-14 23:58:07,829 log 18324 13740 "GET /static/training_institute_app/js/basestyles.js HTTP/1.1" 200 7312
INFO 2026-05-14 23:58:17,994 log 18324 13740 "GET /static/training_institute_app/images/logo.png HTTP/1.1" 200 853147
WARNING 2026-05-14 23:58:18,045 log 18324 13740 "GET /static/training_institute_app/images/logo.jpeg HTTP/1.1" 404 2044
INFO 2026-05-15 00:05:36,547 log 18324 18200 "GET /courses-details/ HTTP/1.1" 200 55463
INFO 2026-05-15 00:05:36,595 log 18324 8404 "GET /static/training_institute_app/images/logoSample.png HTTP/1.1" 200 38769
INFO 2026-05-15 00:05:36,596 log 18324 18200 "GET /static/training_institute_app/css/basestyles.css HTTP/1.1" 200 30154
INFO 2026-05-15 00:05:36,786 log 18324 18200 "GET /static/training_institute_app/js/basestyles.js HTTP/1.1" 200 7312
INFO 2026-05-15 00:05:47,985 log 18324 18200 "GET /courses-details/ HTTP/1.1" 200 55463
INFO 2026-05-15 00:05:50,272 log 18324 18200 "GET /courses-details/ HTTP/1.1" 200 55463
INFO 2026-05-15 00:06:01,943 autoreload 21908 29512 Watching for file changes with StatReloader
INFO 2026-05-15 00:06:06,702 log 21908 20992 "GET / HTTP/1.1" 200 25493
INFO 2026-05-15 00:06:06,743 log 21908 20992 "GET /static/training_institute_app/images/image.jpeg HTTP/1.1" 304 0
INFO 2026-05-15 00:06:06,898 log 21908 19644 "GET /static/training_institute_app/images/image2.jpeg HTTP/1.1" 304 0
INFO 2026-05-15 00:06:06,898 log 21908 20992 "GET /static/training_institute_app/images/image1.jpeg HTTP/1.1" 304 0
INFO 2026-05-15 00:06:55,887 basehttp 21908 13684 - Broken pipe from ('127.0.0.1', 49721)
INFO 2026-05-15 00:06:55,896 basehttp 21908 19644 - Broken pipe from ('127.0.0.1', 62721)
INFO 2026-05-15 00:06:55,901 basehttp 21908 20992 - Broken pipe from ('127.0.0.1', 60037)
INFO 2026-05-15 00:07:13,671 log 21908 6856 "GET / HTTP/1.1" 200 25493
WARNING 2026-05-15 00:07:14,253 log 21908 6856 "GET /static/training_institute_app/images/logo.jpeg HTTP/1.1" 404 2044
INFO 2026-05-15 00:07:19,009 log 21908 14144 "GET /courses/ HTTP/1.1" 200 33891
INFO 2026-05-15 00:07:24,912 log 21908 14144 "GET /courses-details/ HTTP/1.1" 200 55463
INFO 2026-05-15 00:17:17,121 log 21908 6564 "GET /courses-details/ HTTP/1.1" 200 65859
INFO 2026-05-15 00:17:17,312 log 21908 6564 "GET /static/training_institute_app/css/basestyles.css HTTP/1.1" 200 30154
INFO 2026-05-15 00:17:17,314 log 21908 26108 "GET /static/training_institute_app/images/logoSample.png HTTP/1.1" 200 38769
INFO 2026-05-15 00:17:17,381 log 21908 26108 "GET /static/training_institute_app/js/basestyles.js HTTP/1.1" 200 7312
INFO 2026-05-15 00:17:17,698 log 21908 9988 "GET /static/training_institute_app/js/basestyles.js HTTP/1.1" 304 0
INFO 2026-05-15 00:17:28,083 log 21908 26108 "GET /static/training_institute_app/images/logo.png HTTP/1.1" 200 853147
WARNING 2026-05-15 00:17:28,117 log 21908 26108 "GET /static/training_institute_app/images/logo.jpeg HTTP/1.1" 404 2044
INFO 2026-05-15 00:17:39,995 log 21908 6564 "GET /courses-details/ HTTP/1.1" 200 50815
INFO 2026-05-15 09:41:01,452 autoreload 19156 19032 Watching for file changes with StatReloader
INFO 2026-05-15 09:42:08,080 log 19156 18788 "GET / HTTP/1.1" 200 25493
INFO 2026-05-15 09:42:08,120 log 19156 18788 "GET /static/training_institute_app/images/image.jpeg HTTP/1.1" 304 0
INFO 2026-05-15 09:42:08,121 log 19156 18788 "GET /static/training_institute_app/css/basestyles.css HTTP/1.1" 304 0
INFO 2026-05-15 09:42:08,123 log 19156 18788 "GET /static/training_institute_app/images/logoSample.png HTTP/1.1" 304 0
INFO 2026-05-15 09:42:08,279 log 19156 18788 "GET /static/training_institute_app/images/image1.jpeg HTTP/1.1" 304 0
INFO 2026-05-15 09:42:08,280 log 19156 18788 "GET /static/training_institute_app/images/image2.jpeg HTTP/1.1" 304 0
INFO 2026-05-15 09:42:08,281 log 19156 18788 "GET /static/training_institute_app/js/basestyles.js HTTP/1.1" 304 0
INFO 2026-05-15 09:42:14,407 log 19156 13540 "GET /static/training_institute_app/js/basestyles.js HTTP/1.1" 304 0
INFO 2026-05-15 09:44:32,473 log 19156 10988 "GET /about/ HTTP/1.1" 200 28785
INFO 2026-05-15 09:44:37,721 log 19156 10988 "GET /courses/ HTTP/1.1" 200 33891
INFO 2026-05-15 09:44:49,551 log 19156 10988 "GET /courses-details/ HTTP/1.1" 200 50815
INFO 2026-05-15 09:45:11,957 log 19156 10988 "GET / HTTP/1.1" 200 25493
INFO 2026-05-15 09:45:24,163 log 19156 10988 "GET /about/ HTTP/1.1" 200 28785
INFO 2026-05-15 09:45:52,402 log 19156 10988 "GET /courses/ HTTP/1.1" 200 33891
INFO 2026-05-15 09:47:07,228 log 19156 10988 "GET /courses-details/ HTTP/1.1" 200 50815
INFO 2026-05-15 09:50:03,596 log 19156 15980 "GET /courses/ HTTP/1.1" 200 33891
INFO 2026-05-15 09:52:34,139 log 19156 15980 "GET / HTTP/1.1" 200 25493
INFO 2026-05-15 09:54:05,581 log 19156 15980 "GET / HTTP/1.1" 200 25492
INFO 2026-05-15 09:54:05,692 log 19156 15980 "GET /static/training_institute_app/images/image4.png HTTP/1.1" 200 849487
INFO 2026-05-15 09:54:05,986 log 19156 15980 "GET /static/training_institute_app/images/logo.png HTTP/1.1" 304 0
WARNING 2026-05-15 09:54:06,020 log 19156 15980 "GET /static/training_institute_app/images/logo.jpeg HTTP/1.1" 404 2044
INFO 2026-05-15 10:06:01,537 log 19156 23652 "GET / HTTP/1.1" 200 26362
INFO 2026-05-15 10:06:01,747 log 19156 23652 "GET /static/training_institute_app/images/image4.png HTTP/1.1" 200 849487
INFO 2026-05-15 10:06:55,662 log 19156 23652 "GET / HTTP/1.1" 200 26361
WARNING 2026-05-15 10:06:55,735 log 19156 23652 "GET /static/training_institute_app/images/image5.png HTTP/1.1" 404 2047
INFO 2026-05-15 10:07:25,182 log 19156 28796 "GET / HTTP/1.1" 200 26362
INFO 2026-05-15 10:07:25,254 log 19156 28796 "GET /static/training_institute_app/images/image5.jpeg HTTP/1.1" 200 412659
INFO 2026-05-15 10:08:47,285 log 19156 28796 "GET / HTTP/1.1" 200 26360
INFO 2026-05-15 10:08:47,327 log 19156 28796 "GET /static/training_institute_app/images/image4.png HTTP/1.1" 304 0
INFO 2026-05-15 10:08:47,456 log 19156 28796 "GET /static/training_institute_app/images/image5.jpeg HTTP/1.1" 304 0
INFO 2026-05-15 10:09:07,223 log 19156 28796 "GET / HTTP/1.1" 200 26363
INFO 2026-05-15 10:09:07,278 log 19156 28796 "GET /static/training_institute_app/images/image5.jpeg HTTP/1.1" 304 0
INFO 2026-05-15 10:09:43,765 log 19156 28796 "GET / HTTP/1.1" 200 26364
INFO 2026-05-15 10:09:43,822 log 19156 28796 "GET /static/training_institute_app/images/image5.jpeg HTTP/1.1" 304 0
INFO 2026-05-15 10:10:01,944 log 19156 28796 "GET / HTTP/1.1" 200 26369
INFO 2026-05-15 10:10:04,944 log 19156 28796 "GET / HTTP/1.1" 200 26369
INFO 2026-05-15 10:10:04,999 log 19156 28796 "GET /static/training_institute_app/css/basestyles.css HTTP/1.1" 200 30154
INFO 2026-05-15 10:10:05,001 log 19156 27496 "GET /static/training_institute_app/images/logoSample.png HTTP/1.1" 200 38769
INFO 2026-05-15 10:10:05,007 log 19156 28796 "GET /static/training_institute_app/images/image.jpeg HTTP/1.1" 200 259498
INFO 2026-05-15 10:10:05,030 log 19156 28796 "GET /static/training_institute_app/images/image1.jpeg HTTP/1.1" 200 316563
INFO 2026-05-15 10:10:05,033 log 19156 27496 "GET /static/training_institute_app/images/image2.jpeg HTTP/1.1" 200 465238
INFO 2026-05-15 10:10:05,036 log 19156 27496 "GET /static/training_institute_app/js/basestyles.js HTTP/1.1" 200 7312
INFO 2026-05-15 10:10:05,042 log 19156 27496 "GET /static/training_institute_app/images/image5.jpeg HTTP/1.1" 200 412659
INFO 2026-05-15 10:10:05,043 log 19156 28796 "GET /static/training_institute_app/images/image4.png HTTP/1.1" 200 849487
INFO 2026-05-15 10:10:05,482 log 19156 28796 "GET /static/training_institute_app/images/logo.png HTTP/1.1" 200 853147
WARNING 2026-05-15 10:10:05,521 log 19156 28796 "GET /static/training_institute_app/images/logo.jpeg HTTP/1.1" 404 2044
INFO 2026-05-15 10:10:22,596 log 19156 27496 "GET / HTTP/1.1" 200 26362
INFO 2026-05-15 10:10:49,821 log 19156 27496 "GET / HTTP/1.1" 200 26358
INFO 2026-05-15 10:10:49,885 log 19156 27496 "GET /static/training_institute_app/images/image5.jpeg HTTP/1.1" 304 0
INFO 2026-05-15 10:12:22,549 log 19156 28904 "GET / HTTP/1.1" 200 26347
INFO 2026-05-15 10:12:22,737 log 19156 28904 "GET /static/training_institute_app/images/image5.jpeg HTTP/1.1" 304 0
INFO 2026-05-15 10:12:55,641 log 19156 28904 "GET / HTTP/1.1" 200 26345
INFO 2026-05-15 10:12:55,695 log 19156 28904 "GET /static/training_institute_app/images/image4.png HTTP/1.1" 304 0
INFO 2026-05-15 10:13:12,205 log 19156 28904 "GET / HTTP/1.1" 200 26347
INFO 2026-05-15 10:13:12,294 log 19156 28904 "GET /static/training_institute_app/images/image5.jpeg HTTP/1.1" 304 0
INFO 2026-05-15 10:13:29,766 log 19156 28904 "GET / HTTP/1.1" 200 26347
INFO 2026-05-15 10:13:46,581 log 19156 28904 "GET / HTTP/1.1" 200 26347
INFO 2026-05-15 10:13:51,638 log 19156 28904 "GET /courses/ HTTP/1.1" 200 33891
INFO 2026-05-15 10:15:37,345 log 19156 28904 "GET /courses/ HTTP/1.1" 200 33883
INFO 2026-05-15 10:16:11,323 log 19156 28904 "GET /courses/ HTTP/1.1" 200 33879
INFO 2026-05-15 10:16:21,031 log 19156 28904 "GET /courses/ HTTP/1.1" 200 33879
INFO 2026-05-15 10:17:10,576 log 19156 28904 "GET /courses/ HTTP/1.1" 200 33874
INFO 2026-05-15 10:17:36,087 log 19156 28904 "GET /courses/ HTTP/1.1" 200 33874
INFO 2026-05-15 10:18:00,385 log 19156 28904 "GET /courses/ HTTP/1.1" 200 33868
INFO 2026-05-15 10:18:00,427 log 19156 28904 "GET /static/training_institute_app/css/basestyles.css HTTP/1.1" 200 30154
INFO 2026-05-15 10:18:00,428 log 19156 11404 "GET /static/training_institute_app/images/logoSample.png HTTP/1.1" 200 38769
INFO 2026-05-15 10:18:00,450 log 19156 11404 "GET /static/training_institute_app/js/basestyles.js HTTP/1.1" 200 7312
INFO 2026-05-15 10:18:00,917 log 19156 11404 "GET /static/training_institute_app/images/logo.png HTTP/1.1" 200 853147
WARNING 2026-05-15 10:18:00,940 log 19156 11404 "GET /static/training_institute_app/images/logo.jpeg HTTP/1.1" 404 2044
INFO 2026-05-15 10:18:24,839 log 19156 28904 "GET /courses/ HTTP/1.1" 200 33868
INFO 2026-05-15 10:19:33,641 log 19156 28904 "GET /courses/ HTTP/1.1" 200 33881
INFO 2026-05-15 10:19:33,689 log 19156 28904 "GET /static/training_institute_app/css/basestyles.css HTTP/1.1" 200 30154
INFO 2026-05-15 10:19:33,691 log 19156 28904 "GET /static/training_institute_app/images/logoSample.png HTTP/1.1" 200 38769
INFO 2026-05-15 10:19:33,708 log 19156 28904 "GET /static/training_institute_app/js/basestyles.js HTTP/1.1" 200 7312
INFO 2026-05-15 10:19:34,193 log 19156 28904 "GET /static/training_institute_app/images/logo.png HTTP/1.1" 200 853147
WARNING 2026-05-15 10:19:34,226 log 19156 28904 "GET /static/training_institute_app/images/logo.jpeg HTTP/1.1" 404 2044
INFO 2026-05-15 10:19:46,966 log 19156 27736 "GET /courses/ HTTP/1.1" 200 33868
INFO 2026-05-15 10:20:32,999 log 19156 27736 "GET /courses/ HTTP/1.1" 200 33866
INFO 2026-05-15 10:43:08,644 log 19156 18492 "GET /courses/ HTTP/1.1" 200 33868
INFO 2026-05-15 10:43:24,778 log 19156 18492 "GET /courses/ HTTP/1.1" 200 33866
INFO 2026-05-15 10:44:40,266 log 19156 18492 "GET /courses/ HTTP/1.1" 200 33861
INFO 2026-05-15 10:46:43,247 log 19156 18492 "GET /courses/ HTTP/1.1" 200 33861
INFO 2026-05-15 10:47:14,018 log 19156 18492 "GET /courses/ HTTP/1.1" 200 33263
INFO 2026-05-15 10:47:44,445 log 19156 18492 "GET /courses/ HTTP/1.1" 200 33263
INFO 2026-05-15 10:47:46,570 log 19156 18492 "GET /courses/ HTTP/1.1" 200 33263
INFO 2026-05-15 10:47:57,331 log 19156 18492 "GET / HTTP/1.1" 200 26347
INFO 2026-05-15 10:47:57,391 log 19156 18492 "GET /static/training_institute_app/images/image4.png HTTP/1.1" 304 0
INFO 2026-05-15 10:47:57,391 log 19156 15164 "GET /static/training_institute_app/images/image5.jpeg HTTP/1.1" 304 0
INFO 2026-05-15 10:48:23,708 log 19156 15164 "GET / HTTP/1.1" 200 26347
INFO 2026-05-15 10:50:58,354 log 19156 15164 "GET /about/ HTTP/1.1" 200 28785
INFO 2026-05-15 10:51:09,198 log 19156 15164 "GET /courses/ HTTP/1.1" 200 33263
INFO 2026-05-15 10:51:12,944 log 19156 15164 "GET /contact HTTP/1.1" 301 0
INFO 2026-05-15 10:51:12,951 log 19156 15164 "GET /contact/ HTTP/1.1" 200 0
WARNING 2026-05-15 10:51:13,066 log 19156 15164 Not Found: /favicon.ico
WARNING 2026-05-15 10:51:13,067 log 19156 15164 "GET /favicon.ico HTTP/1.1" 404 3837
INFO 2026-05-15 10:51:16,049 log 19156 15164 "GET /courses/ HTTP/1.1" 200 33263
INFO 2026-05-15 10:54:41,508 log 19156 15164 "GET /courses-details/ HTTP/1.1" 200 50815
INFO 2026-05-15 11:38:16,177 log 19156 6048 "GET /courses-details/ HTTP/1.1" 200 55766
INFO 2026-05-15 11:38:16,234 log 19156 6048 "GET /static/training_institute_app/css/basestyles.css HTTP/1.1" 304 0
INFO 2026-05-15 11:38:17,128 log 19156 12672 "GET /static/training_institute_app/js/basestyles.js HTTP/1.1" 304 0
INFO 2026-05-15 11:43:39,196 log 19156 9316 "GET /courses-details/ HTTP/1.1" 200 33287
INFO 2026-05-15 11:52:33,103 log 19156 13500 "GET /courses-details/ HTTP/1.1" 200 41891
INFO 2026-05-15 11:53:01,438 log 19156 13500 "GET /courses-details/ HTTP/1.1" 200 41103
INFO 2026-05-15 11:58:15,500 log 19156 12120 "GET /courses-details/ HTTP/1.1" 200 31488
INFO 2026-05-15 11:58:15,547 log 19156 12120 "GET /static/training_institute_app/css/courses_details.css HTTP/1.1" 200 10744
INFO 2026-05-15 12:25:09,406 autoreload 19156 19032 D:\Web Applications\training_institute\training_institute_app\views.py changed, reloading.
INFO 2026-05-15 12:25:10,535 autoreload 18056 16376 Watching for file changes with StatReloader
INFO 2026-05-15 12:25:19,821 autoreload 18056 16376 D:\Web Applications\training_institute\training_institute_app\views.py changed, reloading.
INFO 2026-05-15 12:25:20,521 autoreload 15168 3368 Watching for file changes with StatReloader
INFO 2026-05-15 12:25:22,025 log 15168 11212 "GET /courses-details/ HTTP/1.1" 200 31836
INFO 2026-05-15 12:25:22,131 log 15168 25596 "GET /static/training_institute_app/css/courses_details.css HTTP/1.1" 200 10744
INFO 2026-05-15 12:25:22,133 log 15168 11212 "GET /static/training_institute_app/css/basestyles.css HTTP/1.1" 200 30154
INFO 2026-05-15 12:25:22,151 log 15168 25596 "GET /static/training_institute_app/images/logoSample.png HTTP/1.1" 200 38769
INFO 2026-05-15 12:25:22,317 log 15168 25596 "GET /static/training_institute_app/js/basestyles.js HTTP/1.1" 200 7312
INFO 2026-05-15 12:25:22,827 log 15168 25596 "GET /static/training_institute_app/images/logo.png HTTP/1.1" 200 853147
WARNING 2026-05-15 12:25:22,866 log 15168 25596 "GET /static/training_institute_app/images/logo.jpeg HTTP/1.1" 404 2044
INFO 2026-05-15 12:33:59,575 autoreload 15168 3368 D:\Web Applications\training_institute\training_institute_app\views.py changed, reloading.
INFO 2026-05-15 12:34:00,256 autoreload 22996 12552 Watching for file changes with StatReloader
INFO 2026-05-15 12:34:09,524 autoreload 22996 12552 D:\Web Applications\training_institute\training_institute_app\views.py changed, reloading.
INFO 2026-05-15 12:34:10,166 autoreload 13136 3216 Watching for file changes with StatReloader
INFO 2026-05-15 12:34:24,515 autoreload 13136 3216 D:\Web Applications\training_institute\training_institute_app\urls.py changed, reloading.
INFO 2026-05-15 12:34:25,068 autoreload 13544 8896 Watching for file changes with StatReloader
INFO 2026-05-15 12:34:27,285 autoreload 13544 8896 D:\Web Applications\training_institute\training_institute_app\urls.py changed, reloading.
INFO 2026-05-15 12:34:27,900 autoreload 9896 2528 Watching for file changes with StatReloader
INFO 2026-05-15 12:40:27,616 autoreload 9896 2528 D:\Web Applications\training_institute\training_institute_app\views.py changed, reloading.
INFO 2026-05-15 12:40:28,232 autoreload 27964 16728 Watching for file changes with StatReloader
INFO 2026-05-15 12:40:41,561 autoreload 27964 16728 D:\Web Applications\training_institute\training_institute_app\urls.py changed, reloading.
INFO 2026-05-15 12:40:42,135 autoreload 11668 26720 Watching for file changes with StatReloader
INFO 2026-05-15 12:41:00,878 log 11668 27208 "GET /courses-details/ HTTP/1.1" 200 37120
INFO 2026-05-15 12:41:00,918 log 11668 27208 "GET /static/training_institute_app/css/courses_details.css HTTP/1.1" 304 0
INFO 2026-05-15 12:41:04,717 log 11668 11188 "GET /login HTTP/1.1" 301 0
INFO 2026-05-15 12:41:04,734 log 11668 11188 "GET /login/ HTTP/1.1" 200 9990
INFO 2026-05-15 12:41:04,818 log 11668 11188 "GET /static/training_institute_app/css/login.css HTTP/1.1" 200 18428
INFO 2026-05-15 12:41:04,824 log 11668 11188 "GET /static/training_institute_app/js/login.js HTTP/1.1" 200 4703
INFO 2026-05-15 12:41:04,852 log 11668 22944 "GET /static/training_institute_app/js/form-utils.js HTTP/1.1" 200 15824
INFO 2026-05-15 12:41:06,123 log 11668 4460 "GET /static/training_institute_app/js/form-utils.js HTTP/1.1" 200 15824
INFO 2026-05-15 12:41:06,123 log 11668 2204 "GET /static/training_institute_app/js/login.js HTTP/1.1" 200 4703
INFO 2026-05-15 12:55:50,559 log 11668 29224 "GET /login/ HTTP/1.1" 200 9990
INFO 2026-05-15 12:55:50,601 log 11668 20420 "GET /static/training_institute_app/js/form-utils.js HTTP/1.1" 304 0
INFO 2026-05-15 12:55:50,604 log 11668 29224 "GET /static/training_institute_app/css/login.css HTTP/1.1" 200 11348
INFO 2026-05-15 12:55:50,606 log 11668 20420 "GET /static/training_institute_app/js/login.js HTTP/1.1" 304 0
INFO 2026-05-15 12:55:50,924 log 11668 26652 "GET /static/training_institute_app/js/form-utils.js HTTP/1.1" 304 0
INFO 2026-05-15 12:55:50,926 log 11668 3496 "GET /static/training_institute_app/js/login.js HTTP/1.1" 304 0
INFO 2026-05-15 12:57:04,125 log 11668 20420 "GET /login/ HTTP/1.1" 200 9990
INFO 2026-05-15 12:57:04,152 log 11668 20420 "GET /static/training_institute_app/css/login.css HTTP/1.1" 200 18428
INFO 2026-05-15 13:01:14,676 log 11668 20420 "GET /login/ HTTP/1.1" 200 17774
INFO 2026-05-15 13:01:14,729 log 11668 20420 "GET /static/training_institute_app/css/login.css HTTP/1.1" 200 18428
INFO 2026-05-15 13:01:14,732 log 11668 20420 "GET /static/training_institute_app/js/form-utils.js HTTP/1.1" 200 15824
INFO 2026-05-15 13:01:14,734 log 11668 20420 "GET /static/training_institute_app/js/login.js HTTP/1.1" 200 5964
INFO 2026-05-15 13:01:15,039 log 11668 23264 "GET /static/training_institute_app/js/form-utils.js HTTP/1.1" 304 0
INFO 2026-05-15 13:01:15,041 log 11668 23264 "GET /static/training_institute_app/js/login.js HTTP/1.1" 200 5964
INFO 2026-05-15 14:24:40,328 log 11668 22380 "GET /login/ HTTP/1.1" 200 5072
WARNING 2026-05-15 14:24:40,801 log 11668 22380 Not Found: /favicon.ico
WARNING 2026-05-15 14:24:40,801 log 11668 22380 "GET /favicon.ico HTTP/1.1" 404 4360
ERROR 2026-05-15 14:25:08,231 log 11668 22380 Internal Server Error: /login/
Traceback (most recent call last):
  File "D:\Web Applications\training_institute\venv\Lib\site-packages\django\template\base.py", line 577, in parse
    compile_func = self.tags[command]
                   ~~~~~~~~~^^^^^^^^^
KeyError: 'static'

During handling of the above exception, another exception occurred:

Traceback (most recent call last):
  File "D:\Web Applications\training_institute\venv\Lib\site-packages\django\core\handlers\exception.py", line 55, in inner
    response = get_response(request)
  File "D:\Web Applications\training_institute\venv\Lib\site-packages\django\core\handlers\base.py", line 198, in _get_response
    response = wrapped_callback(request, *callback_args, **callback_kwargs)
  File "D:\Web Applications\training_institute\training_institute_app\views.py", line 62, in login
    return render(request, 'training_institute_app/login.html')
  File "D:\Web Applications\training_institute\venv\Lib\site-packages\django\shortcuts.py", line 25, in render
    content = loader.render_to_string(template_name, context, request, using=using)
  File "D:\Web Applications\training_institute\venv\Lib\site-packages\django\template\loader.py", line 61, in render_to_string
    template = get_template(template_name, using=using)
  File "D:\Web Applications\training_institute\venv\Lib\site-packages\django\template\loader.py", line 15, in get_template
    return engine.get_template(template_name)
           ~~~~~~~~~~~~~~~~~~~^^^^^^^^^^^^^^^
  File "D:\Web Applications\training_institute\venv\Lib\site-packages\django\template\backends\django.py", line 79, in get_template
    return Template(self.engine.get_template(template_name), self)
                    ~~~~~~~~~~~~~~~~~~~~~~~~^^^^^^^^^^^^^^^
  File "D:\Web Applications\training_institute\venv\Lib\site-packages\django\template\engine.py", line 186, in get_template
    template, origin = self.find_template(template_name)
                       ~~~~~~~~~~~~~~~~~~^^^^^^^^^^^^^^^
  File "D:\Web Applications\training_institute\venv\Lib\site-packages\django\template\engine.py", line 159, in find_template
    template = loader.get_template(name, skip=skip)
  File "D:\Web Applications\training_institute\venv\Lib\site-packages\django\template\loaders\cached.py", line 57, in get_template
    template = super().get_template(template_name, skip)
  File "D:\Web Applications\training_institute\venv\Lib\site-packages\django\template\loaders\base.py", line 28, in get_template
    return Template(
        contents,
    ...<2 lines>...
        self.engine,
    )
  File "D:\Web Applications\training_institute\venv\Lib\site-packages\django\template\base.py", line 157, in __init__
    self.nodelist = self.compile_nodelist()
                    ~~~~~~~~~~~~~~~~~~~~~^^
  File "D:\Web Applications\training_institute\venv\Lib\site-packages\django\template\base.py", line 199, in compile_nodelist
    nodelist = parser.parse()
  File "D:\Web Applications\training_institute\venv\Lib\site-packages\django\template\base.py", line 579, in parse
    self.invalid_block_tag(token, command, parse_until)
    ~~~~~~~~~~~~~~~~~~~~~~^^^^^^^^^^^^^^^^^^^^^^^^^^^^^
  File "D:\Web Applications\training_institute\venv\Lib\site-packages\django\template\base.py", line 644, in invalid_block_tag
    raise self.error(
    ...<3 lines>...
    )
django.template.exceptions.TemplateSyntaxError: Template: D:\Web Applications\training_institute\training_institute_app\templates\training_institute_app\login.html, Invalid block tag on line 1: 'static'. Did you forget to register or load this tag?
ERROR 2026-05-15 14:25:08,236 log 11668 22380 "GET /login/ HTTP/1.1" 500 150401
WARNING 2026-05-15 14:25:08,470 log 11668 22380 Not Found: /favicon.ico
WARNING 2026-05-15 14:25:08,471 log 11668 22380 "GET /favicon.ico HTTP/1.1" 404 4360
INFO 2026-05-15 14:25:21,443 log 11668 22380 "GET /login/ HTTP/1.1" 200 1971
INFO 2026-05-15 14:25:21,471 log 11668 22380 "GET /static/training_institute_app/css/login.css HTTP/1.1" 200 3304
ERROR 2026-05-15 14:29:00,323 log 11668 22380 Internal Server Error: /login/
Traceback (most recent call last):
  File "D:\Web Applications\training_institute\venv\Lib\site-packages\django\core\handlers\exception.py", line 55, in inner
    response = get_response(request)
  File "D:\Web Applications\training_institute\venv\Lib\site-packages\django\core\handlers\base.py", line 198, in _get_response
    response = wrapped_callback(request, *callback_args, **callback_kwargs)
  File "D:\Web Applications\training_institute\training_institute_app\views.py", line 62, in login
    return render(request, 'training_institute_app/login.html')
  File "D:\Web Applications\training_institute\venv\Lib\site-packages\django\shortcuts.py", line 25, in render
    content = loader.render_to_string(template_name, context, request, using=using)
  File "D:\Web Applications\training_institute\venv\Lib\site-packages\django\template\loader.py", line 62, in render_to_string
    return template.render(context, request)
           ~~~~~~~~~~~~~~~^^^^^^^^^^^^^^^^^^
  File "D:\Web Applications\training_institute\venv\Lib\site-packages\django\template\backends\django.py", line 107, in render
    return self.template.render(context)
           ~~~~~~~~~~~~~~~~~~~~^^^^^^^^^
  File "D:\Web Applications\training_institute\venv\Lib\site-packages\django\template\base.py", line 174, in render
    return self._render(context)
           ~~~~~~~~~~~~^^^^^^^^^
  File "D:\Web Applications\training_institute\venv\Lib\site-packages\django\template\base.py", line 166, in _render
    return self.nodelist.render(context)
           ~~~~~~~~~~~~~~~~~~~~^^^^^^^^^
  File "D:\Web Applications\training_institute\venv\Lib\site-packages\django\template\base.py", line 1091, in render
    return SafeString("".join([node.render_annotated(context) for node in self]))
                               ~~~~~~~~~~~~~~~~~~~~~^^^^^^^^^
  File "D:\Web Applications\training_institute\venv\Lib\site-packages\django\template\base.py", line 1052, in render_annotated
    return self.render(context)
           ~~~~~~~~~~~^^^^^^^^^
  File "D:\Web Applications\training_institute\venv\Lib\site-packages\django\template\defaulttags.py", line 511, in render
    url = reverse(view_name, args=args, kwargs=kwargs, current_app=current_app)
  File "D:\Web Applications\training_institute\venv\Lib\site-packages\django\urls\base.py", line 98, in reverse
    resolved_url = resolver._reverse_with_prefix(view, prefix, *args, **kwargs)
  File "D:\Web Applications\training_institute\venv\Lib\site-packages\django\urls\resolvers.py", line 842, in _reverse_with_prefix
    raise NoReverseMatch(msg)
django.urls.exceptions.NoReverseMatch: Reverse for 'login' not found. 'login' is not a valid view function or pattern name.
ERROR 2026-05-15 14:29:00,326 log 11668 22380 "GET /login/ HTTP/1.1" 500 125097
ERROR 2026-05-15 14:29:34,320 log 11668 22380 Internal Server Error: /login/
Traceback (most recent call last):
  File "D:\Web Applications\training_institute\venv\Lib\site-packages\django\core\handlers\exception.py", line 55, in inner
    response = get_response(request)
  File "D:\Web Applications\training_institute\venv\Lib\site-packages\django\core\handlers\base.py", line 198, in _get_response
    response = wrapped_callback(request, *callback_args, **callback_kwargs)
  File "D:\Web Applications\training_institute\training_institute_app\views.py", line 62, in login
    return render(request, 'training_institute_app/login.html')
  File "D:\Web Applications\training_institute\venv\Lib\site-packages\django\shortcuts.py", line 25, in render
    content = loader.render_to_string(template_name, context, request, using=using)
  File "D:\Web Applications\training_institute\venv\Lib\site-packages\django\template\loader.py", line 62, in render_to_string
    return template.render(context, request)
           ~~~~~~~~~~~~~~~^^^^^^^^^^^^^^^^^^
  File "D:\Web Applications\training_institute\venv\Lib\site-packages\django\template\backends\django.py", line 107, in render
    return self.template.render(context)
           ~~~~~~~~~~~~~~~~~~~~^^^^^^^^^
  File "D:\Web Applications\training_institute\venv\Lib\site-packages\django\template\base.py", line 174, in render
    return self._render(context)
           ~~~~~~~~~~~~^^^^^^^^^
  File "D:\Web Applications\training_institute\venv\Lib\site-packages\django\template\base.py", line 166, in _render
    return self.nodelist.render(context)
           ~~~~~~~~~~~~~~~~~~~~^^^^^^^^^
  File "D:\Web Applications\training_institute\venv\Lib\site-packages\django\template\base.py", line 1091, in render
    return SafeString("".join([node.render_annotated(context) for node in self]))
                               ~~~~~~~~~~~~~~~~~~~~~^^^^^^^^^
  File "D:\Web Applications\training_institute\venv\Lib\site-packages\django\template\base.py", line 1052, in render_annotated
    return self.render(context)
           ~~~~~~~~~~~^^^^^^^^^
  File "D:\Web Applications\training_institute\venv\Lib\site-packages\django\template\defaulttags.py", line 511, in render
    url = reverse(view_name, args=args, kwargs=kwargs, current_app=current_app)
  File "D:\Web Applications\training_institute\venv\Lib\site-packages\django\urls\base.py", line 98, in reverse
    resolved_url = resolver._reverse_with_prefix(view, prefix, *args, **kwargs)
  File "D:\Web Applications\training_institute\venv\Lib\site-packages\django\urls\resolvers.py", line 842, in _reverse_with_prefix
    raise NoReverseMatch(msg)
django.urls.exceptions.NoReverseMatch: Reverse for 'signup' not found. 'signup' is not a valid view function or pattern name.
ERROR 2026-05-15 14:29:34,322 log 11668 22380 "GET /login/ HTTP/1.1" 500 124870
INFO 2026-05-15 14:29:42,974 log 11668 22380 "GET /login/ HTTP/1.1" 200 15502
INFO 2026-05-15 14:29:43,009 log 11668 22380 "GET /static/training_institute_app/css/login.css HTTP/1.1" 304 0
ERROR 2026-05-15 15:06:48,134 log 11668 16796 Internal Server Error: /login/
Traceback (most recent call last):
  File "D:\Web Applications\training_institute\venv\Lib\site-packages\django\core\handlers\exception.py", line 55, in inner
    response = get_response(request)
  File "D:\Web Applications\training_institute\venv\Lib\site-packages\django\core\handlers\base.py", line 198, in _get_response
    response = wrapped_callback(request, *callback_args, **callback_kwargs)
  File "D:\Web Applications\training_institute\training_institute_app\views.py", line 62, in login
    return render(request, 'training_institute_app/login.html')
  File "D:\Web Applications\training_institute\venv\Lib\site-packages\django\shortcuts.py", line 25, in render
    content = loader.render_to_string(template_name, context, request, using=using)
  File "D:\Web Applications\training_institute\venv\Lib\site-packages\django\template\loader.py", line 62, in render_to_string
    return template.render(context, request)
           ~~~~~~~~~~~~~~~^^^^^^^^^^^^^^^^^^
  File "D:\Web Applications\training_institute\venv\Lib\site-packages\django\template\backends\django.py", line 107, in render
    return self.template.render(context)
           ~~~~~~~~~~~~~~~~~~~~^^^^^^^^^
  File "D:\Web Applications\training_institute\venv\Lib\site-packages\django\template\base.py", line 174, in render
    return self._render(context)
           ~~~~~~~~~~~~^^^^^^^^^
  File "D:\Web Applications\training_institute\venv\Lib\site-packages\django\template\base.py", line 166, in _render
    return self.nodelist.render(context)
           ~~~~~~~~~~~~~~~~~~~~^^^^^^^^^
  File "D:\Web Applications\training_institute\venv\Lib\site-packages\django\template\base.py", line 1091, in render
    return SafeString("".join([node.render_annotated(context) for node in self]))
                               ~~~~~~~~~~~~~~~~~~~~~^^^^^^^^^
  File "D:\Web Applications\training_institute\venv\Lib\site-packages\django\template\base.py", line 1052, in render_annotated
    return self.render(context)
           ~~~~~~~~~~~^^^^^^^^^
  File "D:\Web Applications\training_institute\venv\Lib\site-packages\django\template\defaulttags.py", line 511, in render
    url = reverse(view_name, args=args, kwargs=kwargs, current_app=current_app)
  File "D:\Web Applications\training_institute\venv\Lib\site-packages\django\urls\base.py", line 98, in reverse
    resolved_url = resolver._reverse_with_prefix(view, prefix, *args, **kwargs)
  File "D:\Web Applications\training_institute\venv\Lib\site-packages\django\urls\resolvers.py", line 842, in _reverse_with_prefix
    raise NoReverseMatch(msg)
django.urls.exceptions.NoReverseMatch: Reverse for 'login' not found. 'login' is not a valid view function or pattern name.
ERROR 2026-05-15 15:06:48,139 log 11668 16796 "GET /login/ HTTP/1.1" 500 125447
INFO 2026-05-15 15:07:10,477 log 11668 16796 "GET /login/ HTTP/1.1" 200 19588
ERROR 2026-05-15 15:08:39,253 log 11668 16796 Internal Server Error: /login/
Traceback (most recent call last):
  File "D:\Web Applications\training_institute\venv\Lib\site-packages\django\core\handlers\exception.py", line 55, in inner
    response = get_response(request)
  File "D:\Web Applications\training_institute\venv\Lib\site-packages\django\core\handlers\base.py", line 198, in _get_response
    response = wrapped_callback(request, *callback_args, **callback_kwargs)
  File "D:\Web Applications\training_institute\training_institute_app\views.py", line 62, in login
    return render(request, 'training_institute_app/login.html')
  File "D:\Web Applications\training_institute\venv\Lib\site-packages\django\shortcuts.py", line 25, in render
    content = loader.render_to_string(template_name, context, request, using=using)
  File "D:\Web Applications\training_institute\venv\Lib\site-packages\django\template\loader.py", line 61, in render_to_string
    template = get_template(template_name, using=using)
  File "D:\Web Applications\training_institute\venv\Lib\site-packages\django\template\loader.py", line 15, in get_template
    return engine.get_template(template_name)
           ~~~~~~~~~~~~~~~~~~~^^^^^^^^^^^^^^^
  File "D:\Web Applications\training_institute\venv\Lib\site-packages\django\template\backends\django.py", line 79, in get_template
    return Template(self.engine.get_template(template_name), self)
                    ~~~~~~~~~~~~~~~~~~~~~~~~^^^^^^^^^^^^^^^
  File "D:\Web Applications\training_institute\venv\Lib\site-packages\django\template\engine.py", line 186, in get_template
    template, origin = self.find_template(template_name)
                       ~~~~~~~~~~~~~~~~~~^^^^^^^^^^^^^^^
  File "D:\Web Applications\training_institute\venv\Lib\site-packages\django\template\engine.py", line 159, in find_template
    template = loader.get_template(name, skip=skip)
  File "D:\Web Applications\training_institute\venv\Lib\site-packages\django\template\loaders\cached.py", line 57, in get_template
    template = super().get_template(template_name, skip)
  File "D:\Web Applications\training_institute\venv\Lib\site-packages\django\template\loaders\base.py", line 28, in get_template
    return Template(
        contents,
    ...<2 lines>...
        self.engine,
    )
  File "D:\Web Applications\training_institute\venv\Lib\site-packages\django\template\base.py", line 157, in __init__
    self.nodelist = self.compile_nodelist()
                    ~~~~~~~~~~~~~~~~~~~~~^^
  File "D:\Web Applications\training_institute\venv\Lib\site-packages\django\template\base.py", line 199, in compile_nodelist
    nodelist = parser.parse()
  File "D:\Web Applications\training_institute\venv\Lib\site-packages\django\template\base.py", line 586, in parse
    self.extend_nodelist(nodelist, compiled_result, token)
    ~~~~~~~~~~~~~~~~~~~~^^^^^^^^^^^^^^^^^^^^^^^^^^^^^^^^^^
  File "D:\Web Applications\training_institute\venv\Lib\site-packages\django\template\base.py", line 607, in extend_nodelist
    raise self.error(
    ...<2 lines>...
    )
django.template.exceptions.TemplateSyntaxError: Template: D:\Web Applications\training_institute\training_institute_app\templates\training_institute_app\login.html, {% extends 'training_institute_app/base.html' %} must be the first tag in 'training_institute_app/login.html'.
ERROR 2026-05-15 15:08:39,257 log 11668 16796 "GET /login/ HTTP/1.1" 500 149977
ERROR 2026-05-15 15:08:51,495 log 11668 16796 Internal Server Error: /login/
Traceback (most recent call last):
  File "D:\Web Applications\training_institute\venv\Lib\site-packages\django\core\handlers\exception.py", line 55, in inner
    response = get_response(request)
  File "D:\Web Applications\training_institute\venv\Lib\site-packages\django\core\handlers\base.py", line 198, in _get_response
    response = wrapped_callback(request, *callback_args, **callback_kwargs)
  File "D:\Web Applications\training_institute\training_institute_app\views.py", line 62, in login
    return render(request, 'training_institute_app/login.html')
  File "D:\Web Applications\training_institute\venv\Lib\site-packages\django\shortcuts.py", line 25, in render
    content = loader.render_to_string(template_name, context, request, using=using)
  File "D:\Web Applications\training_institute\venv\Lib\site-packages\django\template\loader.py", line 61, in render_to_string
    template = get_template(template_name, using=using)
  File "D:\Web Applications\training_institute\venv\Lib\site-packages\django\template\loader.py", line 15, in get_template
    return engine.get_template(template_name)
           ~~~~~~~~~~~~~~~~~~~^^^^^^^^^^^^^^^
  File "D:\Web Applications\training_institute\venv\Lib\site-packages\django\template\backends\django.py", line 79, in get_template
    return Template(self.engine.get_template(template_name), self)
                    ~~~~~~~~~~~~~~~~~~~~~~~~^^^^^^^^^^^^^^^
  File "D:\Web Applications\training_institute\venv\Lib\site-packages\django\template\engine.py", line 186, in get_template
    template, origin = self.find_template(template_name)
                       ~~~~~~~~~~~~~~~~~~^^^^^^^^^^^^^^^
  File "D:\Web Applications\training_institute\venv\Lib\site-packages\django\template\engine.py", line 159, in find_template
    template = loader.get_template(name, skip=skip)
  File "D:\Web Applications\training_institute\venv\Lib\site-packages\django\template\loaders\cached.py", line 57, in get_template
    template = super().get_template(template_name, skip)
  File "D:\Web Applications\training_institute\venv\Lib\site-packages\django\template\loaders\base.py", line 28, in get_template
    return Template(
        contents,
    ...<2 lines>...
        self.engine,
    )
  File "D:\Web Applications\training_institute\venv\Lib\site-packages\django\template\base.py", line 157, in __init__
    self.nodelist = self.compile_nodelist()
                    ~~~~~~~~~~~~~~~~~~~~~^^
  File "D:\Web Applications\training_institute\venv\Lib\site-packages\django\template\base.py", line 199, in compile_nodelist
    nodelist = parser.parse()
  File "D:\Web Applications\training_institute\venv\Lib\site-packages\django\template\base.py", line 586, in parse
    self.extend_nodelist(nodelist, compiled_result, token)
    ~~~~~~~~~~~~~~~~~~~~^^^^^^^^^^^^^^^^^^^^^^^^^^^^^^^^^^
  File "D:\Web Applications\training_institute\venv\Lib\site-packages\django\template\base.py", line 607, in extend_nodelist
    raise self.error(
    ...<2 lines>...
    )
django.template.exceptions.TemplateSyntaxError: Template: D:\Web Applications\training_institute\training_institute_app\templates\training_institute_app\login.html, {% extends 'base.html' %} must be the first tag in 'training_institute_app/login.html'.
ERROR 2026-05-15 15:08:51,498 log 11668 16796 "GET /login/ HTTP/1.1" 500 149766
ERROR 2026-05-15 15:09:05,116 log 11668 16796 Internal Server Error: /login/
Traceback (most recent call last):
  File "D:\Web Applications\training_institute\venv\Lib\site-packages\django\core\handlers\exception.py", line 55, in inner
    response = get_response(request)
  File "D:\Web Applications\training_institute\venv\Lib\site-packages\django\core\handlers\base.py", line 198, in _get_response
    response = wrapped_callback(request, *callback_args, **callback_kwargs)
  File "D:\Web Applications\training_institute\training_institute_app\views.py", line 62, in login
    return render(request, 'training_institute_app/login.html')
  File "D:\Web Applications\training_institute\venv\Lib\site-packages\django\shortcuts.py", line 25, in render
    content = loader.render_to_string(template_name, context, request, using=using)
  File "D:\Web Applications\training_institute\venv\Lib\site-packages\django\template\loader.py", line 61, in render_to_string
    template = get_template(template_name, using=using)
  File "D:\Web Applications\training_institute\venv\Lib\site-packages\django\template\loader.py", line 15, in get_template
    return engine.get_template(template_name)
           ~~~~~~~~~~~~~~~~~~~^^^^^^^^^^^^^^^
  File "D:\Web Applications\training_institute\venv\Lib\site-packages\django\template\backends\django.py", line 79, in get_template
    return Template(self.engine.get_template(template_name), self)
                    ~~~~~~~~~~~~~~~~~~~~~~~~^^^^^^^^^^^^^^^
  File "D:\Web Applications\training_institute\venv\Lib\site-packages\django\template\engine.py", line 186, in get_template
    template, origin = self.find_template(template_name)
                       ~~~~~~~~~~~~~~~~~~^^^^^^^^^^^^^^^
  File "D:\Web Applications\training_institute\venv\Lib\site-packages\django\template\engine.py", line 159, in find_template
    template = loader.get_template(name, skip=skip)
  File "D:\Web Applications\training_institute\venv\Lib\site-packages\django\template\loaders\cached.py", line 57, in get_template
    template = super().get_template(template_name, skip)
  File "D:\Web Applications\training_institute\venv\Lib\site-packages\django\template\loaders\base.py", line 28, in get_template
    return Template(
        contents,
    ...<2 lines>...
        self.engine,
    )
  File "D:\Web Applications\training_institute\venv\Lib\site-packages\django\template\base.py", line 157, in __init__
    self.nodelist = self.compile_nodelist()
                    ~~~~~~~~~~~~~~~~~~~~~^^
  File "D:\Web Applications\training_institute\venv\Lib\site-packages\django\template\base.py", line 199, in compile_nodelist
    nodelist = parser.parse()
  File "D:\Web Applications\training_institute\venv\Lib\site-packages\django\template\base.py", line 586, in parse
    self.extend_nodelist(nodelist, compiled_result, token)
    ~~~~~~~~~~~~~~~~~~~~^^^^^^^^^^^^^^^^^^^^^^^^^^^^^^^^^^
  File "D:\Web Applications\training_institute\venv\Lib\site-packages\django\template\base.py", line 607, in extend_nodelist
    raise self.error(
    ...<2 lines>...
    )
django.template.exceptions.TemplateSyntaxError: Template: D:\Web Applications\training_institute\training_institute_app\templates\training_institute_app\login.html, {% extends 'training_institute_app/base.html' %} must be the first tag in 'training_institute_app/login.html'.
ERROR 2026-05-15 15:09:05,118 log 11668 16796 "GET /login/ HTTP/1.1" 500 149977
INFO 2026-05-15 15:09:11,971 log 11668 16796 "GET /login/ HTTP/1.1" 200 7358
INFO 2026-05-15 15:09:12,027 log 11668 16796 "GET /static/training_institute_app/css/basestyles.css HTTP/1.1" 304 0
INFO 2026-05-15 15:09:12,027 log 11668 19112 "GET /static/training_institute_app/css/courses_details.css HTTP/1.1" 304 0
INFO 2026-05-15 15:09:12,029 log 11668 16796 "GET /static/training_institute_app/js/basestyles.js HTTP/1.1" 304 0
INFO 2026-05-15 15:09:12,350 log 11668 10964 "GET /static/training_institute_app/js/basestyles.js HTTP/1.1" 304 0
INFO 2026-05-15 15:09:33,532 log 11668 16796 "GET /login/ HTTP/1.1" 200 11750
INFO 2026-05-15 15:09:33,674 log 11668 16796 "GET /static/training_institute_app/images/logo.png HTTP/1.1" 304 0
WARNING 2026-05-15 15:09:33,808 log 11668 16796 "GET /static/training_institute_app/images/logo.jpeg HTTP/1.1" 404 2044
INFO 2026-05-15 15:09:56,695 log 11668 19112 "GET /login/ HTTP/1.1" 200 11891
INFO 2026-05-15 15:09:56,751 log 11668 19112 "GET /static/training_institute_app/js/login.js HTTP/1.1" 200 5946
INFO 2026-05-15 15:09:56,751 log 11668 2948 "GET /static/training_institute_app/css/login.css HTTP/1.1" 200 9289
INFO 2026-05-15 15:09:56,756 log 11668 10964 "GET /static/training_institute_app/js/login.js HTTP/1.1" 200 5946
INFO 2026-05-15 15:11:50,956 log 11668 16816 "GET /login/ HTTP/1.1" 200 11891
INFO 2026-05-15 15:11:51,019 log 11668 29040 "GET /static/training_institute_app/css/courses_details.css HTTP/1.1" 200 10744
INFO 2026-05-15 15:11:51,019 log 11668 16816 "GET /static/training_institute_app/css/basestyles.css HTTP/1.1" 200 30154
INFO 2026-05-15 15:11:51,022 log 11668 16816 "GET /static/training_institute_app/js/login.js HTTP/1.1" 200 5946
INFO 2026-05-15 15:11:51,022 log 11668 29040 "GET /static/training_institute_app/css/login.css HTTP/1.1" 200 5829
INFO 2026-05-15 15:11:51,025 log 11668 16816 "GET /static/training_institute_app/js/basestyles.js HTTP/1.1" 200 7312
INFO 2026-05-15 15:11:51,331 log 11668 22168 "GET /static/training_institute_app/js/login.js HTTP/1.1" 304 0
INFO 2026-05-15 15:11:51,353 log 11668 16816 "GET /static/training_institute_app/images/logo.png HTTP/1.1" 200 853147
WARNING 2026-05-15 15:11:51,381 log 11668 16816 "GET /static/training_institute_app/images/logo.jpeg HTTP/1.1" 404 2044
INFO 2026-05-15 15:12:57,101 log 11668 29040 "GET /login/ HTTP/1.1" 200 11891
INFO 2026-05-15 15:12:57,148 log 11668 29040 "GET /static/training_institute_app/css/basestyles.css HTTP/1.1" 200 30154
INFO 2026-05-15 15:12:57,153 log 11668 29040 "GET /static/training_institute_app/css/courses_details.css HTTP/1.1" 200 10744
INFO 2026-05-15 15:12:57,159 log 11668 29040 "GET /static/training_institute_app/css/login.css HTTP/1.1" 200 6415
INFO 2026-05-15 15:12:57,162 log 11668 29040 "GET /static/training_institute_app/js/login.js HTTP/1.1" 200 5946
INFO 2026-05-15 15:12:57,165 log 11668 29040 "GET /static/training_institute_app/js/basestyles.js HTTP/1.1" 200 7312
INFO 2026-05-15 15:12:57,168 log 11668 22168 "GET /static/training_institute_app/js/login.js HTTP/1.1" 304 0
INFO 2026-05-15 15:12:57,473 log 11668 29040 "GET /static/training_institute_app/images/logo.png HTTP/1.1" 200 853147
WARNING 2026-05-15 15:12:57,493 log 11668 29040 "GET /static/training_institute_app/images/logo.jpeg HTTP/1.1" 404 2044
INFO 2026-05-15 15:13:20,591 log 11668 21408 "GET /login/ HTTP/1.1" 200 11891
INFO 2026-05-15 15:13:20,638 log 11668 21408 "GET /static/training_institute_app/css/login.css HTTP/1.1" 200 6429
INFO 2026-05-15 15:13:30,349 log 11668 21408 "GET /login/ HTTP/1.1" 200 11891
INFO 2026-05-15 15:13:30,402 log 11668 25596 "GET /static/training_institute_app/css/courses_details.css HTTP/1.1" 200 10744
INFO 2026-05-15 15:13:30,402 log 11668 14860 "GET /static/training_institute_app/css/login.css HTTP/1.1" 200 6435
INFO 2026-05-15 15:13:30,403 log 11668 29124 "GET /static/training_institute_app/js/login.js HTTP/1.1" 200 5946
INFO 2026-05-15 15:13:30,403 log 11668 21408 "GET /static/training_institute_app/css/basestyles.css HTTP/1.1" 200 30154
INFO 2026-05-15 15:13:30,405 log 11668 25596 "GET /static/training_institute_app/js/basestyles.js HTTP/1.1" 200 7312
INFO 2026-05-15 15:13:30,407 log 11668 22168 "GET /static/training_institute_app/js/login.js HTTP/1.1" 304 0
INFO 2026-05-15 15:13:30,683 log 11668 25596 "GET /static/training_institute_app/images/logo.png HTTP/1.1" 200 853147
WARNING 2026-05-15 15:13:30,716 log 11668 25596 "GET /static/training_institute_app/images/logo.jpeg HTTP/1.1" 404 2044
INFO 2026-05-15 15:14:04,303 log 11668 21408 "GET /login/ HTTP/1.1" 200 11891
INFO 2026-05-15 15:14:04,374 log 11668 29124 "GET /static/training_institute_app/css/courses_details.css HTTP/1.1" 200 10744
INFO 2026-05-15 15:14:04,374 log 11668 14860 "GET /static/training_institute_app/css/login.css HTTP/1.1" 200 9289
INFO 2026-05-15 15:14:04,374 log 11668 164 "GET /static/training_institute_app/js/login.js HTTP/1.1" 200 5946
INFO 2026-05-15 15:14:04,375 log 11668 21408 "GET /static/training_institute_app/css/basestyles.css HTTP/1.1" 200 30154
INFO 2026-05-15 15:14:04,377 log 11668 29124 "GET /static/training_institute_app/js/basestyles.js HTTP/1.1" 200 7312
INFO 2026-05-15 15:14:04,379 log 11668 22168 "GET /static/training_institute_app/js/login.js HTTP/1.1" 304 0
INFO 2026-05-15 15:14:04,687 log 11668 29124 "GET /static/training_institute_app/images/logo.png HTTP/1.1" 200 853147
WARNING 2026-05-15 15:14:04,712 log 11668 29124 "GET /static/training_institute_app/images/logo.jpeg HTTP/1.1" 404 2044
INFO 2026-05-15 15:14:29,020 log 11668 14860 "GET /login/ HTTP/1.1" 200 17996
INFO 2026-05-15 15:14:29,082 log 11668 164 "GET /static/training_institute_app/css/login.css HTTP/1.1" 200 0
INFO 2026-05-15 15:14:29,083 log 11668 21408 "GET /static/training_institute_app/css/courses_details.css HTTP/1.1" 200 10744
INFO 2026-05-15 15:14:29,083 log 11668 27488 "GET /static/training_institute_app/js/login.js HTTP/1.1" 200 5946
INFO 2026-05-15 15:14:29,084 log 11668 14860 "GET /static/training_institute_app/css/basestyles.css HTTP/1.1" 200 30154
INFO 2026-05-15 15:14:29,087 log 11668 164 "GET /static/training_institute_app/js/basestyles.js HTTP/1.1" 200 7312
INFO 2026-05-15 15:14:29,426 log 11668 164 "GET /static/training_institute_app/images/logo.png HTTP/1.1" 200 853147
WARNING 2026-05-15 15:14:29,453 log 11668 164 "GET /static/training_institute_app/images/logo.jpeg HTTP/1.1" 404 2044
ERROR 2026-05-15 15:14:43,436 log 11668 21408 Internal Server Error: /login/
Traceback (most recent call last):
  File "D:\Web Applications\training_institute\venv\Lib\site-packages\django\core\handlers\exception.py", line 55, in inner
    response = get_response(request)
  File "D:\Web Applications\training_institute\venv\Lib\site-packages\django\core\handlers\base.py", line 198, in _get_response
    response = wrapped_callback(request, *callback_args, **callback_kwargs)
  File "D:\Web Applications\training_institute\training_institute_app\views.py", line 62, in login
    return render(request, 'training_institute_app/login.html')
  File "D:\Web Applications\training_institute\venv\Lib\site-packages\django\shortcuts.py", line 25, in render
    content = loader.render_to_string(template_name, context, request, using=using)
  File "D:\Web Applications\training_institute\venv\Lib\site-packages\django\template\loader.py", line 62, in render_to_string
    return template.render(context, request)
           ~~~~~~~~~~~~~~~^^^^^^^^^^^^^^^^^^
  File "D:\Web Applications\training_institute\venv\Lib\site-packages\django\template\backends\django.py", line 107, in render
    return self.template.render(context)
           ~~~~~~~~~~~~~~~~~~~~^^^^^^^^^
  File "D:\Web Applications\training_institute\venv\Lib\site-packages\django\template\base.py", line 174, in render
    return self._render(context)
           ~~~~~~~~~~~~^^^^^^^^^
  File "D:\Web Applications\training_institute\venv\Lib\site-packages\django\template\base.py", line 166, in _render
    return self.nodelist.render(context)
           ~~~~~~~~~~~~~~~~~~~~^^^^^^^^^
  File "D:\Web Applications\training_institute\venv\Lib\site-packages\django\template\base.py", line 1091, in render
    return SafeString("".join([node.render_annotated(context) for node in self]))
                               ~~~~~~~~~~~~~~~~~~~~~^^^^^^^^^
  File "D:\Web Applications\training_institute\venv\Lib\site-packages\django\template\base.py", line 1052, in render_annotated
    return self.render(context)
           ~~~~~~~~~~~^^^^^^^^^
  File "D:\Web Applications\training_institute\venv\Lib\site-packages\django\template\defaulttags.py", line 511, in render
    url = reverse(view_name, args=args, kwargs=kwargs, current_app=current_app)
  File "D:\Web Applications\training_institute\venv\Lib\site-packages\django\urls\base.py", line 98, in reverse
    resolved_url = resolver._reverse_with_prefix(view, prefix, *args, **kwargs)
  File "D:\Web Applications\training_institute\venv\Lib\site-packages\django\urls\resolvers.py", line 842, in _reverse_with_prefix
    raise NoReverseMatch(msg)
django.urls.exceptions.NoReverseMatch: Reverse for 'login' not found. 'login' is not a valid view function or pattern name.
ERROR 2026-05-15 15:14:43,442 log 11668 21408 "GET /login/ HTTP/1.1" 500 125447
WARNING 2026-05-15 15:14:43,717 log 11668 21408 Not Found: /favicon.ico
WARNING 2026-05-15 15:14:43,718 log 11668 21408 "GET /favicon.ico HTTP/1.1" 404 4360
INFO 2026-05-15 15:15:02,206 log 11668 21408 "GET /login/ HTTP/1.1" 200 19588
INFO 2026-05-15 15:15:39,292 log 11668 21408 "GET /login/ HTTP/1.1" 200 26725
INFO 2026-05-15 15:15:39,338 log 11668 14860 "GET /static/training_institute_app/js/basestyles.js HTTP/1.1" 200 7312
INFO 2026-05-15 15:15:39,339 log 11668 27488 "GET /static/training_institute_app/css/courses_details.css HTTP/1.1" 200 10744
INFO 2026-05-15 15:15:39,339 log 11668 21408 "GET /static/training_institute_app/css/basestyles.css HTTP/1.1" 200 30154
INFO 2026-05-15 15:15:39,784 log 11668 21408 "GET /static/training_institute_app/images/logo.png HTTP/1.1" 200 853147
WARNING 2026-05-15 15:15:39,809 log 11668 21408 "GET /static/training_institute_app/images/logo.jpeg HTTP/1.1" 404 2044
ERROR 2026-05-15 15:30:02,576 log 11668 5624 Internal Server Error: /login/
Traceback (most recent call last):
  File "D:\Web Applications\training_institute\venv\Lib\site-packages\django\core\handlers\exception.py", line 55, in inner
    response = get_response(request)
  File "D:\Web Applications\training_institute\venv\Lib\site-packages\django\core\handlers\base.py", line 198, in _get_response
    response = wrapped_callback(request, *callback_args, **callback_kwargs)
  File "D:\Web Applications\training_institute\training_institute_app\views.py", line 62, in login
    return render(request, 'training_institute_app/login.html')
  File "D:\Web Applications\training_institute\venv\Lib\site-packages\django\shortcuts.py", line 25, in render
    content = loader.render_to_string(template_name, context, request, using=using)
  File "D:\Web Applications\training_institute\venv\Lib\site-packages\django\template\loader.py", line 62, in render_to_string
    return template.render(context, request)
           ~~~~~~~~~~~~~~~^^^^^^^^^^^^^^^^^^
  File "D:\Web Applications\training_institute\venv\Lib\site-packages\django\template\backends\django.py", line 107, in render
    return self.template.render(context)
           ~~~~~~~~~~~~~~~~~~~~^^^^^^^^^
  File "D:\Web Applications\training_institute\venv\Lib\site-packages\django\template\base.py", line 174, in render
    return self._render(context)
           ~~~~~~~~~~~~^^^^^^^^^
  File "D:\Web Applications\training_institute\venv\Lib\site-packages\django\template\base.py", line 166, in _render
    return self.nodelist.render(context)
           ~~~~~~~~~~~~~~~~~~~~^^^^^^^^^
  File "D:\Web Applications\training_institute\venv\Lib\site-packages\django\template\base.py", line 1091, in render
    return SafeString("".join([node.render_annotated(context) for node in self]))
                               ~~~~~~~~~~~~~~~~~~~~~^^^^^^^^^
  File "D:\Web Applications\training_institute\venv\Lib\site-packages\django\template\base.py", line 1052, in render_annotated
    return self.render(context)
           ~~~~~~~~~~~^^^^^^^^^
  File "D:\Web Applications\training_institute\venv\Lib\site-packages\django\template\loader_tags.py", line 160, in render
    return compiled_parent._render(context)
           ~~~~~~~~~~~~~~~~~~~~~~~^^^^^^^^^
  File "D:\Web Applications\training_institute\venv\Lib\site-packages\django\template\base.py", line 166, in _render
    return self.nodelist.render(context)
           ~~~~~~~~~~~~~~~~~~~~^^^^^^^^^
  File "D:\Web Applications\training_institute\venv\Lib\site-packages\django\template\base.py", line 1091, in render
    return SafeString("".join([node.render_annotated(context) for node in self]))
                               ~~~~~~~~~~~~~~~~~~~~~^^^^^^^^^
  File "D:\Web Applications\training_institute\venv\Lib\site-packages\django\template\base.py", line 1052, in render_annotated
    return self.render(context)
           ~~~~~~~~~~~^^^^^^^^^
  File "D:\Web Applications\training_institute\venv\Lib\site-packages\django\template\loader_tags.py", line 66, in render
    result = block.nodelist.render(context)
  File "D:\Web Applications\training_institute\venv\Lib\site-packages\django\template\base.py", line 1091, in render
    return SafeString("".join([node.render_annotated(context) for node in self]))
                               ~~~~~~~~~~~~~~~~~~~~~^^^^^^^^^
  File "D:\Web Applications\training_institute\venv\Lib\site-packages\django\template\base.py", line 1052, in render_annotated
    return self.render(context)
           ~~~~~~~~~~~^^^^^^^^^
  File "D:\Web Applications\training_institute\venv\Lib\site-packages\django\template\defaulttags.py", line 511, in render
    url = reverse(view_name, args=args, kwargs=kwargs, current_app=current_app)
  File "D:\Web Applications\training_institute\venv\Lib\site-packages\django\urls\base.py", line 98, in reverse
    resolved_url = resolver._reverse_with_prefix(view, prefix, *args, **kwargs)
  File "D:\Web Applications\training_institute\venv\Lib\site-packages\django\urls\resolvers.py", line 842, in _reverse_with_prefix
    raise NoReverseMatch(msg)
django.urls.exceptions.NoReverseMatch: Reverse for 'login' not found. 'login' is not a valid view function or pattern name.
ERROR 2026-05-15 15:30:02,591 log 11668 5624 "GET /login/ HTTP/1.1" 500 158665
WARNING 2026-05-15 15:30:03,113 log 11668 5624 Not Found: /favicon.ico
WARNING 2026-05-15 15:30:03,114 log 11668 5624 "GET /favicon.ico HTTP/1.1" 404 4360
INFO 2026-05-15 15:30:32,994 autoreload 11668 26720 D:\Web Applications\training_institute\training_institute_app\views.py changed, reloading.
INFO 2026-05-15 15:30:33,789 autoreload 22148 23324 Watching for file changes with StatReloader
INFO 2026-05-15 15:30:47,133 autoreload 22148 23324 D:\Web Applications\training_institute\training_institute_app\views.py changed, reloading.
INFO 2026-05-15 15:30:47,735 autoreload 21432 10680 Watching for file changes with StatReloader
INFO 2026-05-15 15:30:55,013 autoreload 21432 10680 D:\Web Applications\training_institute\training_institute_app\views.py changed, reloading.
INFO 2026-05-15 15:30:55,626 autoreload 14928 14280 Watching for file changes with StatReloader
INFO 2026-05-15 15:31:01,876 autoreload 14928 14280 D:\Web Applications\training_institute\training_institute_app\urls.py changed, reloading.
INFO 2026-05-15 15:31:02,517 autoreload 19884 14112 Watching for file changes with StatReloader
ERROR 2026-05-15 15:31:29,327 log 19884 7736 Internal Server Error: /login/
Traceback (most recent call last):
  File "D:\Web Applications\training_institute\venv\Lib\site-packages\django\core\handlers\exception.py", line 55, in inner
    response = get_response(request)
  File "D:\Web Applications\training_institute\venv\Lib\site-packages\django\core\handlers\base.py", line 198, in _get_response
    response = wrapped_callback(request, *callback_args, **callback_kwargs)
  File "D:\Web Applications\training_institute\training_institute_app\views.py", line 62, in login
    return render(request, 'training_institute_app/login.html')
  File "D:\Web Applications\training_institute\venv\Lib\site-packages\django\shortcuts.py", line 25, in render
    content = loader.render_to_string(template_name, context, request, using=using)
  File "D:\Web Applications\training_institute\venv\Lib\site-packages\django\template\loader.py", line 62, in render_to_string
    return template.render(context, request)
           ~~~~~~~~~~~~~~~^^^^^^^^^^^^^^^^^^
  File "D:\Web Applications\training_institute\venv\Lib\site-packages\django\template\backends\django.py", line 107, in render
    return self.template.render(context)
           ~~~~~~~~~~~~~~~~~~~~^^^^^^^^^
  File "D:\Web Applications\training_institute\venv\Lib\site-packages\django\template\base.py", line 174, in render
    return self._render(context)
           ~~~~~~~~~~~~^^^^^^^^^
  File "D:\Web Applications\training_institute\venv\Lib\site-packages\django\template\base.py", line 166, in _render
    return self.nodelist.render(context)
           ~~~~~~~~~~~~~~~~~~~~^^^^^^^^^
  File "D:\Web Applications\training_institute\venv\Lib\site-packages\django\template\base.py", line 1091, in render
    return SafeString("".join([node.render_annotated(context) for node in self]))
                               ~~~~~~~~~~~~~~~~~~~~~^^^^^^^^^
  File "D:\Web Applications\training_institute\venv\Lib\site-packages\django\template\base.py", line 1052, in render_annotated
    return self.render(context)
           ~~~~~~~~~~~^^^^^^^^^
  File "D:\Web Applications\training_institute\venv\Lib\site-packages\django\template\loader_tags.py", line 160, in render
    return compiled_parent._render(context)
           ~~~~~~~~~~~~~~~~~~~~~~~^^^^^^^^^
  File "D:\Web Applications\training_institute\venv\Lib\site-packages\django\template\base.py", line 166, in _render
    return self.nodelist.render(context)
           ~~~~~~~~~~~~~~~~~~~~^^^^^^^^^
  File "D:\Web Applications\training_institute\venv\Lib\site-packages\django\template\base.py", line 1091, in render
    return SafeString("".join([node.render_annotated(context) for node in self]))
                               ~~~~~~~~~~~~~~~~~~~~~^^^^^^^^^
  File "D:\Web Applications\training_institute\venv\Lib\site-packages\django\template\base.py", line 1052, in render_annotated
    return self.render(context)
           ~~~~~~~~~~~^^^^^^^^^
  File "D:\Web Applications\training_institute\venv\Lib\site-packages\django\template\loader_tags.py", line 66, in render
    result = block.nodelist.render(context)
  File "D:\Web Applications\training_institute\venv\Lib\site-packages\django\template\base.py", line 1091, in render
    return SafeString("".join([node.render_annotated(context) for node in self]))
                               ~~~~~~~~~~~~~~~~~~~~~^^^^^^^^^
  File "D:\Web Applications\training_institute\venv\Lib\site-packages\django\template\base.py", line 1052, in render_annotated
    return self.render(context)
           ~~~~~~~~~~~^^^^^^^^^
  File "D:\Web Applications\training_institute\venv\Lib\site-packages\django\template\defaulttags.py", line 511, in render
    url = reverse(view_name, args=args, kwargs=kwargs, current_app=current_app)
  File "D:\Web Applications\training_institute\venv\Lib\site-packages\django\urls\base.py", line 98, in reverse
    resolved_url = resolver._reverse_with_prefix(view, prefix, *args, **kwargs)
  File "D:\Web Applications\training_institute\venv\Lib\site-packages\django\urls\resolvers.py", line 842, in _reverse_with_prefix
    raise NoReverseMatch(msg)
django.urls.exceptions.NoReverseMatch: Reverse for 'signin' not found. 'signin' is not a valid view function or pattern name.
ERROR 2026-05-15 15:31:29,333 log 19884 7736 "GET /login/ HTTP/1.1" 500 159705
ERROR 2026-05-15 15:31:59,089 log 19884 7736 Internal Server Error: /login/
Traceback (most recent call last):
  File "D:\Web Applications\training_institute\venv\Lib\site-packages\django\core\handlers\exception.py", line 55, in inner
    response = get_response(request)
  File "D:\Web Applications\training_institute\venv\Lib\site-packages\django\core\handlers\base.py", line 198, in _get_response
    response = wrapped_callback(request, *callback_args, **callback_kwargs)
  File "D:\Web Applications\training_institute\training_institute_app\views.py", line 62, in login
    return render(request, 'training_institute_app/login.html')
  File "D:\Web Applications\training_institute\venv\Lib\site-packages\django\shortcuts.py", line 25, in render
    content = loader.render_to_string(template_name, context, request, using=using)
  File "D:\Web Applications\training_institute\venv\Lib\site-packages\django\template\loader.py", line 62, in render_to_string
    return template.render(context, request)
           ~~~~~~~~~~~~~~~^^^^^^^^^^^^^^^^^^
  File "D:\Web Applications\training_institute\venv\Lib\site-packages\django\template\backends\django.py", line 107, in render
    return self.template.render(context)
           ~~~~~~~~~~~~~~~~~~~~^^^^^^^^^
  File "D:\Web Applications\training_institute\venv\Lib\site-packages\django\template\base.py", line 174, in render
    return self._render(context)
           ~~~~~~~~~~~~^^^^^^^^^
  File "D:\Web Applications\training_institute\venv\Lib\site-packages\django\template\base.py", line 166, in _render
    return self.nodelist.render(context)
           ~~~~~~~~~~~~~~~~~~~~^^^^^^^^^
  File "D:\Web Applications\training_institute\venv\Lib\site-packages\django\template\base.py", line 1091, in render
    return SafeString("".join([node.render_annotated(context) for node in self]))
                               ~~~~~~~~~~~~~~~~~~~~~^^^^^^^^^
  File "D:\Web Applications\training_institute\venv\Lib\site-packages\django\template\base.py", line 1052, in render_annotated
    return self.render(context)
           ~~~~~~~~~~~^^^^^^^^^
  File "D:\Web Applications\training_institute\venv\Lib\site-packages\django\template\loader_tags.py", line 160, in render
    return compiled_parent._render(context)
           ~~~~~~~~~~~~~~~~~~~~~~~^^^^^^^^^
  File "D:\Web Applications\training_institute\venv\Lib\site-packages\django\template\base.py", line 166, in _render
    return self.nodelist.render(context)
           ~~~~~~~~~~~~~~~~~~~~^^^^^^^^^
  File "D:\Web Applications\training_institute\venv\Lib\site-packages\django\template\base.py", line 1091, in render
    return SafeString("".join([node.render_annotated(context) for node in self]))
                               ~~~~~~~~~~~~~~~~~~~~~^^^^^^^^^
  File "D:\Web Applications\training_institute\venv\Lib\site-packages\django\template\base.py", line 1052, in render_annotated
    return self.render(context)
           ~~~~~~~~~~~^^^^^^^^^
  File "D:\Web Applications\training_institute\venv\Lib\site-packages\django\template\loader_tags.py", line 66, in render
    result = block.nodelist.render(context)
  File "D:\Web Applications\training_institute\venv\Lib\site-packages\django\template\base.py", line 1091, in render
    return SafeString("".join([node.render_annotated(context) for node in self]))
                               ~~~~~~~~~~~~~~~~~~~~~^^^^^^^^^
  File "D:\Web Applications\training_institute\venv\Lib\site-packages\django\template\base.py", line 1052, in render_annotated
    return self.render(context)
           ~~~~~~~~~~~^^^^^^^^^
  File "D:\Web Applications\training_institute\venv\Lib\site-packages\django\template\defaulttags.py", line 511, in render
    url = reverse(view_name, args=args, kwargs=kwargs, current_app=current_app)
  File "D:\Web Applications\training_institute\venv\Lib\site-packages\django\urls\base.py", line 98, in reverse
    resolved_url = resolver._reverse_with_prefix(view, prefix, *args, **kwargs)
  File "D:\Web Applications\training_institute\venv\Lib\site-packages\django\urls\resolvers.py", line 842, in _reverse_with_prefix
    raise NoReverseMatch(msg)
django.urls.exceptions.NoReverseMatch: Reverse for 'signup' not found. 'signup' is not a valid view function or pattern name.
ERROR 2026-05-15 15:31:59,093 log 19884 7736 "GET /login/ HTTP/1.1" 500 159059
ERROR 2026-05-15 15:32:00,167 log 19884 7736 Internal Server Error: /login/
Traceback (most recent call last):
  File "D:\Web Applications\training_institute\venv\Lib\site-packages\django\core\handlers\exception.py", line 55, in inner
    response = get_response(request)
  File "D:\Web Applications\training_institute\venv\Lib\site-packages\django\core\handlers\base.py", line 198, in _get_response
    response = wrapped_callback(request, *callback_args, **callback_kwargs)
  File "D:\Web Applications\training_institute\training_institute_app\views.py", line 62, in login
    return render(request, 'training_institute_app/login.html')
  File "D:\Web Applications\training_institute\venv\Lib\site-packages\django\shortcuts.py", line 25, in render
    content = loader.render_to_string(template_name, context, request, using=using)
  File "D:\Web Applications\training_institute\venv\Lib\site-packages\django\template\loader.py", line 62, in render_to_string
    return template.render(context, request)
           ~~~~~~~~~~~~~~~^^^^^^^^^^^^^^^^^^
  File "D:\Web Applications\training_institute\venv\Lib\site-packages\django\template\backends\django.py", line 107, in render
    return self.template.render(context)
           ~~~~~~~~~~~~~~~~~~~~^^^^^^^^^
  File "D:\Web Applications\training_institute\venv\Lib\site-packages\django\template\base.py", line 174, in render
    return self._render(context)
           ~~~~~~~~~~~~^^^^^^^^^
  File "D:\Web Applications\training_institute\venv\Lib\site-packages\django\template\base.py", line 166, in _render
    return self.nodelist.render(context)
           ~~~~~~~~~~~~~~~~~~~~^^^^^^^^^
  File "D:\Web Applications\training_institute\venv\Lib\site-packages\django\template\base.py", line 1091, in render
    return SafeString("".join([node.render_annotated(context) for node in self]))
                               ~~~~~~~~~~~~~~~~~~~~~^^^^^^^^^
  File "D:\Web Applications\training_institute\venv\Lib\site-packages\django\template\base.py", line 1052, in render_annotated
    return self.render(context)
           ~~~~~~~~~~~^^^^^^^^^
  File "D:\Web Applications\training_institute\venv\Lib\site-packages\django\template\loader_tags.py", line 160, in render
    return compiled_parent._render(context)
           ~~~~~~~~~~~~~~~~~~~~~~~^^^^^^^^^
  File "D:\Web Applications\training_institute\venv\Lib\site-packages\django\template\base.py", line 166, in _render
    return self.nodelist.render(context)
           ~~~~~~~~~~~~~~~~~~~~^^^^^^^^^
  File "D:\Web Applications\training_institute\venv\Lib\site-packages\django\template\base.py", line 1091, in render
    return SafeString("".join([node.render_annotated(context) for node in self]))
                               ~~~~~~~~~~~~~~~~~~~~~^^^^^^^^^
  File "D:\Web Applications\training_institute\venv\Lib\site-packages\django\template\base.py", line 1052, in render_annotated
    return self.render(context)
           ~~~~~~~~~~~^^^^^^^^^
  File "D:\Web Applications\training_institute\venv\Lib\site-packages\django\template\loader_tags.py", line 66, in render
    result = block.nodelist.render(context)
  File "D:\Web Applications\training_institute\venv\Lib\site-packages\django\template\base.py", line 1091, in render
    return SafeString("".join([node.render_annotated(context) for node in self]))
                               ~~~~~~~~~~~~~~~~~~~~~^^^^^^^^^
  File "D:\Web Applications\training_institute\venv\Lib\site-packages\django\template\base.py", line 1052, in render_annotated
    return self.render(context)
           ~~~~~~~~~~~^^^^^^^^^
  File "D:\Web Applications\training_institute\venv\Lib\site-packages\django\template\defaulttags.py", line 511, in render
    url = reverse(view_name, args=args, kwargs=kwargs, current_app=current_app)
  File "D:\Web Applications\training_institute\venv\Lib\site-packages\django\urls\base.py", line 98, in reverse
    resolved_url = resolver._reverse_with_prefix(view, prefix, *args, **kwargs)
  File "D:\Web Applications\training_institute\venv\Lib\site-packages\django\urls\resolvers.py", line 842, in _reverse_with_prefix
    raise NoReverseMatch(msg)
django.urls.exceptions.NoReverseMatch: Reverse for 'signup' not found. 'signup' is not a valid view function or pattern name.
ERROR 2026-05-15 15:32:00,172 log 19884 7736 "GET /login/ HTTP/1.1" 500 159059
INFO 2026-05-15 15:32:07,449 log 19884 7736 "GET /login/ HTTP/1.1" 200 27230
INFO 2026-05-15 15:33:01,503 log 19884 7736 "GET /login/ HTTP/1.1" 200 12440
INFO 2026-05-15 15:33:01,648 log 19884 7736 "GET /static/training_institute_app/css/basestyles.css HTTP/1.1" 200 30154
INFO 2026-05-15 15:33:01,661 log 19884 7736 "GET /static/training_institute_app/css/courses_details.css HTTP/1.1" 200 10744
INFO 2026-05-15 15:33:01,674 log 19884 7736 "GET /static/training_institute_app/css/login.css HTTP/1.1" 200 8483
WARNING 2026-05-15 15:33:01,683 log 19884 7736 "GET /static/js/login.js HTTP/1.1" 404 1960
INFO 2026-05-15 15:33:01,795 log 19884 11480 "GET /static/training_institute_app/js/basestyles.js HTTP/1.1" 200 7312
WARNING 2026-05-15 15:33:01,999 log 19884 29644 "GET /static/js/login.js HTTP/1.1" 404 1960
INFO 2026-05-15 15:33:02,007 log 19884 11480 "GET /static/training_institute_app/images/logo.png HTTP/1.1" 200 853147
WARNING 2026-05-15 15:33:02,035 log 19884 11480 "GET /static/training_institute_app/images/logo.jpeg HTTP/1.1" 404 2044
INFO 2026-05-15 15:33:16,023 log 19884 21984 "GET /login/ HTTP/1.1" 200 19098
INFO 2026-05-15 15:33:16,073 log 19884 21984 "GET /static/training_institute_app/css/basestyles.css HTTP/1.1" 200 30154
INFO 2026-05-15 15:33:16,074 log 19884 17808 "GET /static/training_institute_app/css/login.css HTTP/1.1" 200 8483
INFO 2026-05-15 15:33:16,073 log 19884 24936 "GET /static/training_institute_app/css/courses_details.css HTTP/1.1" 200 10744
INFO 2026-05-15 15:33:16,076 log 19884 21984 "GET /static/training_institute_app/js/basestyles.js HTTP/1.1" 200 7312
INFO 2026-05-15 15:33:16,421 log 19884 21984 "GET /static/training_institute_app/images/logo.png HTTP/1.1" 200 853147
WARNING 2026-05-15 15:33:16,449 log 19884 21984 "GET /static/training_institute_app/images/logo.jpeg HTTP/1.1" 404 2044
INFO 2026-05-15 15:34:06,375 log 19884 24936 "GET /login/ HTTP/1.1" 200 24555
INFO 2026-05-15 15:34:06,436 log 19884 17808 "GET /static/training_institute_app/css/courses_details.css HTTP/1.1" 200 10744
INFO 2026-05-15 15:34:06,436 log 19884 24936 "GET /static/training_institute_app/css/basestyles.css HTTP/1.1" 200 30154
INFO 2026-05-15 15:34:06,437 log 19884 7132 "GET /static/training_institute_app/images/logoSample.png HTTP/1.1" 200 38769
INFO 2026-05-15 15:34:06,448 log 19884 7132 "GET /static/training_institute_app/css/login.css HTTP/1.1" 200 8483
INFO 2026-05-15 15:34:06,601 log 19884 7132 "GET /static/training_institute_app/js/basestyles.js HTTP/1.1" 200 7312
INFO 2026-05-15 15:34:06,965 log 19884 7132 "GET /static/training_institute_app/images/logo.png HTTP/1.1" 200 853147
WARNING 2026-05-15 15:34:06,987 log 19884 7132 "GET /static/training_institute_app/images/logo.jpeg HTTP/1.1" 404 2044
INFO 2026-05-15 15:34:19,007 log 19884 24936 "GET / HTTP/1.1" 200 26630
INFO 2026-05-15 15:34:19,070 log 19884 24936 "GET /static/training_institute_app/images/image.jpeg HTTP/1.1" 304 0
INFO 2026-05-15 15:34:19,070 log 19884 17808 "GET /static/training_institute_app/images/image1.jpeg HTTP/1.1" 304 0
INFO 2026-05-15 15:34:19,092 log 19884 17808 "GET /static/training_institute_app/images/image2.jpeg HTTP/1.1" 304 0
INFO 2026-05-15 15:34:19,093 log 19884 24936 "GET /static/training_institute_app/images/image4.png HTTP/1.1" 304 0
INFO 2026-05-15 15:34:19,113 log 19884 24936 "GET /static/training_institute_app/images/image5.jpeg HTTP/1.1" 304 0
INFO 2026-05-15 15:34:53,171 log 19884 24936 "GET /login HTTP/1.1" 301 0
INFO 2026-05-15 15:34:53,186 log 19884 24936 "GET /login/ HTTP/1.1" 200 24555
INFO 2026-05-15 15:34:53,253 log 19884 24936 "GET /static/training_institute_app/css/login.css HTTP/1.1" 304 0
INFO 2026-05-15 15:35:16,830 log 19884 24936 "GET /login/ HTTP/1.1" 200 19098
INFO 2026-05-15 15:35:16,887 log 19884 24936 "GET /static/training_institute_app/css/login.css HTTP/1.1" 304 0
INFO 2026-05-15 15:35:43,957 log 19884 24936 "GET /login/ HTTP/1.1" 200 12818
INFO 2026-05-15 15:36:13,755 log 19884 24936 "GET /login/ HTTP/1.1" 200 24555
INFO 2026-05-15 15:36:13,793 log 19884 17808 "GET /static/training_institute_app/css/courses_details.css HTTP/1.1" 200 10744
INFO 2026-05-15 15:36:13,794 log 19884 24936 "GET /static/training_institute_app/css/basestyles.css HTTP/1.1" 200 30154
INFO 2026-05-15 15:36:13,797 log 19884 17808 "GET /static/training_institute_app/images/logoSample.png HTTP/1.1" 200 38769
INFO 2026-05-15 15:36:13,816 log 19884 17808 "GET /static/training_institute_app/css/login.css HTTP/1.1" 200 8483
INFO 2026-05-15 15:36:13,974 log 19884 17808 "GET /static/training_institute_app/js/basestyles.js HTTP/1.1" 200 7312
INFO 2026-05-15 15:36:14,227 log 19884 17808 "GET /static/training_institute_app/images/logo.png HTTP/1.1" 200 853147
WARNING 2026-05-15 15:36:14,249 log 19884 17808 "GET /static/training_institute_app/images/logo.jpeg HTTP/1.1" 404 2044
INFO 2026-05-15 15:43:42,139 log 19884 13972 "GET /login/ HTTP/1.1" 200 24555
INFO 2026-05-15 15:43:42,190 log 19884 13972 "GET /static/training_institute_app/css/login.css HTTP/1.1" 200 8360
ERROR 2026-05-15 15:46:45,430 log 19884 13972 Internal Server Error: /login/
Traceback (most recent call last):
  File "D:\Web Applications\training_institute\venv\Lib\site-packages\django\core\handlers\exception.py", line 55, in inner
    response = get_response(request)
  File "D:\Web Applications\training_institute\venv\Lib\site-packages\django\core\handlers\base.py", line 198, in _get_response
    response = wrapped_callback(request, *callback_args, **callback_kwargs)
  File "D:\Web Applications\training_institute\training_institute_app\views.py", line 62, in login
    return render(request, 'training_institute_app/login.html')
  File "D:\Web Applications\training_institute\venv\Lib\site-packages\django\shortcuts.py", line 25, in render
    content = loader.render_to_string(template_name, context, request, using=using)
  File "D:\Web Applications\training_institute\venv\Lib\site-packages\django\template\loader.py", line 62, in render_to_string
    return template.render(context, request)
           ~~~~~~~~~~~~~~~^^^^^^^^^^^^^^^^^^
  File "D:\Web Applications\training_institute\venv\Lib\site-packages\django\template\backends\django.py", line 107, in render
    return self.template.render(context)
           ~~~~~~~~~~~~~~~~~~~~^^^^^^^^^
  File "D:\Web Applications\training_institute\venv\Lib\site-packages\django\template\base.py", line 174, in render
    return self._render(context)
           ~~~~~~~~~~~~^^^^^^^^^
  File "D:\Web Applications\training_institute\venv\Lib\site-packages\django\template\base.py", line 166, in _render
    return self.nodelist.render(context)
           ~~~~~~~~~~~~~~~~~~~~^^^^^^^^^
  File "D:\Web Applications\training_institute\venv\Lib\site-packages\django\template\base.py", line 1091, in render
    return SafeString("".join([node.render_annotated(context) for node in self]))
                               ~~~~~~~~~~~~~~~~~~~~~^^^^^^^^^
  File "D:\Web Applications\training_institute\venv\Lib\site-packages\django\template\base.py", line 1052, in render_annotated
    return self.render(context)
           ~~~~~~~~~~~^^^^^^^^^
  File "D:\Web Applications\training_institute\venv\Lib\site-packages\django\template\loader_tags.py", line 160, in render
    return compiled_parent._render(context)
           ~~~~~~~~~~~~~~~~~~~~~~~^^^^^^^^^
  File "D:\Web Applications\training_institute\venv\Lib\site-packages\django\template\base.py", line 166, in _render
    return self.nodelist.render(context)
           ~~~~~~~~~~~~~~~~~~~~^^^^^^^^^
  File "D:\Web Applications\training_institute\venv\Lib\site-packages\django\template\base.py", line 1091, in render
    return SafeString("".join([node.render_annotated(context) for node in self]))
                               ~~~~~~~~~~~~~~~~~~~~~^^^^^^^^^
  File "D:\Web Applications\training_institute\venv\Lib\site-packages\django\template\base.py", line 1052, in render_annotated
    return self.render(context)
           ~~~~~~~~~~~^^^^^^^^^
  File "D:\Web Applications\training_institute\venv\Lib\site-packages\django\template\loader_tags.py", line 66, in render
    result = block.nodelist.render(context)
  File "D:\Web Applications\training_institute\venv\Lib\site-packages\django\template\base.py", line 1091, in render
    return SafeString("".join([node.render_annotated(context) for node in self]))
                               ~~~~~~~~~~~~~~~~~~~~~^^^^^^^^^
  File "D:\Web Applications\training_institute\venv\Lib\site-packages\django\template\base.py", line 1052, in render_annotated
    return self.render(context)
           ~~~~~~~~~~~^^^^^^^^^
  File "D:\Web Applications\training_institute\venv\Lib\site-packages\django\template\defaulttags.py", line 511, in render
    url = reverse(view_name, args=args, kwargs=kwargs, current_app=current_app)
  File "D:\Web Applications\training_institute\venv\Lib\site-packages\django\urls\base.py", line 98, in reverse
    resolved_url = resolver._reverse_with_prefix(view, prefix, *args, **kwargs)
  File "D:\Web Applications\training_institute\venv\Lib\site-packages\django\urls\resolvers.py", line 842, in _reverse_with_prefix
    raise NoReverseMatch(msg)
django.urls.exceptions.NoReverseMatch: Reverse for 'login' not found. 'login' is not a valid view function or pattern name.
ERROR 2026-05-15 15:46:45,439 log 19884 13972 "GET /login/ HTTP/1.1" 500 162425
WARNING 2026-05-15 15:46:45,858 log 19884 13972 Not Found: /favicon.ico
WARNING 2026-05-15 15:46:45,859 log 19884 13972 "GET /favicon.ico HTTP/1.1" 404 4870
ERROR 2026-05-15 15:47:07,410 log 19884 13972 Internal Server Error: /login/
Traceback (most recent call last):
  File "D:\Web Applications\training_institute\venv\Lib\site-packages\django\core\handlers\exception.py", line 55, in inner
    response = get_response(request)
  File "D:\Web Applications\training_institute\venv\Lib\site-packages\django\core\handlers\base.py", line 198, in _get_response
    response = wrapped_callback(request, *callback_args, **callback_kwargs)
  File "D:\Web Applications\training_institute\training_institute_app\views.py", line 62, in login
    return render(request, 'training_institute_app/login.html')
  File "D:\Web Applications\training_institute\venv\Lib\site-packages\django\shortcuts.py", line 25, in render
    content = loader.render_to_string(template_name, context, request, using=using)
  File "D:\Web Applications\training_institute\venv\Lib\site-packages\django\template\loader.py", line 62, in render_to_string
    return template.render(context, request)
           ~~~~~~~~~~~~~~~^^^^^^^^^^^^^^^^^^
  File "D:\Web Applications\training_institute\venv\Lib\site-packages\django\template\backends\django.py", line 107, in render
    return self.template.render(context)
           ~~~~~~~~~~~~~~~~~~~~^^^^^^^^^
  File "D:\Web Applications\training_institute\venv\Lib\site-packages\django\template\base.py", line 174, in render
    return self._render(context)
           ~~~~~~~~~~~~^^^^^^^^^
  File "D:\Web Applications\training_institute\venv\Lib\site-packages\django\template\base.py", line 166, in _render
    return self.nodelist.render(context)
           ~~~~~~~~~~~~~~~~~~~~^^^^^^^^^
  File "D:\Web Applications\training_institute\venv\Lib\site-packages\django\template\base.py", line 1091, in render
    return SafeString("".join([node.render_annotated(context) for node in self]))
                               ~~~~~~~~~~~~~~~~~~~~~^^^^^^^^^
  File "D:\Web Applications\training_institute\venv\Lib\site-packages\django\template\base.py", line 1052, in render_annotated
    return self.render(context)
           ~~~~~~~~~~~^^^^^^^^^
  File "D:\Web Applications\training_institute\venv\Lib\site-packages\django\template\loader_tags.py", line 160, in render
    return compiled_parent._render(context)
           ~~~~~~~~~~~~~~~~~~~~~~~^^^^^^^^^
  File "D:\Web Applications\training_institute\venv\Lib\site-packages\django\template\base.py", line 166, in _render
    return self.nodelist.render(context)
           ~~~~~~~~~~~~~~~~~~~~^^^^^^^^^
  File "D:\Web Applications\training_institute\venv\Lib\site-packages\django\template\base.py", line 1091, in render
    return SafeString("".join([node.render_annotated(context) for node in self]))
                               ~~~~~~~~~~~~~~~~~~~~~^^^^^^^^^
  File "D:\Web Applications\training_institute\venv\Lib\site-packages\django\template\base.py", line 1052, in render_annotated
    return self.render(context)
           ~~~~~~~~~~~^^^^^^^^^
  File "D:\Web Applications\training_institute\venv\Lib\site-packages\django\template\loader_tags.py", line 66, in render
    result = block.nodelist.render(context)
  File "D:\Web Applications\training_institute\venv\Lib\site-packages\django\template\base.py", line 1091, in render
    return SafeString("".join([node.render_annotated(context) for node in self]))
                               ~~~~~~~~~~~~~~~~~~~~~^^^^^^^^^
  File "D:\Web Applications\training_institute\venv\Lib\site-packages\django\template\base.py", line 1052, in render_annotated
    return self.render(context)
           ~~~~~~~~~~~^^^^^^^^^
  File "D:\Web Applications\training_institute\venv\Lib\site-packages\django\template\defaulttags.py", line 511, in render
    url = reverse(view_name, args=args, kwargs=kwargs, current_app=current_app)
  File "D:\Web Applications\training_institute\venv\Lib\site-packages\django\urls\base.py", line 98, in reverse
    resolved_url = resolver._reverse_with_prefix(view, prefix, *args, **kwargs)
  File "D:\Web Applications\training_institute\venv\Lib\site-packages\django\urls\resolvers.py", line 842, in _reverse_with_prefix
    raise NoReverseMatch(msg)
django.urls.exceptions.NoReverseMatch: Reverse for 'signin' not found. 'signin' is not a valid view function or pattern name.
ERROR 2026-05-15 15:47:07,413 log 19884 13972 "GET /login/ HTTP/1.1" 500 162451
ERROR 2026-05-15 15:47:08,988 log 19884 13972 Internal Server Error: /login/
Traceback (most recent call last):
  File "D:\Web Applications\training_institute\venv\Lib\site-packages\django\core\handlers\exception.py", line 55, in inner
    response = get_response(request)
  File "D:\Web Applications\training_institute\venv\Lib\site-packages\django\core\handlers\base.py", line 198, in _get_response
    response = wrapped_callback(request, *callback_args, **callback_kwargs)
  File "D:\Web Applications\training_institute\training_institute_app\views.py", line 62, in login
    return render(request, 'training_institute_app/login.html')
  File "D:\Web Applications\training_institute\venv\Lib\site-packages\django\shortcuts.py", line 25, in render
    content = loader.render_to_string(template_name, context, request, using=using)
  File "D:\Web Applications\training_institute\venv\Lib\site-packages\django\template\loader.py", line 62, in render_to_string
    return template.render(context, request)
           ~~~~~~~~~~~~~~~^^^^^^^^^^^^^^^^^^
  File "D:\Web Applications\training_institute\venv\Lib\site-packages\django\template\backends\django.py", line 107, in render
    return self.template.render(context)
           ~~~~~~~~~~~~~~~~~~~~^^^^^^^^^
  File "D:\Web Applications\training_institute\venv\Lib\site-packages\django\template\base.py", line 174, in render
    return self._render(context)
           ~~~~~~~~~~~~^^^^^^^^^
  File "D:\Web Applications\training_institute\venv\Lib\site-packages\django\template\base.py", line 166, in _render
    return self.nodelist.render(context)
           ~~~~~~~~~~~~~~~~~~~~^^^^^^^^^
  File "D:\Web Applications\training_institute\venv\Lib\site-packages\django\template\base.py", line 1091, in render
    return SafeString("".join([node.render_annotated(context) for node in self]))
                               ~~~~~~~~~~~~~~~~~~~~~^^^^^^^^^
  File "D:\Web Applications\training_institute\venv\Lib\site-packages\django\template\base.py", line 1052, in render_annotated
    return self.render(context)
           ~~~~~~~~~~~^^^^^^^^^
  File "D:\Web Applications\training_institute\venv\Lib\site-packages\django\template\loader_tags.py", line 160, in render
    return compiled_parent._render(context)
           ~~~~~~~~~~~~~~~~~~~~~~~^^^^^^^^^
  File "D:\Web Applications\training_institute\venv\Lib\site-packages\django\template\base.py", line 166, in _render
    return self.nodelist.render(context)
           ~~~~~~~~~~~~~~~~~~~~^^^^^^^^^
  File "D:\Web Applications\training_institute\venv\Lib\site-packages\django\template\base.py", line 1091, in render
    return SafeString("".join([node.render_annotated(context) for node in self]))
                               ~~~~~~~~~~~~~~~~~~~~~^^^^^^^^^
  File "D:\Web Applications\training_institute\venv\Lib\site-packages\django\template\base.py", line 1052, in render_annotated
    return self.render(context)
           ~~~~~~~~~~~^^^^^^^^^
  File "D:\Web Applications\training_institute\venv\Lib\site-packages\django\template\loader_tags.py", line 66, in render
    result = block.nodelist.render(context)
  File "D:\Web Applications\training_institute\venv\Lib\site-packages\django\template\base.py", line 1091, in render
    return SafeString("".join([node.render_annotated(context) for node in self]))
                               ~~~~~~~~~~~~~~~~~~~~~^^^^^^^^^
  File "D:\Web Applications\training_institute\venv\Lib\site-packages\django\template\base.py", line 1052, in render_annotated
    return self.render(context)
           ~~~~~~~~~~~^^^^^^^^^
  File "D:\Web Applications\training_institute\venv\Lib\site-packages\django\template\defaulttags.py", line 511, in render
    url = reverse(view_name, args=args, kwargs=kwargs, current_app=current_app)
  File "D:\Web Applications\training_institute\venv\Lib\site-packages\django\urls\base.py", line 98, in reverse
    resolved_url = resolver._reverse_with_prefix(view, prefix, *args, **kwargs)
  File "D:\Web Applications\training_institute\venv\Lib\site-packages\django\urls\resolvers.py", line 842, in _reverse_with_prefix
    raise NoReverseMatch(msg)
django.urls.exceptions.NoReverseMatch: Reverse for 'signin' not found. 'signin' is not a valid view function or pattern name.
ERROR 2026-05-15 15:47:08,991 log 19884 13972 "GET /login/ HTTP/1.1" 500 162451
ERROR 2026-05-15 15:47:25,887 log 19884 13972 Internal Server Error: /login/
Traceback (most recent call last):
  File "D:\Web Applications\training_institute\venv\Lib\site-packages\django\core\handlers\exception.py", line 55, in inner
    response = get_response(request)
  File "D:\Web Applications\training_institute\venv\Lib\site-packages\django\core\handlers\base.py", line 198, in _get_response
    response = wrapped_callback(request, *callback_args, **callback_kwargs)
  File "D:\Web Applications\training_institute\training_institute_app\views.py", line 62, in login
    return render(request, 'training_institute_app/login.html')
  File "D:\Web Applications\training_institute\venv\Lib\site-packages\django\shortcuts.py", line 25, in render
    content = loader.render_to_string(template_name, context, request, using=using)
  File "D:\Web Applications\training_institute\venv\Lib\site-packages\django\template\loader.py", line 62, in render_to_string
    return template.render(context, request)
           ~~~~~~~~~~~~~~~^^^^^^^^^^^^^^^^^^
  File "D:\Web Applications\training_institute\venv\Lib\site-packages\django\template\backends\django.py", line 107, in render
    return self.template.render(context)
           ~~~~~~~~~~~~~~~~~~~~^^^^^^^^^
  File "D:\Web Applications\training_institute\venv\Lib\site-packages\django\template\base.py", line 174, in render
    return self._render(context)
           ~~~~~~~~~~~~^^^^^^^^^
  File "D:\Web Applications\training_institute\venv\Lib\site-packages\django\template\base.py", line 166, in _render
    return self.nodelist.render(context)
           ~~~~~~~~~~~~~~~~~~~~^^^^^^^^^
  File "D:\Web Applications\training_institute\venv\Lib\site-packages\django\template\base.py", line 1091, in render
    return SafeString("".join([node.render_annotated(context) for node in self]))
                               ~~~~~~~~~~~~~~~~~~~~~^^^^^^^^^
  File "D:\Web Applications\training_institute\venv\Lib\site-packages\django\template\base.py", line 1052, in render_annotated
    return self.render(context)
           ~~~~~~~~~~~^^^^^^^^^
  File "D:\Web Applications\training_institute\venv\Lib\site-packages\django\template\loader_tags.py", line 160, in render
    return compiled_parent._render(context)
           ~~~~~~~~~~~~~~~~~~~~~~~^^^^^^^^^
  File "D:\Web Applications\training_institute\venv\Lib\site-packages\django\template\base.py", line 166, in _render
    return self.nodelist.render(context)
           ~~~~~~~~~~~~~~~~~~~~^^^^^^^^^
  File "D:\Web Applications\training_institute\venv\Lib\site-packages\django\template\base.py", line 1091, in render
    return SafeString("".join([node.render_annotated(context) for node in self]))
                               ~~~~~~~~~~~~~~~~~~~~~^^^^^^^^^
  File "D:\Web Applications\training_institute\venv\Lib\site-packages\django\template\base.py", line 1052, in render_annotated
    return self.render(context)
           ~~~~~~~~~~~^^^^^^^^^
  File "D:\Web Applications\training_institute\venv\Lib\site-packages\django\template\loader_tags.py", line 66, in render
    result = block.nodelist.render(context)
  File "D:\Web Applications\training_institute\venv\Lib\site-packages\django\template\base.py", line 1091, in render
    return SafeString("".join([node.render_annotated(context) for node in self]))
                               ~~~~~~~~~~~~~~~~~~~~~^^^^^^^^^
  File "D:\Web Applications\training_institute\venv\Lib\site-packages\django\template\base.py", line 1052, in render_annotated
    return self.render(context)
           ~~~~~~~~~~~^^^^^^^^^
  File "D:\Web Applications\training_institute\venv\Lib\site-packages\django\template\defaulttags.py", line 511, in render
    url = reverse(view_name, args=args, kwargs=kwargs, current_app=current_app)
  File "D:\Web Applications\training_institute\venv\Lib\site-packages\django\urls\base.py", line 98, in reverse
    resolved_url = resolver._reverse_with_prefix(view, prefix, *args, **kwargs)
  File "D:\Web Applications\training_institute\venv\Lib\site-packages\django\urls\resolvers.py", line 842, in _reverse_with_prefix
    raise NoReverseMatch(msg)
django.urls.exceptions.NoReverseMatch: Reverse for 'password_reset' not found. 'password_reset' is not a valid view function or pattern name.
ERROR 2026-05-15 15:47:25,892 log 19884 13972 "GET /login/ HTTP/1.1" 500 161079
INFO 2026-05-15 15:47:42,555 log 19884 13972 "GET /login/ HTTP/1.1" 200 28250
INFO 2026-05-15 15:47:42,636 log 19884 13972 "GET /static/training_institute_app/css/login.css HTTP/1.1" 304 0
INFO 2026-05-15 15:47:53,662 log 19884 13972 "GET /login/ HTTP/1.1" 200 28250
INFO 2026-05-15 15:48:18,558 log 19884 13972 "GET /login/ HTTP/1.1" 200 36235
INFO 2026-05-15 15:48:18,629 log 19884 2084 "GET /static/training_institute_app/css/courses_details.css HTTP/1.1" 200 10744
INFO 2026-05-15 15:48:18,629 log 19884 13972 "GET /static/training_institute_app/css/basestyles.css HTTP/1.1" 200 30154
INFO 2026-05-15 15:48:18,631 log 19884 2084 "GET /static/training_institute_app/images/logoSample.png HTTP/1.1" 200 38769
INFO 2026-05-15 15:48:18,645 log 19884 2084 "GET /static/training_institute_app/css/login.css HTTP/1.1" 200 8360
INFO 2026-05-15 15:48:18,792 log 19884 2084 "GET /static/training_institute_app/js/basestyles.js HTTP/1.1" 200 7312
INFO 2026-05-15 15:48:19,047 log 19884 2084 "GET /static/training_institute_app/images/logo.png HTTP/1.1" 200 853147
WARNING 2026-05-15 15:48:19,395 log 19884 2084 "GET /static/training_institute_app/images/logo.jpeg HTTP/1.1" 404 2044
INFO 2026-05-15 16:05:20,781 log 19884 13188 "GET /login/ HTTP/1.1" 200 30158
INFO 2026-05-15 16:05:20,846 log 19884 16444 "GET /static/training_institute_app/css/courses_details.css HTTP/1.1" 200 10744
INFO 2026-05-15 16:05:20,846 log 19884 13188 "GET /static/training_institute_app/css/basestyles.css HTTP/1.1" 200 30154
INFO 2026-05-15 16:05:20,848 log 19884 13188 "GET /static/training_institute_app/images/logoSample.png HTTP/1.1" 200 38769
INFO 2026-05-15 16:05:21,041 log 19884 13188 "GET /static/training_institute_app/css/login.css HTTP/1.1" 200 8360
INFO 2026-05-15 16:05:21,055 log 19884 13188 "GET /static/training_institute_app/js/basestyles.js HTTP/1.1" 200 7312
INFO 2026-05-15 16:05:21,365 log 19884 13188 "GET /static/training_institute_app/images/logo.png HTTP/1.1" 200 853147
WARNING 2026-05-15 16:05:21,389 log 19884 13188 "GET /static/training_institute_app/images/logo.jpeg HTTP/1.1" 404 2044
INFO 2026-05-15 16:05:31,655 log 19884 16444 "GET /login/ HTTP/1.1" 200 30158
INFO 2026-05-15 16:05:31,719 log 19884 16148 "GET /static/training_institute_app/css/courses_details.css HTTP/1.1" 200 10744
INFO 2026-05-15 16:05:31,720 log 19884 16444 "GET /static/training_institute_app/css/basestyles.css HTTP/1.1" 200 30154
INFO 2026-05-15 16:05:31,723 log 19884 16148 "GET /static/training_institute_app/images/logoSample.png HTTP/1.1" 200 38769
INFO 2026-05-15 16:05:31,726 log 19884 16148 "GET /static/training_institute_app/css/login.css HTTP/1.1" 200 8360
INFO 2026-05-15 16:05:31,906 log 19884 16148 "GET /static/training_institute_app/js/basestyles.js HTTP/1.1" 200 7312
INFO 2026-05-15 16:05:32,026 log 19884 16148 "GET /static/training_institute_app/images/logo.png HTTP/1.1" 200 853147
WARNING 2026-05-15 16:05:32,046 log 19884 16148 "GET /static/training_institute_app/images/logo.jpeg HTTP/1.1" 404 2044
INFO 2026-05-15 16:39:14,233 log 19884 17316 "GET /login/ HTTP/1.1" 200 28831
INFO 2026-05-15 16:39:14,307 log 19884 17316 "GET /static/training_institute_app/css/basestyles.css HTTP/1.1" 200 30154
INFO 2026-05-15 16:39:14,308 log 19884 27820 "GET /static/training_institute_app/css/courses_details.css HTTP/1.1" 200 10744
INFO 2026-05-15 16:39:14,310 log 19884 17316 "GET /static/training_institute_app/images/logoSample.png HTTP/1.1" 200 38769
INFO 2026-05-15 16:39:14,545 log 19884 17316 "GET /static/training_institute_app/css/login.css HTTP/1.1" 200 8727
INFO 2026-05-15 16:39:14,550 log 19884 17316 "GET /static/training_institute_app/js/basestyles.js HTTP/1.1" 200 7312
INFO 2026-05-15 16:39:14,990 log 19884 17316 "GET /static/training_institute_app/images/logo.png HTTP/1.1" 200 853147
WARNING 2026-05-15 16:39:15,022 log 19884 17316 "GET /static/training_institute_app/images/logo.jpeg HTTP/1.1" 404 2044
INFO 2026-05-15 16:39:25,658 log 19884 27820 "GET /login/ HTTP/1.1" 200 28831
INFO 2026-05-15 16:39:25,719 log 19884 14024 "GET /static/training_institute_app/css/courses_details.css HTTP/1.1" 200 10744
INFO 2026-05-15 16:39:25,720 log 19884 27820 "GET /static/training_institute_app/css/basestyles.css HTTP/1.1" 200 30154
INFO 2026-05-15 16:39:25,722 log 19884 14024 "GET /static/training_institute_app/images/logoSample.png HTTP/1.1" 200 38769
INFO 2026-05-15 16:39:25,726 log 19884 14024 "GET /static/training_institute_app/css/login.css HTTP/1.1" 200 8727
INFO 2026-05-15 16:39:25,847 log 19884 14024 "GET /static/training_institute_app/js/basestyles.js HTTP/1.1" 200 7312
INFO 2026-05-15 16:39:26,045 log 19884 14024 "GET /static/training_institute_app/images/logo.png HTTP/1.1" 200 853147
WARNING 2026-05-15 16:39:26,066 log 19884 14024 "GET /static/training_institute_app/images/logo.jpeg HTTP/1.1" 404 2044
INFO 2026-05-15 16:39:33,086 log 19884 27820 "GET /login/ HTTP/1.1" 200 28831
INFO 2026-05-15 16:39:33,150 log 19884 12452 "GET /static/training_institute_app/css/courses_details.css HTTP/1.1" 200 10744
INFO 2026-05-15 16:39:33,151 log 19884 27820 "GET /static/training_institute_app/css/basestyles.css HTTP/1.1" 200 30154
INFO 2026-05-15 16:39:33,153 log 19884 12452 "GET /static/training_institute_app/images/logoSample.png HTTP/1.1" 200 38769
INFO 2026-05-15 16:39:33,167 log 19884 12452 "GET /static/training_institute_app/css/login.css HTTP/1.1" 200 8727
INFO 2026-05-15 16:39:33,288 log 19884 12452 "GET /static/training_institute_app/js/basestyles.js HTTP/1.1" 200 7312
INFO 2026-05-15 16:39:33,467 log 19884 12452 "GET /static/training_institute_app/images/logo.png HTTP/1.1" 200 853147
WARNING 2026-05-15 16:39:33,493 log 19884 12452 "GET /static/training_institute_app/images/logo.jpeg HTTP/1.1" 404 2044
INFO 2026-05-15 17:05:30,632 log 19884 3384 "GET /static/training_institute_app/css/courses_details.css HTTP/1.1" 200 10744
INFO 2026-05-15 17:05:30,632 log 19884 20404 "GET /static/training_institute_app/css/basestyles.css HTTP/1.1" 200 30154
INFO 2026-05-15 17:05:30,635 log 19884 3384 "GET /static/training_institute_app/js/basestyles.js HTTP/1.1" 200 7312
INFO 2026-05-15 17:05:30,636 log 19884 20404 "GET /static/training_institute_app/images/logoSample.png HTTP/1.1" 200 38769
INFO 2026-05-18 09:37:13,504 autoreload 5360 7360 Watching for file changes with StatReloader
INFO 2026-05-18 10:00:31,584 autoreload 5360 7360 D:\Web Applications\training_institute\training_institute_app\views.py changed, reloading.
INFO 2026-05-18 10:00:32,590 autoreload 16496 20984 Watching for file changes with StatReloader
INFO 2026-05-18 10:00:35,819 autoreload 16496 20984 D:\Web Applications\training_institute\training_institute_app\views.py changed, reloading.
INFO 2026-05-18 10:00:36,371 autoreload 19116 24736 Watching for file changes with StatReloader
INFO 2026-05-18 10:00:55,807 autoreload 19116 24736 D:\Web Applications\training_institute\training_institute_app\urls.py changed, reloading.
INFO 2026-05-18 10:00:56,361 autoreload 7868 16436 Watching for file changes with StatReloader
INFO 2026-05-18 10:01:18,655 log 7868 3280 "GET / HTTP/1.1" 200 26630
INFO 2026-05-18 10:01:18,681 log 7868 3280 "GET /static/training_institute_app/css/basestyles.css HTTP/1.1" 304 0
INFO 2026-05-18 10:01:18,685 log 7868 3280 "GET /static/training_institute_app/css/courses_details.css HTTP/1.1" 304 0
INFO 2026-05-18 10:01:18,876 log 7868 3280 "GET /static/training_institute_app/images/logoSample.png HTTP/1.1" 304 0
INFO 2026-05-18 10:01:18,878 log 7868 3280 "GET /static/training_institute_app/images/image.jpeg HTTP/1.1" 304 0
INFO 2026-05-18 10:01:18,890 log 7868 3280 "GET /static/training_institute_app/images/image1.jpeg HTTP/1.1" 304 0
INFO 2026-05-18 10:01:18,893 log 7868 3280 "GET /static/training_institute_app/images/image2.jpeg HTTP/1.1" 304 0
INFO 2026-05-18 10:01:18,900 log 7868 3280 "GET /static/training_institute_app/images/image4.png HTTP/1.1" 304 0
INFO 2026-05-18 10:01:18,904 log 7868 3280 "GET /static/training_institute_app/js/basestyles.js HTTP/1.1" 304 0
INFO 2026-05-18 10:01:18,907 log 7868 3280 "GET /static/training_institute_app/images/image5.jpeg HTTP/1.1" 304 0
INFO 2026-05-18 10:01:19,696 log 7868 13072 "GET /static/training_institute_app/js/basestyles.js HTTP/1.1" 304 0
INFO 2026-05-18 10:01:22,771 log 7868 3280 "GET /login/ HTTP/1.1" 200 28831
INFO 2026-05-18 10:01:22,906 log 7868 3280 "GET /static/training_institute_app/css/login.css HTTP/1.1" 200 8727
INFO 2026-05-18 10:02:05,745 log 7868 3280 "GET /contact HTTP/1.1" 301 0
INFO 2026-05-18 10:02:05,753 log 7868 3280 "GET /contact/ HTTP/1.1" 200 0
WARNING 2026-05-18 10:02:05,909 log 7868 3280 Not Found: /favicon.ico
WARNING 2026-05-18 10:02:05,911 log 7868 3280 "GET /favicon.ico HTTP/1.1" 404 5131
INFO 2026-05-18 10:03:20,932 log 7868 3280 "GET /login/ HTTP/1.1" 200 28856
INFO 2026-05-18 10:03:21,016 log 7868 3280 "GET /static/training_institute_app/css/basestyles.css HTTP/1.1" 200 30154
INFO 2026-05-18 10:03:21,042 log 7868 3280 "GET /static/training_institute_app/css/courses_details.css HTTP/1.1" 200 10744
INFO 2026-05-18 10:03:21,072 log 7868 3280 "GET /static/training_institute_app/images/logoSample.png HTTP/1.1" 200 38769
INFO 2026-05-18 10:03:21,172 log 7868 3280 "GET /static/training_institute_app/css/login.css HTTP/1.1" 200 8727
INFO 2026-05-18 10:03:21,227 log 7868 3280 "GET /static/training_institute_app/js/basestyles.js HTTP/1.1" 200 7312
INFO 2026-05-18 10:03:21,518 log 7868 3280 "GET /static/training_institute_app/images/logo.png HTTP/1.1" 200 853147
WARNING 2026-05-18 10:03:21,540 log 7868 3280 "GET /static/training_institute_app/images/logo.jpeg HTTP/1.1" 404 2044
INFO 2026-05-18 10:03:44,412 log 7868 11976 "GET /login/ HTTP/1.1" 200 28831
INFO 2026-05-18 10:03:49,230 log 7868 11976 "GET /dashboard HTTP/1.1" 301 0
ERROR 2026-05-18 10:03:49,574 log 7868 11976 Internal Server Error: /dashboard/
Traceback (most recent call last):
  File "D:\Web Applications\training_institute\venv\Lib\site-packages\django\core\handlers\exception.py", line 55, in inner
    response = get_response(request)
  File "D:\Web Applications\training_institute\venv\Lib\site-packages\django\core\handlers\base.py", line 198, in _get_response
    response = wrapped_callback(request, *callback_args, **callback_kwargs)
  File "D:\Web Applications\training_institute\training_institute_app\views.py", line 73, in dashboard
    return render(request, 'training_institute_app/dashboard/dashboard.html')
  File "D:\Web Applications\training_institute\venv\Lib\site-packages\django\shortcuts.py", line 25, in render
    content = loader.render_to_string(template_name, context, request, using=using)
  File "D:\Web Applications\training_institute\venv\Lib\site-packages\django\template\loader.py", line 61, in render_to_string
    template = get_template(template_name, using=using)
  File "D:\Web Applications\training_institute\venv\Lib\site-packages\django\template\loader.py", line 19, in get_template
    raise TemplateDoesNotExist(template_name, chain=chain)
django.template.exceptions.TemplateDoesNotExist: training_institute_app/dashboard/dashboard.html
ERROR 2026-05-18 10:03:49,582 log 7868 11976 "GET /dashboard/ HTTP/1.1" 500 89658
WARNING 2026-05-18 10:03:49,838 log 7868 11976 Not Found: /favicon.ico
WARNING 2026-05-18 10:03:49,839 log 7868 11976 "GET /favicon.ico HTTP/1.1" 404 5131
INFO 2026-05-18 10:05:39,217 autoreload 7868 16436 D:\Web Applications\training_institute\training_institute_app\views.py changed, reloading.
INFO 2026-05-18 10:05:39,847 autoreload 20936 25916 Watching for file changes with StatReloader
INFO 2026-05-18 10:05:47,210 log 20936 11984 "GET /dashboard/ HTTP/1.1" 200 3288
INFO 2026-05-18 10:47:08,509 basehttp 20936 14044 - Broken pipe from ('127.0.0.1', 52902)
INFO 2026-05-18 10:47:10,555 log 20936 25072 "GET / HTTP/1.1" 200 26630
INFO 2026-05-18 10:47:10,813 log 20936 25072 "GET /static/training_institute_app/css/basestyles.css HTTP/1.1" 200 30154
INFO 2026-05-18 10:47:10,839 log 20936 25072 "GET /static/training_institute_app/css/courses_details.css HTTP/1.1" 200 10744
INFO 2026-05-18 10:47:10,888 log 20936 25072 "GET /static/training_institute_app/images/logoSample.png HTTP/1.1" 200 38769
INFO 2026-05-18 10:47:10,921 log 20936 25072 "GET /static/training_institute_app/js/basestyles.js HTTP/1.1" 200 7312
INFO 2026-05-18 10:47:15,602 log 20936 25072 "GET /dashboard HTTP/1.1" 301 0
INFO 2026-05-18 10:47:15,618 log 20936 25072 "GET /dashboard/ HTTP/1.1" 200 104691
WARNING 2026-05-18 10:47:15,682 log 20936 15904 "GET /static/assets/libs/owl.carousel/dist/assets/owl.carousel.min.css HTTP/1.1" 404 2098
WARNING 2026-05-18 10:47:15,682 log 20936 25072 "GET /static/assets/css/theme.css HTTP/1.1" 404 1987
WARNING 2026-05-18 10:47:15,988 log 20936 15612 "GET /static/assets/images/logos/dark-logo.svg HTTP/1.1" 404 2026
WARNING 2026-05-18 10:47:15,989 log 20936 5280 "GET /static/assets/images/logos/light-logo.svg HTTP/1.1" 404 2029
WARNING 2026-05-18 10:47:16,149 log 20936 18972 Not Found: /dashboard/assets/images/background/rocket.png
WARNING 2026-05-18 10:47:16,158 log 20936 5152 "GET /static/assets/images/logos/dark-logo-rtl.svg HTTP/1.1" 404 2038
WARNING 2026-05-18 10:47:16,166 log 20936 18972 "GET /dashboard/assets/images/background/rocket.png HTTP/1.1" 404 5233
WARNING 2026-05-18 10:47:16,176 log 20936 21660 "GET /static/assets/images/logos/light-logo-rtl.svg HTTP/1.1" 404 2041
WARNING 2026-05-18 10:47:16,177 log 20936 11932 "GET /static/assets/js/vendor.min.js HTTP/1.1" 404 1996
WARNING 2026-05-18 10:47:16,188 log 20936 18972 "GET /static/assets/js/theme/app.init.js HTTP/1.1" 404 2008
WARNING 2026-05-18 10:47:16,307 log 20936 18284 "GET /static/assets/js/theme/app.min.js HTTP/1.1" 404 2005
WARNING 2026-05-18 10:47:16,307 log 20936 17388 "GET /static/assets/js/theme.js HTTP/1.1" 404 1981
WARNING 2026-05-18 10:47:16,481 log 20936 1208 "GET /static/assets/libs/simplebar/dist/simplebar.min.js HTTP/1.1" 404 2056
WARNING 2026-05-18 10:47:16,485 log 20936 1200 "GET /static/assets/libs/preline/dist/preline.js HTTP/1.1" 404 2032
WARNING 2026-05-18 10:47:16,489 log 20936 16360 "GET /static/assets/libs/%40preline/input-number/index.js HTTP/1.1" 404 2053
WARNING 2026-05-18 10:47:16,503 log 20936 18408 "GET /static/assets/libs/%40preline/tooltip/index.js HTTP/1.1" 404 2038
WARNING 2026-05-18 10:47:16,650 log 20936 14280 "GET /static/assets/libs/owl.carousel/dist/owl.carousel.min.js HTTP/1.1" 404 2074
WARNING 2026-05-18 10:47:16,650 log 20936 15956 "GET /static/assets/libs/%40preline/stepper/index.js HTTP/1.1" 404 2038
WARNING 2026-05-18 10:47:16,808 log 20936 15152 "GET /static/assets/libs/apexcharts/dist/apexcharts.min.js HTTP/1.1" 404 2062
WARNING 2026-05-18 10:47:16,813 log 20936 18456 "GET /static/assets/js/dashboards/dashboard.js HTTP/1.1" 404 2026
WARNING 2026-05-18 10:47:16,836 log 20936 20844 "GET /static/assets/images/profile/user-1.jpg HTTP/1.1" 404 2023
WARNING 2026-05-18 10:47:16,836 log 20936 7180 "GET /static/assets/images/background/customer-support-img.png HTTP/1.1" 404 2074
WARNING 2026-05-18 10:47:16,963 log 20936 25092 "GET /static/assets/images/svgs/icon-user-male.svg HTTP/1.1" 404 2038
WARNING 2026-05-18 10:47:16,968 log 20936 25404 "GET /static/assets/images/svgs/icon-briefcase.svg HTTP/1.1" 404 2038
WARNING 2026-05-18 10:47:17,128 log 20936 15676 "GET /static/assets/images/svgs/icon-mailbox.svg HTTP/1.1" 404 2032
WARNING 2026-05-18 10:47:17,139 log 20936 10160 "GET /static/assets/images/svgs/icon-favorites.svg HTTP/1.1" 404 2038
WARNING 2026-05-18 10:47:17,167 log 20936 8672 "GET /static/assets/images/svgs/icon-speech-bubble.svg HTTP/1.1" 404 2050
WARNING 2026-05-18 10:47:17,177 log 20936 20524 "GET /static/assets/images/svgs/icon-connect.svg HTTP/1.1" 404 2032
WARNING 2026-05-18 10:47:17,468 log 20936 11976 "GET /static/assets/libs/preline/dist/preline.js HTTP/1.1" 404 2032
WARNING 2026-05-18 10:47:17,468 log 20936 25884 "GET /static/assets/js/vendor.min.js HTTP/1.1" 404 1996
WARNING 2026-05-18 10:47:17,470 log 20936 15100 "GET /static/assets/js/theme/app.init.js HTTP/1.1" 404 2008
WARNING 2026-05-18 10:47:17,479 log 20936 15212 "GET /static/assets/js/theme.js HTTP/1.1" 404 1981
WARNING 2026-05-18 10:47:17,481 log 20936 13432 "GET /static/assets/js/theme/app.min.js HTTP/1.1" 404 2005
WARNING 2026-05-18 10:47:17,480 log 20936 22108 "GET /static/assets/libs/simplebar/dist/simplebar.min.js HTTP/1.1" 404 2056
WARNING 2026-05-18 10:47:17,513 log 20936 20920 "GET /static/assets/images/logos/favicon.png HTTP/1.1" 404 2020
WARNING 2026-05-18 10:47:17,807 log 20936 20916 "GET /static/assets/libs/%40preline/tooltip/index.js HTTP/1.1" 404 2038
WARNING 2026-05-18 10:47:17,810 log 20936 8800 "GET /static/assets/libs/%40preline/input-number/index.js HTTP/1.1" 404 2053
WARNING 2026-05-18 10:47:17,812 log 20936 21488 "GET /static/assets/libs/owl.carousel/dist/owl.carousel.min.js HTTP/1.1" 404 2074
WARNING 2026-05-18 10:47:17,815 log 20936 7764 "GET /static/assets/libs/%40preline/stepper/index.js HTTP/1.1" 404 2038
WARNING 2026-05-18 10:47:17,826 log 20936 3504 "GET /static/assets/libs/apexcharts/dist/apexcharts.min.js HTTP/1.1" 404 2062
WARNING 2026-05-18 10:47:17,827 log 20936 16372 "GET /static/assets/js/dashboards/dashboard.js HTTP/1.1" 404 2026
WARNING 2026-05-18 10:47:35,520 log 20936 23404 "GET /static/assets/css/theme.css HTTP/1.1" 404 1987
WARNING 2026-05-18 10:47:35,827 log 20936 8544 "GET /static/assets/libs/owl.carousel/dist/assets/owl.carousel.min.css HTTP/1.1" 404 2098
WARNING 2026-05-18 10:47:35,857 log 20936 12036 Not Found: /.well-known/appspecific/com.chrome.devtools.json
WARNING 2026-05-18 10:47:35,859 log 20936 12036 "GET /.well-known/appspecific/com.chrome.devtools.json HTTP/1.1" 404 5242
INFO 2026-05-18 10:47:47,940 log 20936 12036 "GET /dashboard/ HTTP/1.1" 200 104684
WARNING 2026-05-18 10:47:47,995 log 20936 12036 "GET /static/css/theme.css HTTP/1.1" 404 1966
WARNING 2026-05-18 10:47:48,250 log 20936 5260 "GET /static/assets/libs/owl.carousel/dist/assets/owl.carousel.min.css HTTP/1.1" 404 2098
WARNING 2026-05-18 10:47:48,307 log 20936 13704 "GET /static/assets/images/logos/dark-logo.svg HTTP/1.1" 404 2026
WARNING 2026-05-18 10:47:48,308 log 20936 4344 "GET /static/assets/js/vendor.min.js HTTP/1.1" 404 1996
WARNING 2026-05-18 10:47:48,312 log 20936 3292 "GET /static/assets/images/logos/light-logo.svg HTTP/1.1" 404 2029
WARNING 2026-05-18 10:47:48,469 log 20936 20212 "GET /static/assets/images/logos/light-logo-rtl.svg HTTP/1.1" 404 2041
WARNING 2026-05-18 10:47:48,469 log 20936 12416 "GET /static/assets/images/logos/dark-logo-rtl.svg HTTP/1.1" 404 2038
WARNING 2026-05-18 10:47:48,568 log 20936 9652 Not Found: /dashboard/assets/images/background/rocket.png
WARNING 2026-05-18 10:47:48,569 log 20936 9652 "GET /dashboard/assets/images/background/rocket.png HTTP/1.1" 404 5233
WARNING 2026-05-18 10:47:48,577 log 20936 9652 "GET /static/assets/js/theme/app.init.js HTTP/1.1" 404 2008
WARNING 2026-05-18 10:47:48,636 log 20936 2056 "GET /static/assets/js/theme/app.min.js HTTP/1.1" 404 2005
WARNING 2026-05-18 10:47:48,654 log 20936 10504 "GET /static/assets/js/theme.js HTTP/1.1" 404 1981
WARNING 2026-05-18 10:47:48,654 log 20936 22716 "GET /static/assets/libs/simplebar/dist/simplebar.min.js HTTP/1.1" 404 2056
WARNING 2026-05-18 10:47:48,655 log 20936 7328 "GET /static/assets/js/vendor.min.js HTTP/1.1" 404 1996
WARNING 2026-05-18 10:47:48,804 log 20936 22492 "GET /static/assets/libs/preline/dist/preline.js HTTP/1.1" 404 2032
WARNING 2026-05-18 10:47:48,804 log 20936 12336 "GET /static/assets/libs/%40preline/input-number/index.js HTTP/1.1" 404 2053
WARNING 2026-05-18 10:47:48,896 log 20936 22692 "GET /static/assets/js/theme/app.init.js HTTP/1.1" 404 2008
WARNING 2026-05-18 10:47:48,896 log 20936 9588 "GET /static/assets/libs/%40preline/tooltip/index.js HTTP/1.1" 404 2038
WARNING 2026-05-18 10:47:48,906 log 20936 23740 "GET /static/assets/js/theme/app.min.js HTTP/1.1" 404 2005
WARNING 2026-05-18 10:47:48,963 log 20936 24160 "GET /static/assets/libs/%40preline/stepper/index.js HTTP/1.1" 404 2038
WARNING 2026-05-18 10:47:48,966 log 20936 20528 "GET /static/assets/js/theme.js HTTP/1.1" 404 1981
WARNING 2026-05-18 10:47:48,977 log 20936 4680 "GET /static/assets/libs/owl.carousel/dist/owl.carousel.min.js HTTP/1.1" 404 2074
WARNING 2026-05-18 10:47:48,991 log 20936 25076 "GET /static/assets/libs/apexcharts/dist/apexcharts.min.js HTTP/1.1" 404 2062
WARNING 2026-05-18 10:47:48,997 log 20936 24304 "GET /static/assets/libs/simplebar/dist/simplebar.min.js HTTP/1.1" 404 2056
WARNING 2026-05-18 10:47:48,997 log 20936 13780 "GET /static/assets/libs/%40preline/input-number/index.js HTTP/1.1" 404 2053
WARNING 2026-05-18 10:47:49,139 log 20936 24232 "GET /static/assets/images/profile/user-1.jpg HTTP/1.1" 404 2023
WARNING 2026-05-18 10:47:49,139 log 20936 24552 "GET /static/assets/libs/%40preline/tooltip/index.js HTTP/1.1" 404 2038
WARNING 2026-05-18 10:47:49,140 log 20936 24536 "GET /static/assets/js/dashboards/dashboard.js HTTP/1.1" 404 2026
WARNING 2026-05-18 10:47:49,217 log 20936 8768 "GET /static/assets/images/background/customer-support-img.png HTTP/1.1" 404 2074
WARNING 2026-05-18 10:47:49,225 log 20936 15896 "GET /static/assets/libs/%40preline/stepper/index.js HTTP/1.1" 404 2038
WARNING 2026-05-18 10:47:49,280 log 20936 20892 "GET /static/assets/images/svgs/icon-user-male.svg HTTP/1.1" 404 2038
WARNING 2026-05-18 10:47:49,286 log 20936 18728 "GET /static/assets/libs/owl.carousel/dist/owl.carousel.min.js HTTP/1.1" 404 2074
WARNING 2026-05-18 10:47:49,298 log 20936 9336 "GET /static/assets/images/svgs/icon-briefcase.svg HTTP/1.1" 404 2038
WARNING 2026-05-18 10:47:49,299 log 20936 7904 "GET /static/assets/libs/apexcharts/dist/apexcharts.min.js HTTP/1.1" 404 2062
WARNING 2026-05-18 10:47:49,306 log 20936 21012 "GET /static/assets/images/svgs/icon-mailbox.svg HTTP/1.1" 404 2032
WARNING 2026-05-18 10:47:49,477 log 20936 10648 "GET /static/assets/js/dashboards/dashboard.js HTTP/1.1" 404 2026
WARNING 2026-05-18 10:47:49,482 log 20936 9436 "GET /static/assets/images/svgs/icon-speech-bubble.svg HTTP/1.1" 404 2050
WARNING 2026-05-18 10:47:49,483 log 20936 12824 "GET /static/assets/images/svgs/icon-favorites.svg HTTP/1.1" 404 2038
WARNING 2026-05-18 10:47:49,533 log 20936 4076 "GET /static/assets/images/svgs/icon-connect.svg HTTP/1.1" 404 2032
WARNING 2026-05-18 10:47:49,593 log 20936 21348 Not Found: /.well-known/appspecific/com.chrome.devtools.json
WARNING 2026-05-18 10:47:49,594 log 20936 21348 "GET /.well-known/appspecific/com.chrome.devtools.json HTTP/1.1" 404 5242
INFO 2026-05-18 10:48:16,434 log 20936 21348 "GET /dashboard/ HTTP/1.1" 200 104684
WARNING 2026-05-18 10:48:16,489 log 20936 21348 Not Found: /.well-known/appspecific/com.chrome.devtools.json
WARNING 2026-05-18 10:48:16,490 log 20936 21348 "GET /.well-known/appspecific/com.chrome.devtools.json HTTP/1.1" 404 5242
WARNING 2026-05-18 10:48:16,495 log 20936 21348 "GET /static/css/theme.css HTTP/1.1" 404 1966
WARNING 2026-05-18 10:48:16,731 log 20936 25776 "GET /static/assets/libs/owl.carousel/dist/assets/owl.carousel.min.css HTTP/1.1" 404 2098
WARNING 2026-05-18 10:48:16,809 log 20936 24928 "GET /static/assets/js/vendor.min.js HTTP/1.1" 404 1996
WARNING 2026-05-18 10:48:16,809 log 20936 23736 "GET /static/assets/images/logos/dark-logo.svg HTTP/1.1" 404 2026
WARNING 2026-05-18 10:48:16,810 log 20936 19656 "GET /static/assets/images/logos/light-logo.svg HTTP/1.1" 404 2029
WARNING 2026-05-18 10:48:16,934 log 20936 25612 "GET /static/assets/images/logos/dark-logo-rtl.svg HTTP/1.1" 404 2038
WARNING 2026-05-18 10:48:16,935 log 20936 14868 "GET /static/assets/images/logos/light-logo-rtl.svg HTTP/1.1" 404 2041
WARNING 2026-05-18 10:48:17,039 log 20936 15620 Not Found: /dashboard/assets/images/background/rocket.png
WARNING 2026-05-18 10:48:17,039 log 20936 15620 "GET /dashboard/assets/images/background/rocket.png HTTP/1.1" 404 5233
WARNING 2026-05-18 10:48:17,045 log 20936 15620 "GET /static/assets/js/theme/app.init.js HTTP/1.1" 404 2008
WARNING 2026-05-18 10:48:17,130 log 20936 17880 "GET /static/assets/libs/simplebar/dist/simplebar.min.js HTTP/1.1" 404 2056
WARNING 2026-05-18 10:48:17,134 log 20936 16640 "GET /static/assets/js/theme.js HTTP/1.1" 404 1981
WARNING 2026-05-18 10:48:17,134 log 20936 17292 "GET /static/assets/js/theme/app.min.js HTTP/1.1" 404 2005
WARNING 2026-05-18 10:48:17,185 log 20936 21612 "GET /static/assets/js/vendor.min.js HTTP/1.1" 404 1996
WARNING 2026-05-18 10:48:17,249 log 20936 16880 "GET /static/assets/libs/preline/dist/preline.js HTTP/1.1" 404 2032
WARNING 2026-05-18 10:48:17,250 log 20936 1968 "GET /static/assets/libs/%40preline/input-number/index.js HTTP/1.1" 404 2053
WARNING 2026-05-18 10:48:17,378 log 20936 12368 "GET /static/assets/libs/%40preline/tooltip/index.js HTTP/1.1" 404 2038
WARNING 2026-05-18 10:48:17,378 log 20936 25844 "GET /static/assets/js/theme/app.init.js HTTP/1.1" 404 2008
WARNING 2026-05-18 10:48:17,474 log 20936 1796 "GET /static/assets/libs/simplebar/dist/simplebar.min.js HTTP/1.1" 404 2056
WARNING 2026-05-18 10:48:17,475 log 20936 15532 "GET /static/assets/js/theme.js HTTP/1.1" 404 1981
WARNING 2026-05-18 10:48:17,475 log 20936 20640 "GET /static/assets/libs/%40preline/stepper/index.js HTTP/1.1" 404 2038
WARNING 2026-05-18 10:48:17,476 log 20936 21328 "GET /static/assets/libs/owl.carousel/dist/owl.carousel.min.js HTTP/1.1" 404 2074
WARNING 2026-05-18 10:48:17,476 log 20936 20560 "GET /static/assets/libs/apexcharts/dist/apexcharts.min.js HTTP/1.1" 404 2062
WARNING 2026-05-18 10:48:17,483 log 20936 10588 "GET /static/assets/libs/preline/dist/preline.js HTTP/1.1" 404 2032
WARNING 2026-05-18 10:48:17,484 log 20936 26012 "GET /static/assets/js/theme/app.min.js HTTP/1.1" 404 2005
WARNING 2026-05-18 10:48:17,581 log 20936 25972 "GET /static/assets/js/dashboards/dashboard.js HTTP/1.1" 404 2026
WARNING 2026-05-18 10:48:17,582 log 20936 22352 "GET /static/assets/libs/%40preline/input-number/index.js HTTP/1.1" 404 2053
WARNING 2026-05-18 10:48:17,582 log 20936 17496 "GET /static/assets/images/profile/user-1.jpg HTTP/1.1" 404 2023
WARNING 2026-05-18 10:48:17,709 log 20936 6008 "GET /static/assets/images/background/customer-support-img.png HTTP/1.1" 404 2074
WARNING 2026-05-18 10:48:17,709 log 20936 5340 "GET /static/assets/libs/%40preline/tooltip/index.js HTTP/1.1" 404 2038
WARNING 2026-05-18 10:48:17,833 log 20936 21064 "GET /static/assets/libs/owl.carousel/dist/owl.carousel.min.js HTTP/1.1" 404 2074
WARNING 2026-05-18 10:48:17,833 log 20936 23120 "GET /static/assets/images/svgs/icon-briefcase.svg HTTP/1.1" 404 2038
WARNING 2026-05-18 10:48:17,839 log 20936 17164 "GET /static/assets/images/svgs/icon-user-male.svg HTTP/1.1" 404 2038
WARNING 2026-05-18 10:48:17,839 log 20936 24812 "GET /static/assets/images/svgs/icon-mailbox.svg HTTP/1.1" 404 2032
WARNING 2026-05-18 10:48:17,840 log 20936 9324 "GET /static/assets/libs/%40preline/stepper/index.js HTTP/1.1" 404 2038
WARNING 2026-05-18 10:48:17,841 log 20936 13236 "GET /static/assets/libs/apexcharts/dist/apexcharts.min.js HTTP/1.1" 404 2062
WARNING 2026-05-18 10:48:17,912 log 20936 26256 "GET /static/assets/images/svgs/icon-speech-bubble.svg HTTP/1.1" 404 2050
WARNING 2026-05-18 10:48:17,912 log 20936 20216 "GET /static/assets/js/dashboards/dashboard.js HTTP/1.1" 404 2026
WARNING 2026-05-18 10:48:17,912 log 20936 4576 "GET /static/assets/images/svgs/icon-favorites.svg HTTP/1.1" 404 2038
WARNING 2026-05-18 10:48:18,023 log 20936 22464 "GET /static/assets/images/svgs/icon-connect.svg HTTP/1.1" 404 2032
WARNING 2026-05-18 10:48:18,342 log 20936 21736 "GET /static/assets/images/logos/favicon.png HTTP/1.1" 404 2020
INFO 2026-05-18 10:49:37,195 log 20936 16740 "GET / HTTP/1.1" 200 26515
WARNING 2026-05-18 10:49:37,256 log 20936 16740 Not Found: /.well-known/appspecific/com.chrome.devtools.json
WARNING 2026-05-18 10:49:37,258 log 20936 16740 "GET /.well-known/appspecific/com.chrome.devtools.json HTTP/1.1" 404 5242
INFO 2026-05-18 10:49:37,260 log 20936 16232 "GET /static/css/basestyles.css HTTP/1.1" 200 30154
INFO 2026-05-18 10:49:37,262 log 20936 16740 "GET /static/css/courses_details.css HTTP/1.1" 200 10744
INFO 2026-05-18 10:49:37,732 log 20936 16740 "GET /static/images/logo.png HTTP/1.1" 200 853147
WARNING 2026-05-18 10:49:38,080 log 20936 16740 "GET /static/images/logo.jpeg HTTP/1.1" 404 1975
INFO 2026-05-18 10:49:44,461 log 20936 16232 "GET /dashboard/ HTTP/1.1" 200 104684
WARNING 2026-05-18 10:49:44,508 log 20936 16232 Not Found: /.well-known/appspecific/com.chrome.devtools.json
WARNING 2026-05-18 10:49:44,509 log 20936 16232 "GET /.well-known/appspecific/com.chrome.devtools.json HTTP/1.1" 404 5242
INFO 2026-05-18 10:49:44,511 log 20936 10624 "GET /static/css/theme.css HTTP/1.1" 200 82072
WARNING 2026-05-18 10:49:44,517 log 20936 16232 "GET /static/assets/libs/owl.carousel/dist/assets/owl.carousel.min.css HTTP/1.1" 404 2098
WARNING 2026-05-18 10:49:44,522 log 20936 10624 "GET /static/assets/images/logos/dark-logo.svg HTTP/1.1" 404 2026
WARNING 2026-05-18 10:49:44,825 log 20936 14300 "GET /static/assets/images/svgs/icon-user-male.svg HTTP/1.1" 404 2038
WARNING 2026-05-18 10:49:44,825 log 20936 7716 "GET /static/assets/images/background/customer-support-img.png HTTP/1.1" 404 2074
WARNING 2026-05-18 10:49:44,825 log 20936 25904 "GET /static/assets/images/profile/user-1.jpg HTTP/1.1" 404 2023
WARNING 2026-05-18 10:49:44,976 log 20936 23860 "GET /static/assets/images/logos/light-logo.svg HTTP/1.1" 404 2029
WARNING 2026-05-18 10:49:44,977 log 20936 3564 "GET /static/assets/images/logos/dark-logo-rtl.svg HTTP/1.1" 404 2038
WARNING 2026-05-18 10:49:44,976 log 20936 26236 "GET /static/assets/images/logos/light-logo-rtl.svg HTTP/1.1" 404 2041
WARNING 2026-05-18 10:49:45,144 log 20936 19644 Not Found: /dashboard/assets/images/background/rocket.png
WARNING 2026-05-18 10:49:45,149 log 20936 17548 "GET /static/assets/js/vendor.min.js HTTP/1.1" 404 1996
WARNING 2026-05-18 10:49:45,149 log 20936 19644 "GET /dashboard/assets/images/background/rocket.png HTTP/1.1" 404 5233
WARNING 2026-05-18 10:49:45,149 log 20936 17480 "GET /static/assets/js/theme/app.init.js HTTP/1.1" 404 2008
WARNING 2026-05-18 10:49:45,156 log 20936 19644 "GET /static/assets/js/theme/app.min.js HTTP/1.1" 404 2005
WARNING 2026-05-18 10:49:45,293 log 20936 19988 "GET /static/assets/js/theme.js HTTP/1.1" 404 1981
WARNING 2026-05-18 10:49:45,293 log 20936 11508 "GET /static/assets/libs/simplebar/dist/simplebar.min.js HTTP/1.1" 404 2056
WARNING 2026-05-18 10:49:45,298 log 20936 3768 "GET /static/assets/libs/preline/dist/preline.js HTTP/1.1" 404 2032
WARNING 2026-05-18 10:49:45,478 log 20936 17916 "GET /static/assets/libs/%40preline/tooltip/index.js HTTP/1.1" 404 2038
WARNING 2026-05-18 10:49:45,478 log 20936 5812 "GET /static/assets/libs/%40preline/stepper/index.js HTTP/1.1" 404 2038
WARNING 2026-05-18 10:49:45,478 log 20936 17684 "GET /static/assets/libs/%40preline/input-number/index.js HTTP/1.1" 404 2053
WARNING 2026-05-18 10:49:45,616 log 20936 21004 "GET /static/assets/js/dashboards/dashboard.js HTTP/1.1" 404 2026
WARNING 2026-05-18 10:49:45,616 log 20936 5244 "GET /static/assets/libs/apexcharts/dist/apexcharts.min.js HTTP/1.1" 404 2062
WARNING 2026-05-18 10:49:45,616 log 20936 4928 "GET /static/assets/libs/owl.carousel/dist/owl.carousel.min.js HTTP/1.1" 404 2074
WARNING 2026-05-18 10:49:45,776 log 20936 9632 "GET /static/assets/js/vendor.min.js HTTP/1.1" 404 1996
WARNING 2026-05-18 10:49:45,777 log 20936 14080 "GET /static/assets/libs/simplebar/dist/simplebar.min.js HTTP/1.1" 404 2056
WARNING 2026-05-18 10:49:45,783 log 20936 7864 "GET /static/assets/js/theme.js HTTP/1.1" 404 1981
WARNING 2026-05-18 10:49:45,784 log 20936 7484 "GET /static/assets/js/theme/app.min.js HTTP/1.1" 404 2005
WARNING 2026-05-18 10:49:45,784 log 20936 18976 "GET /static/assets/js/theme/app.init.js HTTP/1.1" 404 2008
WARNING 2026-05-18 10:49:45,787 log 20936 6148 "GET /static/assets/libs/preline/dist/preline.js HTTP/1.1" 404 2032
WARNING 2026-05-18 10:49:45,799 log 20936 736 "GET /static/assets/images/svgs/icon-briefcase.svg HTTP/1.1" 404 2038
WARNING 2026-05-18 10:49:45,809 log 20936 12008 "GET /static/assets/images/svgs/icon-favorites.svg HTTP/1.1" 404 2038
WARNING 2026-05-18 10:49:45,809 log 20936 11732 "GET /static/assets/images/svgs/icon-mailbox.svg HTTP/1.1" 404 2032
WARNING 2026-05-18 10:49:45,942 log 20936 2724 "GET /static/assets/images/svgs/icon-speech-bubble.svg HTTP/1.1" 404 2050
WARNING 2026-05-18 10:49:45,942 log 20936 13484 "GET /static/assets/images/svgs/icon-connect.svg HTTP/1.1" 404 2032
WARNING 2026-05-18 10:49:46,120 log 20936 25588 "GET /static/assets/libs/%40preline/tooltip/index.js HTTP/1.1" 404 2038
WARNING 2026-05-18 10:49:46,121 log 20936 25408 "GET /static/assets/libs/apexcharts/dist/apexcharts.min.js HTTP/1.1" 404 2062
WARNING 2026-05-18 10:49:46,120 log 20936 12628 "GET /static/assets/js/dashboards/dashboard.js HTTP/1.1" 404 2026
WARNING 2026-05-18 10:49:46,122 log 20936 14524 "GET /static/assets/libs/%40preline/stepper/index.js HTTP/1.1" 404 2038
WARNING 2026-05-18 10:49:46,122 log 20936 16712 "GET /static/assets/libs/%40preline/input-number/index.js HTTP/1.1" 404 2053
WARNING 2026-05-18 10:49:46,125 log 20936 9184 "GET /static/assets/libs/owl.carousel/dist/owl.carousel.min.js HTTP/1.1" 404 2074
INFO 2026-05-18 10:51:34,664 log 20936 18772 "GET /dashboard/ HTTP/1.1" 200 104503
INFO 2026-05-18 10:51:34,708 log 20936 18772 "GET /static/css/theme.css HTTP/1.1" 200 82072
INFO 2026-05-18 10:51:34,710 log 20936 18772 "GET /static/images/logos/dark-logo.svg HTTP/1.1" 200 9990
INFO 2026-05-18 10:51:34,714 log 20936 18772 "GET /static/images/logos/light-logo.svg HTTP/1.1" 200 9990
INFO 2026-05-18 10:51:34,728 log 20936 22372 "GET /static/libs/owl.carousel/dist/assets/owl.carousel.min.css HTTP/1.1" 200 3351
INFO 2026-05-18 10:51:34,861 log 20936 18772 "GET /static/images/logos/light-logo-rtl.svg HTTP/1.1" 200 8605
INFO 2026-05-18 10:51:34,861 log 20936 22372 "GET /static/images/logos/dark-logo-rtl.svg HTTP/1.1" 200 8631
WARNING 2026-05-18 10:51:34,868 log 20936 22372 Not Found: /dashboard/assets/images/background/rocket.png
WARNING 2026-05-18 10:51:34,869 log 20936 22372 "GET /dashboard/assets/images/background/rocket.png HTTP/1.1" 404 5233
INFO 2026-05-18 10:51:34,871 log 20936 22372 "GET /static/js/theme/app.init.js HTTP/1.1" 200 370
INFO 2026-05-18 10:51:34,899 log 20936 22372 "GET /static/js/theme/app.min.js HTTP/1.1" 200 12818
INFO 2026-05-18 10:51:34,902 log 20936 22372 "GET /static/js/theme.js HTTP/1.1" 200 432
INFO 2026-05-18 10:51:34,913 log 20936 22372 "GET /static/images/profile/user-1.jpg HTTP/1.1" 200 30954
INFO 2026-05-18 10:51:34,925 log 20936 6824 "GET /static/images/background/customer-support-img.png HTTP/1.1" 200 13202
INFO 2026-05-18 10:51:34,941 log 20936 18772 "GET /static/js/vendor.min.js HTTP/1.1" 200 87444
WARNING 2026-05-18 10:51:34,968 log 20936 18772 "GET /static/js/libs/%40preline/input-number/index.js HTTP/1.1" 404 2041
INFO 2026-05-18 10:51:34,970 log 20936 6824 "GET /static/libs/preline/dist/preline.js HTTP/1.1" 200 363204
WARNING 2026-05-18 10:51:34,973 log 20936 6824 "GET /static/js/libs/%40preline/tooltip/index.js HTTP/1.1" 404 2026
WARNING 2026-05-18 10:51:35,017 log 20936 20136 "GET /static/js/libs/%40preline/stepper/index.js HTTP/1.1" 404 2026
INFO 2026-05-18 10:51:35,019 log 20936 22372 "GET /static/libs/simplebar/dist/simplebar.min.js HTTP/1.1" 200 27518
WARNING 2026-05-18 10:51:35,023 log 20936 22372 "GET /static/js/libs/owl.carousel/dist/owl.carousel.min.js HTTP/1.1" 404 2062
WARNING 2026-05-18 10:51:35,170 log 20936 17608 "GET /static/js/libs/apexcharts/dist/apexcharts.min.js HTTP/1.1" 404 2050
INFO 2026-05-18 10:51:35,171 log 20936 5684 "GET /static/js/dashboards/dashboard.js HTTP/1.1" 200 5546
INFO 2026-05-18 10:51:35,176 log 20936 5684 "GET /static/images/svgs/icon-user-male.svg HTTP/1.1" 200 1077
INFO 2026-05-18 10:51:35,179 log 20936 9096 "GET /static/js/theme/app.init.js HTTP/1.1" 200 370
INFO 2026-05-18 10:51:35,182 log 20936 5684 "GET /static/images/svgs/icon-briefcase.svg HTTP/1.1" 200 434
INFO 2026-05-18 10:51:35,185 log 20936 9096 "GET /static/js/theme/app.min.js HTTP/1.1" 200 12818
INFO 2026-05-18 10:51:35,196 log 20936 5684 "GET /static/images/svgs/icon-mailbox.svg HTTP/1.1" 200 416
INFO 2026-05-18 10:51:35,196 log 20936 9096 "GET /static/js/theme.js HTTP/1.1" 200 432
INFO 2026-05-18 10:51:35,204 log 20936 5684 "GET /static/images/svgs/icon-favorites.svg HTTP/1.1" 200 555
INFO 2026-05-18 10:51:35,210 log 20936 9096 "GET /static/js/vendor.min.js HTTP/1.1" 200 87444
WARNING 2026-05-18 10:51:35,219 log 20936 13756 "GET /static/js/libs/%40preline/input-number/index.js HTTP/1.1" 404 2041
WARNING 2026-05-18 10:51:35,229 log 20936 25468 "GET /static/js/libs/%40preline/tooltip/index.js HTTP/1.1" 404 2026
INFO 2026-05-18 10:51:35,230 log 20936 5684 "GET /static/images/svgs/icon-speech-bubble.svg HTTP/1.1" 200 566
INFO 2026-05-18 10:51:35,234 log 20936 9096 "GET /static/libs/preline/dist/preline.js HTTP/1.1" 200 363204
INFO 2026-05-18 10:51:35,236 log 20936 5684 "GET /static/images/svgs/icon-connect.svg HTTP/1.1" 200 1021
WARNING 2026-05-18 10:51:35,242 log 20936 9096 "GET /static/js/libs/%40preline/stepper/index.js HTTP/1.1" 404 2026
INFO 2026-05-18 10:51:35,287 log 20936 23524 "GET /static/libs/simplebar/dist/simplebar.min.js HTTP/1.1" 200 27518
WARNING 2026-05-18 10:51:35,291 log 20936 23524 "GET /static/js/libs/owl.carousel/dist/owl.carousel.min.js HTTP/1.1" 404 2062
WARNING 2026-05-18 10:51:35,431 log 20936 23896 "GET /static/js/libs/apexcharts/dist/apexcharts.min.js HTTP/1.1" 404 2050
INFO 2026-05-18 10:51:35,432 log 20936 23868 "GET /static/js/dashboards/dashboard.js HTTP/1.1" 200 5546
INFO 2026-05-18 10:51:35,510 log 20936 5684 "GET /static/images/logos/favicon.png HTTP/1.1" 200 1045
INFO 2026-05-18 10:52:20,665 log 20936 5684 "GET /dashboard/ HTTP/1.1" 200 82575
INFO 2026-05-18 10:52:20,721 log 20936 19408 "GET /static/libs/owl.carousel/dist/assets/owl.carousel.min.css HTTP/1.1" 200 3351
INFO 2026-05-18 10:52:20,722 log 20936 6256 "GET /static/images/logos/light-logo.svg HTTP/1.1" 200 9990
INFO 2026-05-18 10:52:20,722 log 20936 22276 "GET /static/images/logos/dark-logo.svg HTTP/1.1" 200 9990
INFO 2026-05-18 10:52:20,723 log 20936 5684 "GET /static/css/theme.css HTTP/1.1" 200 82072
INFO 2026-05-18 10:52:20,751 log 20936 22276 "GET /static/images/logos/dark-logo-rtl.svg HTTP/1.1" 200 8631
WARNING 2026-05-18 10:52:20,755 log 20936 5684 Not Found: /dashboard/assets/images/background/rocket.png
WARNING 2026-05-18 10:52:20,758 log 20936 5684 "GET /dashboard/assets/images/background/rocket.png HTTP/1.1" 404 5233
INFO 2026-05-18 10:52:20,759 log 20936 6256 "GET /static/images/logos/light-logo-rtl.svg HTTP/1.1" 200 8605
INFO 2026-05-18 10:52:20,760 log 20936 736 "GET /static/js/theme/app.min.js HTTP/1.1" 200 12818
INFO 2026-05-18 10:52:20,759 log 20936 20644 "GET /static/js/theme/app.init.js HTTP/1.1" 200 370
INFO 2026-05-18 10:52:20,761 log 20936 22276 "GET /static/js/theme.js HTTP/1.1" 200 432
INFO 2026-05-18 10:52:20,762 log 20936 19408 "GET /static/js/vendor.min.js HTTP/1.1" 200 87444
INFO 2026-05-18 10:52:20,767 log 20936 736 "GET /static/libs/simplebar/dist/simplebar.min.js HTTP/1.1" 200 27518
WARNING 2026-05-18 10:52:20,785 log 20936 5684 "GET /static/js/libs/%40preline/tooltip/index.js HTTP/1.1" 404 2026
WARNING 2026-05-18 10:52:20,785 log 20936 6256 "GET /static/js/libs/%40preline/input-number/index.js HTTP/1.1" 404 2041
WARNING 2026-05-18 10:52:20,785 log 20936 19408 "GET /static/js/libs/%40preline/stepper/index.js HTTP/1.1" 404 2026
WARNING 2026-05-18 10:52:20,793 log 20936 20644 "GET /static/js/libs/owl.carousel/dist/owl.carousel.min.js HTTP/1.1" 404 2062
WARNING 2026-05-18 10:52:20,793 log 20936 736 "GET /static/js/libs/apexcharts/dist/apexcharts.min.js HTTP/1.1" 404 2050
INFO 2026-05-18 10:52:20,797 log 20936 22276 "GET /static/libs/preline/dist/preline.js HTTP/1.1" 200 363204
INFO 2026-05-18 10:52:20,799 log 20936 22276 "GET /static/js/dashboards/dashboard.js HTTP/1.1" 200 5546
INFO 2026-05-18 10:52:20,822 log 20936 22276 "GET /static/images/profile/user-1.jpg HTTP/1.1" 200 30954
INFO 2026-05-18 10:52:21,032 log 20936 22276 "GET /static/images/logos/favicon.png HTTP/1.1" 200 1045
WARNING 2026-05-18 10:52:21,347 log 20936 23868 "GET /static/js/libs/%40preline/tooltip/index.js HTTP/1.1" 404 2026
WARNING 2026-05-18 10:52:21,347 log 20936 12008 "GET /static/js/libs/%40preline/input-number/index.js HTTP/1.1" 404 2041
WARNING 2026-05-18 10:52:21,556 log 20936 11732 "GET /static/js/libs/%40preline/stepper/index.js HTTP/1.1" 404 2026
WARNING 2026-05-18 10:52:21,556 log 20936 812 "GET /static/js/libs/owl.carousel/dist/owl.carousel.min.js HTTP/1.1" 404 2062
WARNING 2026-05-18 10:52:21,857 log 20936 21352 "GET /static/js/libs/apexcharts/dist/apexcharts.min.js HTTP/1.1" 404 2050
INFO 2026-05-18 10:53:24,631 log 20936 22276 "GET /dashboard/ HTTP/1.1" 200 43855
WARNING 2026-05-18 10:53:24,692 log 20936 22276 Not Found: /dashboard/assets/images/background/rocket.png
WARNING 2026-05-18 10:53:24,693 log 20936 22276 "GET /dashboard/assets/images/background/rocket.png HTTP/1.1" 404 5233
WARNING 2026-05-18 10:53:24,701 log 20936 22276 "GET /static/js/libs/%40preline/input-number/index.js HTTP/1.1" 404 2041
WARNING 2026-05-18 10:53:24,938 log 20936 1796 "GET /static/js/libs/%40preline/tooltip/index.js HTTP/1.1" 404 2026
WARNING 2026-05-18 10:53:25,040 log 20936 21348 "GET /static/js/libs/owl.carousel/dist/owl.carousel.min.js HTTP/1.1" 404 2062
WARNING 2026-05-18 10:53:25,041 log 20936 15076 "GET /static/js/libs/apexcharts/dist/apexcharts.min.js HTTP/1.1" 404 2050
WARNING 2026-05-18 10:53:25,042 log 20936 25776 "GET /static/js/libs/%40preline/stepper/index.js HTTP/1.1" 404 2026
WARNING 2026-05-18 10:53:25,043 log 20936 19656 "GET /static/js/libs/%40preline/input-number/index.js HTTP/1.1" 404 2041
WARNING 2026-05-18 10:53:25,259 log 20936 10588 "GET /static/js/libs/%40preline/tooltip/index.js HTTP/1.1" 404 2026
WARNING 2026-05-18 10:53:25,274 log 20936 23032 "GET /static/js/libs/owl.carousel/dist/owl.carousel.min.js HTTP/1.1" 404 2062
WARNING 2026-05-18 10:53:25,366 log 20936 20560 "GET /static/js/libs/%40preline/stepper/index.js HTTP/1.1" 404 2026
WARNING 2026-05-18 10:53:25,366 log 20936 19904 "GET /static/js/libs/apexcharts/dist/apexcharts.min.js HTTP/1.1" 404 2050
INFO 2026-05-18 10:53:46,874 log 20936 17852 "GET /dashboard/ HTTP/1.1" 200 38008
INFO 2026-05-18 10:53:46,901 log 20936 17852 "GET /static/css/theme.css HTTP/1.1" 200 82072
INFO 2026-05-18 10:53:46,903 log 20936 17852 "GET /static/libs/owl.carousel/dist/assets/owl.carousel.min.css HTTP/1.1" 200 3351
INFO 2026-05-18 10:53:46,904 log 20936 17852 "GET /static/images/logos/dark-logo.svg HTTP/1.1" 200 9990
INFO 2026-05-18 10:53:46,906 log 20936 17852 "GET /static/images/logos/light-logo.svg HTTP/1.1" 200 9990
INFO 2026-05-18 10:53:46,920 log 20936 17852 "GET /static/images/logos/dark-logo-rtl.svg HTTP/1.1" 200 8631
INFO 2026-05-18 10:53:46,923 log 20936 17852 "GET /static/images/logos/light-logo-rtl.svg HTTP/1.1" 200 8605
WARNING 2026-05-18 10:53:46,931 log 20936 17852 Not Found: /dashboard/assets/images/background/rocket.png
WARNING 2026-05-18 10:53:46,931 log 20936 17852 "GET /dashboard/assets/images/background/rocket.png HTTP/1.1" 404 5233
INFO 2026-05-18 10:53:46,934 log 20936 17852 "GET /static/js/vendor.min.js HTTP/1.1" 200 87444
INFO 2026-05-18 10:53:46,937 log 20936 17852 "GET /static/js/theme/app.init.js HTTP/1.1" 200 370
INFO 2026-05-18 10:53:46,939 log 20936 17852 "GET /static/js/theme/app.min.js HTTP/1.1" 200 12818
INFO 2026-05-18 10:53:46,941 log 20936 17852 "GET /static/js/theme.js HTTP/1.1" 200 432
INFO 2026-05-18 10:53:46,944 log 20936 17852 "GET /static/libs/simplebar/dist/simplebar.min.js HTTP/1.1" 200 27518
INFO 2026-05-18 10:53:46,951 log 20936 17852 "GET /static/libs/preline/dist/preline.js HTTP/1.1" 200 363204
WARNING 2026-05-18 10:53:46,957 log 20936 17852 "GET /static/js/libs/%40preline/input-number/index.js HTTP/1.1" 404 2041
WARNING 2026-05-18 10:53:47,183 log 20936 23596 "GET /static/js/libs/%40preline/tooltip/index.js HTTP/1.1" 404 2026
WARNING 2026-05-18 10:53:47,217 log 20936 11676 "GET /static/js/libs/%40preline/stepper/index.js HTTP/1.1" 404 2026
WARNING 2026-05-18 10:53:47,217 log 20936 20356 "GET /static/js/libs/owl.carousel/dist/owl.carousel.min.js HTTP/1.1" 404 2062
WARNING 2026-05-18 10:53:47,228 log 20936 7356 "GET /static/js/libs/apexcharts/dist/apexcharts.min.js HTTP/1.1" 404 2050
INFO 2026-05-18 10:53:47,228 log 20936 1652 "GET /static/js/dashboards/dashboard.js HTTP/1.1" 200 5546
INFO 2026-05-18 10:53:47,232 log 20936 1652 "GET /static/images/profile/user-1.jpg HTTP/1.1" 200 30954
INFO 2026-05-18 10:53:47,277 log 20936 1652 "GET /static/images/logos/favicon.png HTTP/1.1" 200 1045
WARNING 2026-05-18 10:53:47,564 log 20936 26012 "GET /static/js/libs/%40preline/input-number/index.js HTTP/1.1" 404 2041
WARNING 2026-05-18 10:53:49,106 log 20936 12104 "GET /static/js/libs/%40preline/tooltip/index.js HTTP/1.1" 404 2026
WARNING 2026-05-18 10:53:49,106 log 20936 19336 "GET /static/js/libs/owl.carousel/dist/owl.carousel.min.js HTTP/1.1" 404 2062
WARNING 2026-05-18 10:53:49,107 log 20936 5732 "GET /static/js/libs/%40preline/stepper/index.js HTTP/1.1" 404 2026
WARNING 2026-05-18 10:53:49,275 log 20936 25472 "GET /static/js/libs/apexcharts/dist/apexcharts.min.js HTTP/1.1" 404 2050
INFO 2026-05-18 10:54:06,454 log 20936 1652 "GET /dashboard/ HTTP/1.1" 200 37441
INFO 2026-05-18 10:54:06,481 log 20936 3360 "GET /static/libs/owl.carousel/dist/assets/owl.carousel.min.css HTTP/1.1" 200 3351
INFO 2026-05-18 10:54:06,482 log 20936 1652 "GET /static/css/theme.css HTTP/1.1" 200 82072
INFO 2026-05-18 10:54:06,484 log 20936 3360 "GET /static/images/logos/dark-logo.svg HTTP/1.1" 200 9990
INFO 2026-05-18 10:54:06,485 log 20936 1652 "GET /static/images/logos/light-logo.svg HTTP/1.1" 200 9990
INFO 2026-05-18 10:54:06,505 log 20936 1652 "GET /static/images/logos/dark-logo-rtl.svg HTTP/1.1" 200 8631
INFO 2026-05-18 10:54:06,506 log 20936 3360 "GET /static/images/logos/light-logo-rtl.svg HTTP/1.1" 200 8605
INFO 2026-05-18 10:54:06,509 log 20936 1652 "GET /static/images/profile/user-1.jpg HTTP/1.1" 200 30954
INFO 2026-05-18 10:54:06,511 log 20936 3360 "GET /static/js/vendor.min.js HTTP/1.1" 200 87444
INFO 2026-05-18 10:54:06,512 log 20936 1652 "GET /static/js/theme/app.init.js HTTP/1.1" 200 370
INFO 2026-05-18 10:54:06,516 log 20936 3360 "GET /static/js/theme/app.min.js HTTP/1.1" 200 12818
INFO 2026-05-18 10:54:06,518 log 20936 1652 "GET /static/js/theme.js HTTP/1.1" 200 432
INFO 2026-05-18 10:54:06,523 log 20936 3360 "GET /static/libs/simplebar/dist/simplebar.min.js HTTP/1.1" 200 27518
WARNING 2026-05-18 10:54:06,531 log 20936 3360 "GET /static/js/libs/%40preline/input-number/index.js HTTP/1.1" 404 2041
INFO 2026-05-18 10:54:06,532 log 20936 1652 "GET /static/libs/preline/dist/preline.js HTTP/1.1" 200 363204
WARNING 2026-05-18 10:54:06,538 log 20936 1652 "GET /static/js/libs/%40preline/tooltip/index.js HTTP/1.1" 404 2026
WARNING 2026-05-18 10:54:06,811 log 20936 22372 "GET /static/js/libs/%40preline/stepper/index.js HTTP/1.1" 404 2026
WARNING 2026-05-18 10:54:06,812 log 20936 17608 "GET /static/js/libs/owl.carousel/dist/owl.carousel.min.js HTTP/1.1" 404 2062
WARNING 2026-05-18 10:54:06,822 log 20936 13756 "GET /static/js/libs/apexcharts/dist/apexcharts.min.js HTTP/1.1" 404 2050
INFO 2026-05-18 10:54:06,823 log 20936 25468 "GET /static/js/dashboards/dashboard.js HTTP/1.1" 200 5546
INFO 2026-05-18 10:54:06,856 log 20936 25468 "GET /static/images/logos/favicon.png HTTP/1.1" 200 1045
WARNING 2026-05-18 10:54:07,217 log 20936 19320 "GET /static/js/libs/%40preline/input-number/index.js HTTP/1.1" 404 2041
WARNING 2026-05-18 10:54:07,535 log 20936 23524 "GET /static/js/libs/%40preline/tooltip/index.js HTTP/1.1" 404 2026
WARNING 2026-05-18 10:54:08,851 log 20936 1464 "GET /static/js/libs/apexcharts/dist/apexcharts.min.js HTTP/1.1" 404 2050
WARNING 2026-05-18 10:54:08,851 log 20936 13484 "GET /static/js/libs/owl.carousel/dist/owl.carousel.min.js HTTP/1.1" 404 2062
WARNING 2026-05-18 10:54:08,851 log 20936 12096 "GET /static/js/libs/%40preline/stepper/index.js HTTP/1.1" 404 2026
INFO 2026-05-18 10:56:20,846 log 20936 25468 "GET /dashboard/ HTTP/1.1" 200 41755
WARNING 2026-05-18 10:56:20,893 log 20936 25468 "GET /static/js/libs/%40preline/input-number/index.js HTTP/1.1" 404 2041
WARNING 2026-05-18 10:56:21,156 log 20936 19868 "GET /static/js/libs/%40preline/tooltip/index.js HTTP/1.1" 404 2026
WARNING 2026-05-18 10:56:21,221 log 20936 18464 "GET /static/js/libs/%40preline/input-number/index.js HTTP/1.1" 404 2041
WARNING 2026-05-18 10:56:21,237 log 20936 22788 "GET /static/js/libs/%40preline/stepper/index.js HTTP/1.1" 404 2026
WARNING 2026-05-18 10:56:21,238 log 20936 13236 "GET /static/js/libs/apexcharts/dist/apexcharts.min.js HTTP/1.1" 404 2050
WARNING 2026-05-18 10:56:21,238 log 20936 13076 "GET /static/js/libs/owl.carousel/dist/owl.carousel.min.js HTTP/1.1" 404 2062
WARNING 2026-05-18 10:56:21,465 log 20936 7348 "GET /static/js/libs/%40preline/tooltip/index.js HTTP/1.1" 404 2026
WARNING 2026-05-18 10:56:21,474 log 20936 7144 "GET /static/js/libs/owl.carousel/dist/owl.carousel.min.js HTTP/1.1" 404 2062
WARNING 2026-05-18 10:56:21,560 log 20936 10628 "GET /static/js/libs/apexcharts/dist/apexcharts.min.js HTTP/1.1" 404 2050
INFO 2026-05-18 10:56:51,733 log 20936 17496 "GET /dashboard/ HTTP/1.1" 200 40213
WARNING 2026-05-18 10:56:51,789 log 20936 18556 "GET /static/js/libs/%40preline/tooltip/index.js HTTP/1.1" 404 2026
WARNING 2026-05-18 10:56:51,789 log 20936 17496 "GET /static/js/libs/%40preline/input-number/index.js HTTP/1.1" 404 2041
WARNING 2026-05-18 10:56:51,803 log 20936 8112 "GET /static/js/libs/%40preline/tooltip/index.js HTTP/1.1" 404 2026
WARNING 2026-05-18 10:56:51,983 log 20936 24852 "GET /static/js/libs/%40preline/stepper/index.js HTTP/1.1" 404 2026
WARNING 2026-05-18 10:56:52,114 log 20936 8000 "GET /static/js/libs/%40preline/input-number/index.js HTTP/1.1" 404 2041
WARNING 2026-05-18 10:56:52,152 log 20936 1924 "GET /static/js/libs/owl.carousel/dist/owl.carousel.min.js HTTP/1.1" 404 2062
WARNING 2026-05-18 10:56:52,152 log 20936 22196 "GET /static/js/libs/apexcharts/dist/apexcharts.min.js HTTP/1.1" 404 2050
WARNING 2026-05-18 10:56:52,307 log 20936 7232 "GET /static/js/libs/%40preline/stepper/index.js HTTP/1.1" 404 2026
WARNING 2026-05-18 10:56:52,481 log 20936 20640 "GET /static/js/libs/owl.carousel/dist/owl.carousel.min.js HTTP/1.1" 404 2062
WARNING 2026-05-18 10:56:52,486 log 20936 26256 "GET /static/js/libs/apexcharts/dist/apexcharts.min.js HTTP/1.1" 404 2050
INFO 2026-05-18 10:57:15,088 log 20936 1568 "GET /dashboard/ HTTP/1.1" 200 38466
WARNING 2026-05-18 10:57:15,142 log 20936 1568 "GET /static/js/libs/%40preline/input-number/index.js HTTP/1.1" 404 2041
WARNING 2026-05-18 10:57:15,143 log 20936 19956 "GET /static/js/libs/%40preline/tooltip/index.js HTTP/1.1" 404 2026
WARNING 2026-05-18 10:57:15,351 log 20936 4092 "GET /static/js/libs/%40preline/stepper/index.js HTTP/1.1" 404 2026
WARNING 2026-05-18 10:57:15,470 log 20936 9324 "GET /static/js/libs/%40preline/input-number/index.js HTTP/1.1" 404 2041
WARNING 2026-05-18 10:57:15,478 log 20936 17164 "GET /static/js/libs/%40preline/tooltip/index.js HTTP/1.1" 404 2026
WARNING 2026-05-18 10:57:15,478 log 20936 24812 "GET /static/js/libs/owl.carousel/dist/owl.carousel.min.js HTTP/1.1" 404 2062
WARNING 2026-05-18 10:57:15,488 log 20936 4928 "GET /static/js/libs/apexcharts/dist/apexcharts.min.js HTTP/1.1" 404 2050
WARNING 2026-05-18 10:57:15,662 log 20936 744 "GET /static/js/libs/%40preline/stepper/index.js HTTP/1.1" 404 2026
WARNING 2026-05-18 10:57:15,728 log 20936 4336 "GET /static/js/libs/owl.carousel/dist/owl.carousel.min.js HTTP/1.1" 404 2062
WARNING 2026-05-18 10:57:15,807 log 20936 13664 "GET /static/js/libs/apexcharts/dist/apexcharts.min.js HTTP/1.1" 404 2050
INFO 2026-05-18 10:58:10,624 log 20936 17588 "GET /dashboard/ HTTP/1.1" 200 22354
INFO 2026-05-18 10:58:10,673 log 20936 25224 "GET /static/libs/owl.carousel/dist/assets/owl.carousel.min.css HTTP/1.1" 200 3351
INFO 2026-05-18 10:58:10,675 log 20936 17588 "GET /static/css/theme.css HTTP/1.1" 200 82072
INFO 2026-05-18 10:58:10,679 log 20936 25224 "GET /static/images/logos/dark-logo.svg HTTP/1.1" 200 9990
INFO 2026-05-18 10:58:10,683 log 20936 17588 "GET /static/images/logos/light-logo.svg HTTP/1.1" 200 9990
INFO 2026-05-18 10:58:10,710 log 20936 17588 "GET /static/images/logos/dark-logo-rtl.svg HTTP/1.1" 200 8631
INFO 2026-05-18 10:58:10,713 log 20936 25224 "GET /static/images/logos/light-logo-rtl.svg HTTP/1.1" 200 8605
INFO 2026-05-18 10:58:10,715 log 20936 17588 "GET /static/images/profile/user-1.jpg HTTP/1.1" 200 30954
INFO 2026-05-18 10:58:10,718 log 20936 25224 "GET /static/js/vendor.min.js HTTP/1.1" 200 87444
INFO 2026-05-18 10:58:10,719 log 20936 17588 "GET /static/js/theme/app.init.js HTTP/1.1" 200 370
INFO 2026-05-18 10:58:10,721 log 20936 25224 "GET /static/js/theme/app.min.js HTTP/1.1" 200 12818
INFO 2026-05-18 10:58:10,724 log 20936 17588 "GET /static/js/theme.js HTTP/1.1" 200 432
INFO 2026-05-18 10:58:10,726 log 20936 25224 "GET /static/libs/simplebar/dist/simplebar.min.js HTTP/1.1" 200 27518
WARNING 2026-05-18 10:58:10,736 log 20936 25224 "GET /static/js/libs/%40preline/input-number/index.js HTTP/1.1" 404 2041
INFO 2026-05-18 10:58:10,737 log 20936 17588 "GET /static/libs/preline/dist/preline.js HTTP/1.1" 200 363204
WARNING 2026-05-18 10:58:10,743 log 20936 17588 "GET /static/js/libs/%40preline/tooltip/index.js HTTP/1.1" 404 2026
WARNING 2026-05-18 10:58:10,880 log 20936 26060 "GET /static/js/libs/%40preline/stepper/index.js HTTP/1.1" 404 2026
WARNING 2026-05-18 10:58:10,991 log 20936 15892 "GET /static/js/libs/owl.carousel/dist/owl.carousel.min.js HTTP/1.1" 404 2062
WARNING 2026-05-18 10:58:11,021 log 20936 25316 "GET /static/js/libs/apexcharts/dist/apexcharts.min.js HTTP/1.1" 404 2050
INFO 2026-05-18 10:58:11,021 log 20936 4332 "GET /static/js/dashboards/dashboard.js HTTP/1.1" 200 5546
INFO 2026-05-18 10:58:11,045 log 20936 4332 "GET /static/images/logos/favicon.png HTTP/1.1" 200 1045
WARNING 2026-05-18 10:58:11,317 log 20936 15412 "GET /static/js/libs/%40preline/input-number/index.js HTTP/1.1" 404 2041
WARNING 2026-05-18 10:58:11,633 log 20936 22464 "GET /static/js/libs/%40preline/tooltip/index.js HTTP/1.1" 404 2026
WARNING 2026-05-18 10:58:12,737 log 20936 11756 "GET /static/js/libs/%40preline/stepper/index.js HTTP/1.1" 404 2026
WARNING 2026-05-18 10:58:12,918 log 20936 17248 "GET /static/js/libs/apexcharts/dist/apexcharts.min.js HTTP/1.1" 404 2050
WARNING 2026-05-18 10:58:12,919 log 20936 19116 "GET /static/js/libs/owl.carousel/dist/owl.carousel.min.js HTTP/1.1" 404 2062
INFO 2026-05-18 10:58:35,437 log 20936 4332 "GET /dashboard/ HTTP/1.1" 200 18552
INFO 2026-05-18 10:58:35,465 log 20936 14376 "GET /static/libs/owl.carousel/dist/assets/owl.carousel.min.css HTTP/1.1" 200 3351
INFO 2026-05-18 10:58:35,466 log 20936 4332 "GET /static/css/theme.css HTTP/1.1" 200 82072
INFO 2026-05-18 10:58:35,470 log 20936 14376 "GET /static/images/logos/dark-logo.svg HTTP/1.1" 200 9990
INFO 2026-05-18 10:58:35,470 log 20936 4332 "GET /static/images/logos/light-logo.svg HTTP/1.1" 200 9990
INFO 2026-05-18 10:58:35,487 log 20936 14376 "GET /static/images/logos/light-logo-rtl.svg HTTP/1.1" 200 8605
INFO 2026-05-18 10:58:35,488 log 20936 4332 "GET /static/images/logos/dark-logo-rtl.svg HTTP/1.1" 200 8631
INFO 2026-05-18 10:58:35,491 log 20936 14376 "GET /static/images/profile/user-1.jpg HTTP/1.1" 200 30954
INFO 2026-05-18 10:58:35,491 log 20936 4332 "GET /static/js/vendor.min.js HTTP/1.1" 200 87444
INFO 2026-05-18 10:58:35,494 log 20936 14376 "GET /static/js/theme/app.init.js HTTP/1.1" 200 370
INFO 2026-05-18 10:58:35,496 log 20936 4332 "GET /static/js/theme/app.min.js HTTP/1.1" 200 12818
INFO 2026-05-18 10:58:35,499 log 20936 14376 "GET /static/js/theme.js HTTP/1.1" 200 432
INFO 2026-05-18 10:58:35,500 log 20936 4332 "GET /static/libs/simplebar/dist/simplebar.min.js HTTP/1.1" 200 27518
WARNING 2026-05-18 10:58:35,507 log 20936 4332 "GET /static/js/libs/%40preline/input-number/index.js HTTP/1.1" 404 2041
INFO 2026-05-18 10:58:35,509 log 20936 14376 "GET /static/libs/preline/dist/preline.js HTTP/1.1" 200 363204
WARNING 2026-05-18 10:58:35,513 log 20936 14376 "GET /static/js/libs/%40preline/tooltip/index.js HTTP/1.1" 404 2026
WARNING 2026-05-18 10:58:35,785 log 20936 3340 "GET /static/js/libs/%40preline/stepper/index.js HTTP/1.1" 404 2026
WARNING 2026-05-18 10:58:35,785 log 20936 3548 "GET /static/js/libs/owl.carousel/dist/owl.carousel.min.js HTTP/1.1" 404 2062
WARNING 2026-05-18 10:58:35,795 log 20936 10664 "GET /static/js/libs/apexcharts/dist/apexcharts.min.js HTTP/1.1" 404 2050
INFO 2026-05-18 10:58:35,795 log 20936 24120 "GET /static/js/dashboards/dashboard.js HTTP/1.1" 200 5546
INFO 2026-05-18 10:58:35,828 log 20936 24120 "GET /static/images/logos/favicon.png HTTP/1.1" 200 1045
WARNING 2026-05-18 10:58:36,043 log 20936 13504 "GET /static/js/libs/%40preline/input-number/index.js HTTP/1.1" 404 2041
WARNING 2026-05-18 10:58:36,658 log 20936 3104 "GET /static/js/libs/%40preline/tooltip/index.js HTTP/1.1" 404 2026
WARNING 2026-05-18 10:58:37,232 log 20936 25500 "GET /static/js/libs/owl.carousel/dist/owl.carousel.min.js HTTP/1.1" 404 2062
WARNING 2026-05-18 10:58:37,548 log 20936 25208 "GET /static/js/libs/%40preline/stepper/index.js HTTP/1.1" 404 2026
WARNING 2026-05-18 10:58:37,549 log 20936 20284 "GET /static/js/libs/apexcharts/dist/apexcharts.min.js HTTP/1.1" 404 2050
INFO 2026-05-18 11:01:16,548 log 20936 24120 "GET /dashboard/ HTTP/1.1" 200 18596
INFO 2026-05-18 11:01:16,575 log 20936 24120 "GET /static/css/theme.css HTTP/1.1" 200 82072
INFO 2026-05-18 11:01:16,577 log 20936 24120 "GET /static/libs/owl.carousel/dist/assets/owl.carousel.min.css HTTP/1.1" 200 3351
INFO 2026-05-18 11:01:16,580 log 20936 24120 "GET /static/images/logos/dark-logo.svg HTTP/1.1" 200 9990
INFO 2026-05-18 11:01:16,583 log 20936 24120 "GET /static/images/logos/light-logo.svg HTTP/1.1" 200 9990
INFO 2026-05-18 11:01:16,605 log 20936 24120 "GET /static/images/logos/dark-logo-rtl.svg HTTP/1.1" 200 8631
INFO 2026-05-18 11:01:16,609 log 20936 24120 "GET /static/images/logos/light-logo-rtl.svg HTTP/1.1" 200 8605
INFO 2026-05-18 11:01:16,612 log 20936 24120 "GET /static/images/profile/user-1.jpg HTTP/1.1" 200 30954
INFO 2026-05-18 11:01:16,615 log 20936 24120 "GET /static/js/vendor.min.js HTTP/1.1" 200 87444
INFO 2026-05-18 11:01:16,617 log 20936 24120 "GET /static/js/theme/app.init.js HTTP/1.1" 200 370
INFO 2026-05-18 11:01:16,621 log 20936 24120 "GET /static/js/theme/app.min.js HTTP/1.1" 200 12818
INFO 2026-05-18 11:01:16,624 log 20936 24120 "GET /static/js/theme.js HTTP/1.1" 200 432
INFO 2026-05-18 11:01:16,628 log 20936 24120 "GET /static/libs/simplebar/dist/simplebar.min.js HTTP/1.1" 200 27518
INFO 2026-05-18 11:01:16,632 log 20936 24120 "GET /static/libs/preline/dist/preline.js HTTP/1.1" 200 363204
WARNING 2026-05-18 11:01:16,638 log 20936 24120 "GET /static/js/libs/%40preline/input-number/index.js HTTP/1.1" 404 2041
WARNING 2026-05-18 11:01:16,855 log 20936 22196 "GET /static/js/libs/%40preline/tooltip/index.js HTTP/1.1" 404 2026
WARNING 2026-05-18 11:01:16,892 log 20936 1412 "GET /static/js/libs/%40preline/stepper/index.js HTTP/1.1" 404 2026
WARNING 2026-05-18 11:01:16,892 log 20936 3896 "GET /static/js/libs/owl.carousel/dist/owl.carousel.min.js HTTP/1.1" 404 2062
WARNING 2026-05-18 11:01:16,918 log 20936 7864 "GET /static/js/libs/apexcharts/dist/apexcharts.min.js HTTP/1.1" 404 2050
INFO 2026-05-18 11:01:16,920 log 20936 2752 "GET /static/js/dashboards/dashboard.js HTTP/1.1" 200 5546
INFO 2026-05-18 11:01:16,954 log 20936 2752 "GET /static/images/logos/favicon.png HTTP/1.1" 200 1045
WARNING 2026-05-18 11:01:17,873 log 20936 25188 "GET /static/js/libs/%40preline/input-number/index.js HTTP/1.1" 404 2041
INFO 2026-05-18 11:01:18,346 log 20936 2752 "GET /dashboard/ HTTP/1.1" 200 18596
WARNING 2026-05-18 11:01:18,356 log 20936 25832 "GET /static/js/libs/%40preline/tooltip/index.js HTTP/1.1" 404 2026
INFO 2026-05-18 11:01:18,384 log 20936 2752 "GET /static/css/theme.css HTTP/1.1" 200 82072
INFO 2026-05-18 11:01:18,386 log 20936 2752 "GET /static/libs/owl.carousel/dist/assets/owl.carousel.min.css HTTP/1.1" 200 3351
INFO 2026-05-18 11:01:18,389 log 20936 2752 "GET /static/images/logos/dark-logo.svg HTTP/1.1" 200 9990
INFO 2026-05-18 11:01:18,391 log 20936 2752 "GET /static/images/logos/light-logo.svg HTTP/1.1" 200 9990
INFO 2026-05-18 11:01:18,408 log 20936 2752 "GET /static/images/logos/dark-logo-rtl.svg HTTP/1.1" 200 8631
INFO 2026-05-18 11:01:18,412 log 20936 2752 "GET /static/images/logos/light-logo-rtl.svg HTTP/1.1" 200 8605
INFO 2026-05-18 11:01:18,415 log 20936 2752 "GET /static/images/profile/user-1.jpg HTTP/1.1" 200 30954
INFO 2026-05-18 11:01:18,418 log 20936 2752 "GET /static/js/vendor.min.js HTTP/1.1" 200 87444
INFO 2026-05-18 11:01:18,420 log 20936 2752 "GET /static/js/theme/app.init.js HTTP/1.1" 200 370
INFO 2026-05-18 11:01:18,423 log 20936 2752 "GET /static/js/theme/app.min.js HTTP/1.1" 200 12818
INFO 2026-05-18 11:01:18,425 log 20936 2752 "GET /static/js/theme.js HTTP/1.1" 200 432
INFO 2026-05-18 11:01:18,428 log 20936 2752 "GET /static/libs/simplebar/dist/simplebar.min.js HTTP/1.1" 200 27518
INFO 2026-05-18 11:01:18,431 log 20936 2752 "GET /static/libs/preline/dist/preline.js HTTP/1.1" 200 363204
WARNING 2026-05-18 11:01:18,437 log 20936 2752 "GET /static/js/libs/%40preline/input-number/index.js HTTP/1.1" 404 2041
WARNING 2026-05-18 11:01:18,653 log 20936 14992 "GET /static/js/libs/%40preline/tooltip/index.js HTTP/1.1" 404 2026
WARNING 2026-05-18 11:01:18,661 log 20936 6880 "GET /static/js/libs/%40preline/stepper/index.js HTTP/1.1" 404 2026
WARNING 2026-05-18 11:01:18,670 log 20936 8000 "GET /static/js/libs/owl.carousel/dist/owl.carousel.min.js HTTP/1.1" 404 2062
WARNING 2026-05-18 11:01:18,677 log 20936 24852 "GET /static/js/libs/apexcharts/dist/apexcharts.min.js HTTP/1.1" 404 2050
WARNING 2026-05-18 11:01:18,708 log 20936 25144 "GET /static/js/libs/owl.carousel/dist/owl.carousel.min.js HTTP/1.1" 404 2062
WARNING 2026-05-18 11:01:18,708 log 20936 25828 "GET /static/js/libs/%40preline/stepper/index.js HTTP/1.1" 404 2026
WARNING 2026-05-18 11:01:18,717 log 20936 21252 "GET /static/js/libs/apexcharts/dist/apexcharts.min.js HTTP/1.1" 404 2050
INFO 2026-05-18 11:01:18,719 log 20936 1924 "GET /static/js/dashboards/dashboard.js HTTP/1.1" 200 5546
INFO 2026-05-18 11:01:18,758 log 20936 1924 "GET /static/images/logos/favicon.png HTTP/1.1" 200 1045
WARNING 2026-05-18 11:01:19,897 log 20936 22004 "GET /static/js/libs/%40preline/input-number/index.js HTTP/1.1" 404 2041
WARNING 2026-05-18 11:01:20,491 log 20936 23512 "GET /static/js/libs/%40preline/tooltip/index.js HTTP/1.1" 404 2026
WARNING 2026-05-18 11:01:21,034 log 20936 21296 "GET /static/js/libs/owl.carousel/dist/owl.carousel.min.js HTTP/1.1" 404 2062
WARNING 2026-05-18 11:01:21,035 log 20936 20152 "GET /static/js/libs/apexcharts/dist/apexcharts.min.js HTTP/1.1" 404 2050
WARNING 2026-05-18 11:01:21,035 log 20936 16860 "GET /static/js/libs/%40preline/stepper/index.js HTTP/1.1" 404 2026
INFO 2026-05-18 11:03:44,683 log 20936 1924 "GET /dashboard/ HTTP/1.1" 200 18504
INFO 2026-05-18 11:03:44,726 log 20936 1924 "GET /static/css/theme.css HTTP/1.1" 200 82072
INFO 2026-05-18 11:03:44,735 log 20936 1924 "GET /static/libs/owl.carousel/dist/assets/owl.carousel.min.css HTTP/1.1" 200 3351
INFO 2026-05-18 11:03:44,744 log 20936 1924 "GET /static/images/logo.png HTTP/1.1" 200 853147
INFO 2026-05-18 11:03:44,746 log 20936 1924 "GET /static/images/profile/user-1.jpg HTTP/1.1" 200 30954
INFO 2026-05-18 11:03:44,766 log 20936 1924 "GET /static/js/vendor.min.js HTTP/1.1" 200 87444
INFO 2026-05-18 11:03:44,769 log 20936 1924 "GET /static/js/theme/app.init.js HTTP/1.1" 200 370
INFO 2026-05-18 11:03:44,772 log 20936 1924 "GET /static/js/theme/app.min.js HTTP/1.1" 200 12818
INFO 2026-05-18 11:03:44,774 log 20936 1924 "GET /static/js/theme.js HTTP/1.1" 200 432
INFO 2026-05-18 11:03:44,777 log 20936 1924 "GET /static/libs/simplebar/dist/simplebar.min.js HTTP/1.1" 200 27518
INFO 2026-05-18 11:03:44,781 log 20936 1924 "GET /static/libs/preline/dist/preline.js HTTP/1.1" 200 363204
WARNING 2026-05-18 11:03:44,786 log 20936 1924 "GET /static/js/libs/%40preline/input-number/index.js HTTP/1.1" 404 2041
WARNING 2026-05-18 11:03:44,987 log 20936 23044 "GET /static/js/libs/%40preline/tooltip/index.js HTTP/1.1" 404 2026
WARNING 2026-05-18 11:03:45,032 log 20936 2636 "GET /static/js/libs/%40preline/stepper/index.js HTTP/1.1" 404 2026
WARNING 2026-05-18 11:03:45,037 log 20936 7360 "GET /static/js/libs/owl.carousel/dist/owl.carousel.min.js HTTP/1.1" 404 2062
WARNING 2026-05-18 11:03:45,091 log 20936 7468 "GET /static/js/libs/apexcharts/dist/apexcharts.min.js HTTP/1.1" 404 2050
INFO 2026-05-18 11:03:45,092 log 20936 25512 "GET /static/js/dashboards/dashboard.js HTTP/1.1" 200 5546
INFO 2026-05-18 11:03:45,116 log 20936 25512 "GET /static/images/logos/favicon.png HTTP/1.1" 200 1045
WARNING 2026-05-18 11:03:45,848 log 20936 6764 "GET /static/js/libs/%40preline/input-number/index.js HTTP/1.1" 404 2041
WARNING 2026-05-18 11:03:46,670 log 20936 15504 "GET /static/js/libs/%40preline/tooltip/index.js HTTP/1.1" 404 2026
WARNING 2026-05-18 11:03:46,979 log 20936 23348 "GET /static/js/libs/%40preline/stepper/index.js HTTP/1.1" 404 2026
WARNING 2026-05-18 11:03:47,217 log 20936 23000 "GET /static/js/libs/owl.carousel/dist/owl.carousel.min.js HTTP/1.1" 404 2062
WARNING 2026-05-18 11:03:47,218 log 20936 12036 "GET /static/js/libs/apexcharts/dist/apexcharts.min.js HTTP/1.1" 404 2050
INFO 2026-05-18 11:04:17,034 log 20936 25512 "GET /dashboard/ HTTP/1.1" 200 18569
INFO 2026-05-18 11:04:17,072 log 20936 25512 "GET /static/css/theme.css HTTP/1.1" 200 82072
INFO 2026-05-18 11:04:17,075 log 20936 25512 "GET /static/libs/owl.carousel/dist/assets/owl.carousel.min.css HTTP/1.1" 200 3351
INFO 2026-05-18 11:04:17,078 log 20936 25512 "GET /static/images/logos/dark-logo.svg HTTP/1.1" 200 9990
INFO 2026-05-18 11:04:17,081 log 20936 25512 "GET /static/images/logos/light-logo.svg HTTP/1.1" 200 9990
INFO 2026-05-18 11:04:17,102 log 20936 25512 "GET /static/images/logos/dark-logo-rtl.svg HTTP/1.1" 200 8631
INFO 2026-05-18 11:04:17,106 log 20936 25512 "GET /static/images/logos/light-logo-rtl.svg HTTP/1.1" 200 8605
INFO 2026-05-18 11:04:17,109 log 20936 25512 "GET /static/images/profile/user-1.jpg HTTP/1.1" 200 30954
INFO 2026-05-18 11:04:17,113 log 20936 25512 "GET /static/js/vendor.min.js HTTP/1.1" 200 87444
INFO 2026-05-18 11:04:17,115 log 20936 25512 "GET /static/js/theme/app.init.js HTTP/1.1" 200 370
INFO 2026-05-18 11:04:17,117 log 20936 25512 "GET /static/js/theme/app.min.js HTTP/1.1" 200 12818
INFO 2026-05-18 11:04:17,120 log 20936 25512 "GET /static/js/theme.js HTTP/1.1" 200 432
INFO 2026-05-18 11:04:17,124 log 20936 25512 "GET /static/libs/simplebar/dist/simplebar.min.js HTTP/1.1" 200 27518
INFO 2026-05-18 11:04:17,128 log 20936 25512 "GET /static/libs/preline/dist/preline.js HTTP/1.1" 200 363204
WARNING 2026-05-18 11:04:17,133 log 20936 25512 "GET /static/js/libs/%40preline/input-number/index.js HTTP/1.1" 404 2041
WARNING 2026-05-18 11:04:17,333 log 20936 6884 "GET /static/js/libs/%40preline/tooltip/index.js HTTP/1.1" 404 2026
WARNING 2026-05-18 11:04:17,389 log 20936 9856 "GET /static/js/libs/%40preline/stepper/index.js HTTP/1.1" 404 2026
WARNING 2026-05-18 11:04:17,390 log 20936 21056 "GET /static/js/libs/owl.carousel/dist/owl.carousel.min.js HTTP/1.1" 404 2062
WARNING 2026-05-18 11:04:17,416 log 20936 17456 "GET /static/js/libs/apexcharts/dist/apexcharts.min.js HTTP/1.1" 404 2050
INFO 2026-05-18 11:04:17,417 log 20936 16756 "GET /static/js/dashboards/dashboard.js HTTP/1.1" 200 5546
INFO 2026-05-18 11:04:17,439 log 20936 16756 "GET /static/images/logos/favicon.png HTTP/1.1" 200 1045
WARNING 2026-05-18 11:04:18,133 log 20936 15112 "GET /static/js/libs/%40preline/input-number/index.js HTTP/1.1" 404 2041
WARNING 2026-05-18 11:04:18,969 log 20936 10176 "GET /static/js/libs/%40preline/tooltip/index.js HTTP/1.1" 404 2026
WARNING 2026-05-18 11:04:19,292 log 20936 7964 "GET /static/js/libs/%40preline/stepper/index.js HTTP/1.1" 404 2026
WARNING 2026-05-18 11:04:19,293 log 20936 22280 "GET /static/js/libs/owl.carousel/dist/owl.carousel.min.js HTTP/1.1" 404 2062
WARNING 2026-05-18 11:04:19,475 log 20936 18680 "GET /static/js/libs/apexcharts/dist/apexcharts.min.js HTTP/1.1" 404 2050
INFO 2026-05-18 11:08:00,206 log 20936 27924 "GET /dashboard/ HTTP/1.1" 200 18518
INFO 2026-05-18 11:08:00,249 log 20936 27948 "GET /static/libs/owl.carousel/dist/assets/owl.carousel.min.css HTTP/1.1" 200 3351
INFO 2026-05-18 11:08:00,250 log 20936 27924 "GET /static/css/theme.css HTTP/1.1" 200 82072
INFO 2026-05-18 11:08:00,254 log 20936 27948 "GET /static/images/profile/user-1.jpg HTTP/1.1" 200 30954
INFO 2026-05-18 11:08:00,256 log 20936 27924 "GET /static/js/vendor.min.js HTTP/1.1" 200 87444
INFO 2026-05-18 11:08:00,399 log 20936 27924 "GET /static/js/theme/app.init.js HTTP/1.1" 200 370
INFO 2026-05-18 11:08:00,401 log 20936 27948 "GET /static/js/theme/app.min.js HTTP/1.1" 200 12818
INFO 2026-05-18 11:08:00,403 log 20936 27924 "GET /static/js/theme.js HTTP/1.1" 200 432
INFO 2026-05-18 11:08:00,403 log 20936 27948 "GET /static/libs/simplebar/dist/simplebar.min.js HTTP/1.1" 200 27518
INFO 2026-05-18 11:08:00,408 log 20936 27924 "GET /static/libs/preline/dist/preline.js HTTP/1.1" 200 363204
WARNING 2026-05-18 11:08:00,412 log 20936 27948 "GET /static/js/libs/%40preline/input-number/index.js HTTP/1.1" 404 2041
WARNING 2026-05-18 11:08:00,417 log 20936 27924 "GET /static/js/libs/%40preline/tooltip/index.js HTTP/1.1" 404 2026
WARNING 2026-05-18 11:08:00,454 log 20936 4668 "GET /static/js/libs/%40preline/stepper/index.js HTTP/1.1" 404 2026
WARNING 2026-05-18 11:08:00,555 log 20936 13096 "GET /static/js/libs/owl.carousel/dist/owl.carousel.min.js HTTP/1.1" 404 2062
WARNING 2026-05-18 11:08:00,715 log 20936 26540 "GET /static/js/libs/apexcharts/dist/apexcharts.min.js HTTP/1.1" 404 2050
INFO 2026-05-18 11:08:00,716 log 20936 17608 "GET /static/js/dashboards/dashboard.js HTTP/1.1" 200 5546
INFO 2026-05-18 11:08:00,752 log 20936 17608 "GET /static/images/logos/favicon.png HTTP/1.1" 200 1045
WARNING 2026-05-18 11:08:01,141 log 20936 23808 "GET /static/js/libs/%40preline/input-number/index.js HTTP/1.1" 404 2041
WARNING 2026-05-18 11:08:01,147 log 20936 5156 "GET /static/js/libs/%40preline/tooltip/index.js HTTP/1.1" 404 2026
WARNING 2026-05-18 11:08:01,941 log 20936 28232 "GET /static/js/libs/%40preline/stepper/index.js HTTP/1.1" 404 2026
WARNING 2026-05-18 11:08:02,252 log 20936 27108 "GET /static/js/libs/apexcharts/dist/apexcharts.min.js HTTP/1.1" 404 2050
WARNING 2026-05-18 11:08:02,252 log 20936 27064 "GET /static/js/libs/owl.carousel/dist/owl.carousel.min.js HTTP/1.1" 404 2062
INFO 2026-05-18 11:10:37,903 log 20936 17608 "GET /dashboard/ HTTP/1.1" 200 20826
INFO 2026-05-18 11:10:37,945 log 20936 17608 "GET /static/css/theme.css HTTP/1.1" 200 82072
INFO 2026-05-18 11:10:37,948 log 20936 17608 "GET /static/libs/owl.carousel/dist/assets/owl.carousel.min.css HTTP/1.1" 200 3351
INFO 2026-05-18 11:10:37,952 log 20936 17608 "GET /static/images/profile/user-1.jpg HTTP/1.1" 200 30954
INFO 2026-05-18 11:10:37,954 log 20936 17608 "GET /static/js/vendor.min.js HTTP/1.1" 200 87444
INFO 2026-05-18 11:10:38,128 log 20936 17608 "GET /static/js/theme/app.init.js HTTP/1.1" 200 370
INFO 2026-05-18 11:10:38,130 log 20936 17608 "GET /static/js/theme/app.min.js HTTP/1.1" 200 12818
INFO 2026-05-18 11:10:38,132 log 20936 17608 "GET /static/js/theme.js HTTP/1.1" 200 432
INFO 2026-05-18 11:10:38,134 log 20936 17608 "GET /static/libs/simplebar/dist/simplebar.min.js HTTP/1.1" 200 27518
INFO 2026-05-18 11:10:38,138 log 20936 17608 "GET /static/libs/preline/dist/preline.js HTTP/1.1" 200 363204
WARNING 2026-05-18 11:10:38,145 log 20936 17608 "GET /static/js/libs/%40preline/input-number/index.js HTTP/1.1" 404 2041
WARNING 2026-05-18 11:10:38,203 log 20936 26812 "GET /static/js/libs/%40preline/tooltip/index.js HTTP/1.1" 404 2026
WARNING 2026-05-18 11:10:38,268 log 20936 1192 "GET /static/js/libs/%40preline/stepper/index.js HTTP/1.1" 404 2026
WARNING 2026-05-18 11:10:38,269 log 20936 18556 "GET /static/js/libs/owl.carousel/dist/owl.carousel.min.js HTTP/1.1" 404 2062
WARNING 2026-05-18 11:10:38,434 log 20936 18464 "GET /static/js/libs/apexcharts/dist/apexcharts.min.js HTTP/1.1" 404 2050
INFO 2026-05-18 11:10:38,436 log 20936 11284 "GET /static/js/dashboards/dashboard.js HTTP/1.1" 200 5546
INFO 2026-05-18 11:10:38,479 log 20936 11284 "GET /static/images/logos/favicon.png HTTP/1.1" 200 1045
WARNING 2026-05-18 11:10:38,745 log 20936 9104 "GET /static/js/libs/%40preline/input-number/index.js HTTP/1.1" 404 2041
WARNING 2026-05-18 11:10:38,745 log 20936 11092 "GET /static/js/libs/%40preline/tooltip/index.js HTTP/1.1" 404 2026
WARNING 2026-05-18 11:10:39,498 log 20936 8924 "GET /static/js/libs/%40preline/stepper/index.js HTTP/1.1" 404 2026
WARNING 2026-05-18 11:10:39,815 log 20936 26740 "GET /static/js/libs/owl.carousel/dist/owl.carousel.min.js HTTP/1.1" 404 2062
WARNING 2026-05-18 11:10:39,961 log 20936 21900 "GET /static/js/libs/apexcharts/dist/apexcharts.min.js HTTP/1.1" 404 2050
INFO 2026-05-18 11:11:10,995 log 20936 11284 "GET /dashboard/ HTTP/1.1" 200 20883
INFO 2026-05-18 11:11:11,039 log 20936 11284 "GET /static/css/theme.css HTTP/1.1" 200 82072
INFO 2026-05-18 11:11:11,042 log 20936 11284 "GET /static/libs/owl.carousel/dist/assets/owl.carousel.min.css HTTP/1.1" 200 3351
INFO 2026-05-18 11:11:11,046 log 20936 11284 "GET /static/images/profile/user-1.jpg HTTP/1.1" 200 30954
INFO 2026-05-18 11:11:11,049 log 20936 11284 "GET /static/js/vendor.min.js HTTP/1.1" 200 87444
INFO 2026-05-18 11:11:11,064 log 20936 11284 "GET /static/js/theme/app.init.js HTTP/1.1" 200 370
INFO 2026-05-18 11:11:11,068 log 20936 11284 "GET /static/js/theme/app.min.js HTTP/1.1" 200 12818
INFO 2026-05-18 11:11:11,071 log 20936 11284 "GET /static/js/theme.js HTTP/1.1" 200 432
INFO 2026-05-18 11:11:11,072 log 20936 11284 "GET /static/libs/simplebar/dist/simplebar.min.js HTTP/1.1" 200 27518
INFO 2026-05-18 11:11:11,076 log 20936 11284 "GET /static/libs/preline/dist/preline.js HTTP/1.1" 200 363204
WARNING 2026-05-18 11:11:11,084 log 20936 11284 "GET /static/js/libs/%40preline/input-number/index.js HTTP/1.1" 404 2041
WARNING 2026-05-18 11:11:11,299 log 20936 3628 "GET /static/js/libs/%40preline/tooltip/index.js HTTP/1.1" 404 2026
WARNING 2026-05-18 11:11:11,356 log 20936 26916 "GET /static/js/libs/%40preline/stepper/index.js HTTP/1.1" 404 2026
WARNING 2026-05-18 11:11:11,357 log 20936 17724 "GET /static/js/libs/owl.carousel/dist/owl.carousel.min.js HTTP/1.1" 404 2062
WARNING 2026-05-18 11:11:11,378 log 20936 26692 "GET /static/js/libs/apexcharts/dist/apexcharts.min.js HTTP/1.1" 404 2050
INFO 2026-05-18 11:11:11,379 log 20936 26808 "GET /static/js/dashboards/dashboard.js HTTP/1.1" 200 5546
INFO 2026-05-18 11:11:11,415 log 20936 26808 "GET /static/images/logos/favicon.png HTTP/1.1" 200 1045
WARNING 2026-05-18 11:11:11,937 log 20936 28264 "GET /static/js/libs/%40preline/input-number/index.js HTTP/1.1" 404 2041
WARNING 2026-05-18 11:11:11,938 log 20936 23340 "GET /static/js/libs/%40preline/tooltip/index.js HTTP/1.1" 404 2026
WARNING 2026-05-18 11:11:11,954 log 20936 21816 "GET /static/js/libs/%40preline/stepper/index.js HTTP/1.1" 404 2026
WARNING 2026-05-18 11:11:12,836 log 20936 516 "GET /static/js/libs/owl.carousel/dist/owl.carousel.min.js HTTP/1.1" 404 2062
WARNING 2026-05-18 11:11:13,141 log 20936 28060 "GET /static/js/libs/apexcharts/dist/apexcharts.min.js HTTP/1.1" 404 2050
INFO 2026-05-18 11:11:23,363 log 20936 26808 "GET /dashboard/ HTTP/1.1" 200 20864
INFO 2026-05-18 11:11:23,411 log 20936 26808 "GET /static/css/theme.css HTTP/1.1" 200 82072
INFO 2026-05-18 11:11:23,412 log 20936 26808 "GET /static/libs/owl.carousel/dist/assets/owl.carousel.min.css HTTP/1.1" 200 3351
INFO 2026-05-18 11:11:23,414 log 20936 26808 "GET /static/images/profile/user-1.jpg HTTP/1.1" 200 30954
INFO 2026-05-18 11:11:23,429 log 20936 26808 "GET /static/js/vendor.min.js HTTP/1.1" 200 87444
INFO 2026-05-18 11:11:23,431 log 20936 26808 "GET /static/js/theme/app.init.js HTTP/1.1" 200 370
INFO 2026-05-18 11:11:23,436 log 20936 26808 "GET /static/js/theme/app.min.js HTTP/1.1" 200 12818
INFO 2026-05-18 11:11:23,439 log 20936 26808 "GET /static/js/theme.js HTTP/1.1" 200 432
INFO 2026-05-18 11:11:23,441 log 20936 26808 "GET /static/libs/simplebar/dist/simplebar.min.js HTTP/1.1" 200 27518
INFO 2026-05-18 11:11:23,445 log 20936 26808 "GET /static/libs/preline/dist/preline.js HTTP/1.1" 200 363204
WARNING 2026-05-18 11:11:23,668 log 20936 2140 "GET /static/js/libs/%40preline/input-number/index.js HTTP/1.1" 404 2041
WARNING 2026-05-18 11:11:23,720 log 20936 28220 "GET /static/js/libs/%40preline/tooltip/index.js HTTP/1.1" 404 2026
WARNING 2026-05-18 11:11:23,720 log 20936 11648 "GET /static/js/libs/%40preline/stepper/index.js HTTP/1.1" 404 2026
WARNING 2026-05-18 11:11:23,740 log 20936 27228 "GET /static/js/libs/apexcharts/dist/apexcharts.min.js HTTP/1.1" 404 2050
WARNING 2026-05-18 11:11:23,741 log 20936 27380 "GET /static/js/libs/owl.carousel/dist/owl.carousel.min.js HTTP/1.1" 404 2062
INFO 2026-05-18 11:11:23,762 log 20936 26808 "GET /static/js/dashboards/dashboard.js HTTP/1.1" 200 5546
INFO 2026-05-18 11:11:23,805 log 20936 26808 "GET /static/images/logos/favicon.png HTTP/1.1" 200 1045
WARNING 2026-05-18 11:11:24,312 log 20936 28260 "GET /static/js/libs/owl.carousel/dist/owl.carousel.min.js HTTP/1.1" 404 2062
WARNING 2026-05-18 11:11:24,313 log 20936 27044 "GET /static/js/libs/apexcharts/dist/apexcharts.min.js HTTP/1.1" 404 2050
WARNING 2026-05-18 11:11:24,312 log 20936 27724 "GET /static/js/libs/%40preline/input-number/index.js HTTP/1.1" 404 2041
WARNING 2026-05-18 11:11:24,314 log 20936 27000 "GET /static/js/libs/%40preline/stepper/index.js HTTP/1.1" 404 2026
WARNING 2026-05-18 11:11:24,314 log 20936 13272 "GET /static/js/libs/%40preline/tooltip/index.js HTTP/1.1" 404 2026
INFO 2026-05-18 11:11:55,982 log 20936 26808 "GET /dashboard/ HTTP/1.1" 200 20878
INFO 2026-05-18 11:11:56,035 log 20936 27768 "GET /static/libs/owl.carousel/dist/assets/owl.carousel.min.css HTTP/1.1" 200 3351
INFO 2026-05-18 11:11:56,037 log 20936 26808 "GET /static/css/theme.css HTTP/1.1" 200 82072
INFO 2026-05-18 11:11:56,043 log 20936 27768 "GET /static/images/profile/user-1.jpg HTTP/1.1" 200 30954
INFO 2026-05-18 11:11:56,045 log 20936 26808 "GET /static/js/vendor.min.js HTTP/1.1" 200 87444
INFO 2026-05-18 11:11:56,077 log 20936 26808 "GET /static/js/theme/app.init.js HTTP/1.1" 200 370
INFO 2026-05-18 11:11:56,081 log 20936 27768 "GET /static/js/theme/app.min.js HTTP/1.1" 200 12818
INFO 2026-05-18 11:11:56,083 log 20936 26808 "GET /static/js/theme.js HTTP/1.1" 200 432
INFO 2026-05-18 11:11:56,085 log 20936 27768 "GET /static/libs/simplebar/dist/simplebar.min.js HTTP/1.1" 200 27518
WARNING 2026-05-18 11:11:56,094 log 20936 27768 "GET /static/js/libs/%40preline/input-number/index.js HTTP/1.1" 404 2041
INFO 2026-05-18 11:11:56,097 log 20936 26808 "GET /static/libs/preline/dist/preline.js HTTP/1.1" 200 363204
WARNING 2026-05-18 11:11:56,106 log 20936 26808 "GET /static/js/libs/%40preline/tooltip/index.js HTTP/1.1" 404 2026
WARNING 2026-05-18 11:11:56,348 log 20936 6420 "GET /static/js/libs/owl.carousel/dist/owl.carousel.min.js HTTP/1.1" 404 2062
WARNING 2026-05-18 11:11:56,348 log 20936 3156 "GET /static/js/libs/%40preline/stepper/index.js HTTP/1.1" 404 2026
WARNING 2026-05-18 11:11:56,391 log 20936 14044 "GET /static/js/libs/apexcharts/dist/apexcharts.min.js HTTP/1.1" 404 2050
INFO 2026-05-18 11:11:56,392 log 20936 12536 "GET /static/js/dashboards/dashboard.js HTTP/1.1" 200 5546
INFO 2026-05-18 11:11:56,440 log 20936 12536 "GET /static/images/logos/favicon.png HTTP/1.1" 200 1045
WARNING 2026-05-18 11:11:56,772 log 20936 18980 "GET /static/js/libs/%40preline/input-number/index.js HTTP/1.1" 404 2041
WARNING 2026-05-18 11:11:57,335 log 20936 15576 "GET /static/js/libs/%40preline/tooltip/index.js HTTP/1.1" 404 2026
WARNING 2026-05-18 11:11:57,876 log 20936 20620 "GET /static/js/libs/%40preline/stepper/index.js HTTP/1.1" 404 2026
WARNING 2026-05-18 11:11:58,185 log 20936 13920 "GET /static/js/libs/apexcharts/dist/apexcharts.min.js HTTP/1.1" 404 2050
WARNING 2026-05-18 11:11:58,185 log 20936 28508 "GET /static/js/libs/owl.carousel/dist/owl.carousel.min.js HTTP/1.1" 404 2062
INFO 2026-05-18 11:12:21,719 log 20936 12536 "GET /dashboard/ HTTP/1.1" 200 20878
INFO 2026-05-18 11:12:21,767 log 20936 9564 "GET /static/libs/owl.carousel/dist/assets/owl.carousel.min.css HTTP/1.1" 200 3351
INFO 2026-05-18 11:12:21,768 log 20936 12536 "GET /static/css/theme.css HTTP/1.1" 200 82072
INFO 2026-05-18 11:12:21,770 log 20936 9564 "GET /static/images/profile/user-1.jpg HTTP/1.1" 200 30954
INFO 2026-05-18 11:12:21,771 log 20936 12536 "GET /static/js/vendor.min.js HTTP/1.1" 200 87444
INFO 2026-05-18 11:12:21,781 log 20936 12536 "GET /static/js/theme/app.init.js HTTP/1.1" 200 370
INFO 2026-05-18 11:12:21,784 log 20936 9564 "GET /static/js/theme/app.min.js HTTP/1.1" 200 12818
INFO 2026-05-18 11:12:21,786 log 20936 12536 "GET /static/js/theme.js HTTP/1.1" 200 432
INFO 2026-05-18 11:12:21,787 log 20936 9564 "GET /static/libs/simplebar/dist/simplebar.min.js HTTP/1.1" 200 27518
WARNING 2026-05-18 11:12:21,794 log 20936 9564 "GET /static/js/libs/%40preline/input-number/index.js HTTP/1.1" 404 2041
INFO 2026-05-18 11:12:21,802 log 20936 12536 "GET /static/libs/preline/dist/preline.js HTTP/1.1" 200 363204
WARNING 2026-05-18 11:12:21,809 log 20936 12536 "GET /static/js/libs/%40preline/tooltip/index.js HTTP/1.1" 404 2026
WARNING 2026-05-18 11:12:22,090 log 20936 2636 "GET /static/js/libs/%40preline/stepper/index.js HTTP/1.1" 404 2026
WARNING 2026-05-18 11:12:22,091 log 20936 27672 "GET /static/js/libs/owl.carousel/dist/owl.carousel.min.js HTTP/1.1" 404 2062
WARNING 2026-05-18 11:12:22,104 log 20936 26684 "GET /static/js/libs/apexcharts/dist/apexcharts.min.js HTTP/1.1" 404 2050
INFO 2026-05-18 11:12:22,104 log 20936 26236 "GET /static/js/dashboards/dashboard.js HTTP/1.1" 200 5546
INFO 2026-05-18 11:12:22,186 log 20936 26236 "GET /static/images/logos/favicon.png HTTP/1.1" 200 1045
WARNING 2026-05-18 11:12:22,755 log 20936 13952 "GET /static/js/libs/%40preline/input-number/index.js HTTP/1.1" 404 2041
WARNING 2026-05-18 11:12:23,000 log 20936 26668 "GET /static/js/libs/%40preline/tooltip/index.js HTTP/1.1" 404 2026
WARNING 2026-05-18 11:12:23,017 log 20936 20804 "GET /static/js/libs/%40preline/stepper/index.js HTTP/1.1" 404 2026
WARNING 2026-05-18 11:12:23,018 log 20936 20884 "GET /static/js/libs/owl.carousel/dist/owl.carousel.min.js HTTP/1.1" 404 2062
WARNING 2026-05-18 11:12:23,018 log 20936 17140 "GET /static/js/libs/apexcharts/dist/apexcharts.min.js HTTP/1.1" 404 2050
INFO 2026-05-18 11:12:30,326 log 20936 26236 "GET /dashboard/ HTTP/1.1" 200 20878
INFO 2026-05-18 11:12:30,365 log 20936 25428 "GET /static/libs/owl.carousel/dist/assets/owl.carousel.min.css HTTP/1.1" 200 3351
INFO 2026-05-18 11:12:30,366 log 20936 26236 "GET /static/css/theme.css HTTP/1.1" 200 82072
INFO 2026-05-18 11:12:30,368 log 20936 25428 "GET /static/images/profile/user-1.jpg HTTP/1.1" 200 30954
INFO 2026-05-18 11:12:30,369 log 20936 26236 "GET /static/js/vendor.min.js HTTP/1.1" 200 87444
INFO 2026-05-18 11:12:30,374 log 20936 26236 "GET /static/js/theme/app.init.js HTTP/1.1" 200 370
INFO 2026-05-18 11:12:30,376 log 20936 25428 "GET /static/js/theme/app.min.js HTTP/1.1" 200 12818
INFO 2026-05-18 11:12:30,377 log 20936 26236 "GET /static/js/theme.js HTTP/1.1" 200 432
INFO 2026-05-18 11:12:30,380 log 20936 25428 "GET /static/libs/simplebar/dist/simplebar.min.js HTTP/1.1" 200 27518
WARNING 2026-05-18 11:12:30,386 log 20936 25428 "GET /static/js/libs/%40preline/input-number/index.js HTTP/1.1" 404 2041
INFO 2026-05-18 11:12:30,391 log 20936 26236 "GET /static/libs/preline/dist/preline.js HTTP/1.1" 200 363204
WARNING 2026-05-18 11:12:30,398 log 20936 26236 "GET /static/js/libs/%40preline/tooltip/index.js HTTP/1.1" 404 2026
WARNING 2026-05-18 11:12:30,694 log 20936 26924 "GET /static/js/libs/apexcharts/dist/apexcharts.min.js HTTP/1.1" 404 2050
WARNING 2026-05-18 11:12:30,695 log 20936 28196 "GET /static/js/libs/owl.carousel/dist/owl.carousel.min.js HTTP/1.1" 404 2062
WARNING 2026-05-18 11:12:30,696 log 20936 28468 "GET /static/js/libs/%40preline/stepper/index.js HTTP/1.1" 404 2026
INFO 2026-05-18 11:12:30,698 log 20936 26116 "GET /static/js/dashboards/dashboard.js HTTP/1.1" 200 5546
INFO 2026-05-18 11:12:30,737 log 20936 26116 "GET /static/images/logos/favicon.png HTTP/1.1" 200 1045
WARNING 2026-05-18 11:12:30,991 log 20936 3172 "GET /static/js/libs/%40preline/input-number/index.js HTTP/1.1" 404 2041
WARNING 2026-05-18 11:12:31,294 log 20936 15292 "GET /static/js/libs/%40preline/tooltip/index.js HTTP/1.1" 404 2026
WARNING 2026-05-18 11:12:32,334 log 20936 27292 "GET /static/js/libs/owl.carousel/dist/owl.carousel.min.js HTTP/1.1" 404 2062
WARNING 2026-05-18 11:12:32,503 log 20936 8456 "GET /static/js/libs/%40preline/stepper/index.js HTTP/1.1" 404 2026
INFO 2026-05-18 11:12:42,095 log 20936 26116 "GET /dashboard/ HTTP/1.1" 200 20878
INFO 2026-05-18 11:12:42,127 log 20936 9832 "GET /static/libs/owl.carousel/dist/assets/owl.carousel.min.css HTTP/1.1" 200 3351
INFO 2026-05-18 11:12:42,128 log 20936 26116 "GET /static/css/theme.css HTTP/1.1" 200 82072
INFO 2026-05-18 11:12:42,130 log 20936 9832 "GET /static/images/profile/user-1.jpg HTTP/1.1" 200 30954
INFO 2026-05-18 11:12:42,132 log 20936 26116 "GET /static/js/vendor.min.js HTTP/1.1" 200 87444
INFO 2026-05-18 11:12:42,141 log 20936 26116 "GET /static/js/theme/app.init.js HTTP/1.1" 200 370
INFO 2026-05-18 11:12:42,143 log 20936 9832 "GET /static/js/theme/app.min.js HTTP/1.1" 200 12818
INFO 2026-05-18 11:12:42,158 log 20936 26116 "GET /static/js/theme.js HTTP/1.1" 200 432
INFO 2026-05-18 11:12:42,158 log 20936 9832 "GET /static/libs/simplebar/dist/simplebar.min.js HTTP/1.1" 200 27518
WARNING 2026-05-18 11:12:42,167 log 20936 9832 "GET /static/js/libs/%40preline/input-number/index.js HTTP/1.1" 404 2041
INFO 2026-05-18 11:12:42,169 log 20936 26116 "GET /static/libs/preline/dist/preline.js HTTP/1.1" 200 363204
WARNING 2026-05-18 11:12:42,173 log 20936 26116 "GET /static/js/libs/%40preline/tooltip/index.js HTTP/1.1" 404 2026
WARNING 2026-05-18 11:12:42,458 log 20936 28540 "GET /static/js/libs/owl.carousel/dist/owl.carousel.min.js HTTP/1.1" 404 2062
WARNING 2026-05-18 11:12:42,460 log 20936 23768 "GET /static/js/libs/%40preline/stepper/index.js HTTP/1.1" 404 2026
WARNING 2026-05-18 11:12:42,470 log 20936 27928 "GET /static/js/libs/apexcharts/dist/apexcharts.min.js HTTP/1.1" 404 2050
INFO 2026-05-18 11:12:42,473 log 20936 17608 "GET /static/js/dashboards/dashboard.js HTTP/1.1" 200 5546
INFO 2026-05-18 11:12:42,514 log 20936 17608 "GET /static/images/logos/favicon.png HTTP/1.1" 200 1045
WARNING 2026-05-18 11:12:42,812 log 20936 14992 "GET /static/js/libs/%40preline/input-number/index.js HTTP/1.1" 404 2041
WARNING 2026-05-18 11:12:43,122 log 20936 18556 "GET /static/js/libs/%40preline/tooltip/index.js HTTP/1.1" 404 2026
WARNING 2026-05-18 11:12:43,129 log 20936 18464 "GET /static/js/libs/owl.carousel/dist/owl.carousel.min.js HTTP/1.1" 404 2062
WARNING 2026-05-18 11:12:44,303 log 20936 25564 "GET /static/js/libs/%40preline/stepper/index.js HTTP/1.1" 404 2026
WARNING 2026-05-18 11:12:44,304 log 20936 9104 "GET /static/js/libs/apexcharts/dist/apexcharts.min.js HTTP/1.1" 404 2050
INFO 2026-05-18 11:12:52,925 log 20936 17608 "GET /dashboard/ HTTP/1.1" 200 20878
INFO 2026-05-18 11:12:52,966 log 20936 26812 "GET /static/libs/owl.carousel/dist/assets/owl.carousel.min.css HTTP/1.1" 200 3351
INFO 2026-05-18 11:12:52,967 log 20936 17608 "GET /static/css/theme.css HTTP/1.1" 200 82072
INFO 2026-05-18 11:12:52,969 log 20936 26812 "GET /static/images/profile/user-1.jpg HTTP/1.1" 200 30954
INFO 2026-05-18 11:12:52,970 log 20936 17608 "GET /static/js/vendor.min.js HTTP/1.1" 200 87444
INFO 2026-05-18 11:12:52,995 log 20936 26812 "GET /static/js/theme/app.init.js HTTP/1.1" 200 370
INFO 2026-05-18 11:12:52,996 log 20936 17608 "GET /static/js/theme/app.min.js HTTP/1.1" 200 12818
INFO 2026-05-18 11:12:52,999 log 20936 26812 "GET /static/js/theme.js HTTP/1.1" 200 432
INFO 2026-05-18 11:12:53,000 log 20936 17608 "GET /static/libs/simplebar/dist/simplebar.min.js HTTP/1.1" 200 27518
WARNING 2026-05-18 11:12:53,006 log 20936 17608 "GET /static/js/libs/%40preline/input-number/index.js HTTP/1.1" 404 2041
INFO 2026-05-18 11:12:53,008 log 20936 26812 "GET /static/libs/preline/dist/preline.js HTTP/1.1" 200 363204
WARNING 2026-05-18 11:12:53,014 log 20936 26812 "GET /static/js/libs/%40preline/tooltip/index.js HTTP/1.1" 404 2026
WARNING 2026-05-18 11:12:53,285 log 20936 18220 "GET /static/js/libs/%40preline/stepper/index.js HTTP/1.1" 404 2026
WARNING 2026-05-18 11:12:53,285 log 20936 26876 "GET /static/js/libs/owl.carousel/dist/owl.carousel.min.js HTTP/1.1" 404 2062
WARNING 2026-05-18 11:12:53,309 log 20936 27644 "GET /static/js/libs/apexcharts/dist/apexcharts.min.js HTTP/1.1" 404 2050
INFO 2026-05-18 11:12:53,310 log 20936 3400 "GET /static/js/dashboards/dashboard.js HTTP/1.1" 200 5546
INFO 2026-05-18 11:12:53,349 log 20936 3400 "GET /static/images/logos/favicon.png HTTP/1.1" 200 1045
WARNING 2026-05-18 11:12:53,583 log 20936 11092 "GET /static/js/libs/%40preline/input-number/index.js HTTP/1.1" 404 2041
WARNING 2026-05-18 11:12:53,934 log 20936 9652 "GET /static/js/libs/%40preline/tooltip/index.js HTTP/1.1" 404 2026
WARNING 2026-05-18 11:12:54,727 log 20936 25848 "GET /static/js/libs/%40preline/stepper/index.js HTTP/1.1" 404 2026
WARNING 2026-05-18 11:12:55,034 log 20936 27880 "GET /static/js/libs/owl.carousel/dist/owl.carousel.min.js HTTP/1.1" 404 2062
WARNING 2026-05-18 11:12:55,043 log 20936 7016 "GET /static/js/libs/apexcharts/dist/apexcharts.min.js HTTP/1.1" 404 2050
INFO 2026-05-18 11:13:16,449 log 20936 3400 "GET /dashboard/ HTTP/1.1" 200 20878
INFO 2026-05-18 11:13:16,496 log 20936 12228 "GET /static/libs/owl.carousel/dist/assets/owl.carousel.min.css HTTP/1.1" 200 3351
INFO 2026-05-18 11:13:16,497 log 20936 3400 "GET /static/css/theme.css HTTP/1.1" 200 82072
INFO 2026-05-18 11:13:16,499 log 20936 12228 "GET /static/images/profile/user-1.jpg HTTP/1.1" 200 30954
INFO 2026-05-18 11:13:16,500 log 20936 3400 "GET /static/js/vendor.min.js HTTP/1.1" 200 87444
INFO 2026-05-18 11:13:16,521 log 20936 3400 "GET /static/js/theme/app.init.js HTTP/1.1" 200 370
INFO 2026-05-18 11:13:16,521 log 20936 12228 "GET /static/js/theme/app.min.js HTTP/1.1" 200 12818
INFO 2026-05-18 11:13:16,534 log 20936 12228 "GET /static/js/theme.js HTTP/1.1" 200 432
INFO 2026-05-18 11:13:16,535 log 20936 3400 "GET /static/libs/simplebar/dist/simplebar.min.js HTTP/1.1" 200 27518
WARNING 2026-05-18 11:13:16,540 log 20936 3400 "GET /static/js/libs/%40preline/input-number/index.js HTTP/1.1" 404 2041
INFO 2026-05-18 11:13:16,542 log 20936 12228 "GET /static/libs/preline/dist/preline.js HTTP/1.1" 200 363204
WARNING 2026-05-18 11:13:16,547 log 20936 12228 "GET /static/js/libs/%40preline/tooltip/index.js HTTP/1.1" 404 2026
WARNING 2026-05-18 11:13:16,806 log 20936 26704 "GET /static/js/libs/%40preline/stepper/index.js HTTP/1.1" 404 2026
WARNING 2026-05-18 11:13:16,806 log 20936 5760 "GET /static/js/libs/owl.carousel/dist/owl.carousel.min.js HTTP/1.1" 404 2062
WARNING 2026-05-18 11:13:16,833 log 20936 8260 "GET /static/js/libs/apexcharts/dist/apexcharts.min.js HTTP/1.1" 404 2050
INFO 2026-05-18 11:13:16,837 log 20936 17380 "GET /static/js/dashboards/dashboard.js HTTP/1.1" 200 5546
INFO 2026-05-18 11:13:16,858 log 20936 17380 "GET /static/images/logos/favicon.png HTTP/1.1" 200 1045
WARNING 2026-05-18 11:13:17,304 log 20936 5184 "GET /static/js/libs/%40preline/input-number/index.js HTTP/1.1" 404 2041
WARNING 2026-05-18 11:13:17,536 log 20936 9580 "GET /static/js/libs/%40preline/tooltip/index.js HTTP/1.1" 404 2026
WARNING 2026-05-18 11:13:17,546 log 20936 9700 "GET /static/js/libs/owl.carousel/dist/owl.carousel.min.js HTTP/1.1" 404 2062
WARNING 2026-05-18 11:13:17,547 log 20936 6884 "GET /static/js/libs/apexcharts/dist/apexcharts.min.js HTTP/1.1" 404 2050
WARNING 2026-05-18 11:13:17,547 log 20936 20592 "GET /static/js/libs/%40preline/stepper/index.js HTTP/1.1" 404 2026
INFO 2026-05-18 11:13:25,737 log 20936 17380 "GET /dashboard/ HTTP/1.1" 200 20854
INFO 2026-05-18 11:13:25,782 log 20936 9688 "GET /static/libs/owl.carousel/dist/assets/owl.carousel.min.css HTTP/1.1" 200 3351
INFO 2026-05-18 11:13:25,782 log 20936 17380 "GET /static/css/theme.css HTTP/1.1" 200 82072
INFO 2026-05-18 11:13:25,785 log 20936 9688 "GET /static/images/profile/user-1.jpg HTTP/1.1" 200 30954
INFO 2026-05-18 11:13:25,786 log 20936 17380 "GET /static/js/vendor.min.js HTTP/1.1" 200 87444
INFO 2026-05-18 11:13:25,797 log 20936 17380 "GET /static/js/theme/app.init.js HTTP/1.1" 200 370
INFO 2026-05-18 11:13:25,799 log 20936 9688 "GET /static/js/theme/app.min.js HTTP/1.1" 200 12818
INFO 2026-05-18 11:13:25,813 log 20936 17380 "GET /static/js/theme.js HTTP/1.1" 200 432
INFO 2026-05-18 11:13:25,814 log 20936 9688 "GET /static/libs/simplebar/dist/simplebar.min.js HTTP/1.1" 200 27518
WARNING 2026-05-18 11:13:25,822 log 20936 9688 "GET /static/js/libs/%40preline/input-number/index.js HTTP/1.1" 404 2041
INFO 2026-05-18 11:13:25,824 log 20936 17380 "GET /static/libs/preline/dist/preline.js HTTP/1.1" 200 363204
WARNING 2026-05-18 11:13:25,830 log 20936 17380 "GET /static/js/libs/%40preline/tooltip/index.js HTTP/1.1" 404 2026
WARNING 2026-05-18 11:13:26,115 log 20936 28100 "GET /static/js/libs/%40preline/stepper/index.js HTTP/1.1" 404 2026
WARNING 2026-05-18 11:13:26,116 log 20936 28096 "GET /static/js/libs/owl.carousel/dist/owl.carousel.min.js HTTP/1.1" 404 2062
WARNING 2026-05-18 11:13:26,131 log 20936 28536 "GET /static/js/libs/apexcharts/dist/apexcharts.min.js HTTP/1.1" 404 2050
INFO 2026-05-18 11:13:26,133 log 20936 27600 "GET /static/js/dashboards/dashboard.js HTTP/1.1" 200 5546
INFO 2026-05-18 11:13:26,173 log 20936 27600 "GET /static/images/logos/favicon.png HTTP/1.1" 200 1045
WARNING 2026-05-18 11:13:26,410 log 20936 9096 "GET /static/js/libs/%40preline/input-number/index.js HTTP/1.1" 404 2041
WARNING 2026-05-18 11:13:26,711 log 20936 24184 "GET /static/js/libs/%40preline/tooltip/index.js HTTP/1.1" 404 2026
WARNING 2026-05-18 11:13:26,721 log 20936 3628 "GET /static/js/libs/%40preline/stepper/index.js HTTP/1.1" 404 2026
WARNING 2026-05-18 11:13:26,988 log 20936 26916 "GET /static/js/libs/owl.carousel/dist/owl.carousel.min.js HTTP/1.1" 404 2062
WARNING 2026-05-18 11:13:27,953 log 20936 28016 "GET /static/js/libs/apexcharts/dist/apexcharts.min.js HTTP/1.1" 404 2050
INFO 2026-05-18 11:13:41,803 log 20936 27600 "GET /dashboard/ HTTP/1.1" 200 20878
INFO 2026-05-18 11:13:41,852 log 20936 14352 "GET /static/libs/owl.carousel/dist/assets/owl.carousel.min.css HTTP/1.1" 200 3351
INFO 2026-05-18 11:13:41,855 log 20936 27600 "GET /static/css/theme.css HTTP/1.1" 200 82072
INFO 2026-05-18 11:13:41,858 log 20936 14352 "GET /static/images/profile/user-1.jpg HTTP/1.1" 200 30954
INFO 2026-05-18 11:13:41,859 log 20936 27600 "GET /static/js/vendor.min.js HTTP/1.1" 200 87444
INFO 2026-05-18 11:13:41,873 log 20936 27600 "GET /static/js/theme/app.init.js HTTP/1.1" 200 370
INFO 2026-05-18 11:13:41,874 log 20936 14352 "GET /static/js/theme/app.min.js HTTP/1.1" 200 12818
INFO 2026-05-18 11:13:41,887 log 20936 14352 "GET /static/js/theme.js HTTP/1.1" 200 432
INFO 2026-05-18 11:13:41,888 log 20936 27600 "GET /static/libs/simplebar/dist/simplebar.min.js HTTP/1.1" 200 27518
WARNING 2026-05-18 11:13:41,893 log 20936 27600 "GET /static/js/libs/%40preline/input-number/index.js HTTP/1.1" 404 2041
INFO 2026-05-18 11:13:41,895 log 20936 14352 "GET /static/libs/preline/dist/preline.js HTTP/1.1" 200 363204
WARNING 2026-05-18 11:13:41,900 log 20936 14352 "GET /static/js/libs/%40preline/tooltip/index.js HTTP/1.1" 404 2026
WARNING 2026-05-18 11:13:42,178 log 20936 1456 "GET /static/js/libs/owl.carousel/dist/owl.carousel.min.js HTTP/1.1" 404 2062
WARNING 2026-05-18 11:13:42,178 log 20936 5976 "GET /static/js/libs/%40preline/stepper/index.js HTTP/1.1" 404 2026
WARNING 2026-05-18 11:13:42,201 log 20936 27136 "GET /static/js/libs/apexcharts/dist/apexcharts.min.js HTTP/1.1" 404 2050
INFO 2026-05-18 11:13:42,203 log 20936 28180 "GET /static/js/dashboards/dashboard.js HTTP/1.1" 200 5546
INFO 2026-05-18 11:13:42,243 log 20936 28180 "GET /static/images/logos/favicon.png HTTP/1.1" 200 1045
WARNING 2026-05-18 11:13:42,457 log 20936 12704 "GET /static/js/libs/%40preline/input-number/index.js HTTP/1.1" 404 2041
WARNING 2026-05-18 11:13:42,761 log 20936 9436 "GET /static/js/libs/%40preline/tooltip/index.js HTTP/1.1" 404 2026
WARNING 2026-05-18 11:13:43,724 log 20936 27588 "GET /static/js/libs/owl.carousel/dist/owl.carousel.min.js HTTP/1.1" 404 2062
WARNING 2026-05-18 11:13:43,901 log 20936 1788 "GET /static/js/libs/apexcharts/dist/apexcharts.min.js HTTP/1.1" 404 2050
WARNING 2026-05-18 11:13:43,902 log 20936 14424 "GET /static/js/libs/%40preline/stepper/index.js HTTP/1.1" 404 2026
INFO 2026-05-18 11:14:09,093 log 20936 28180 "GET /dashboard/ HTTP/1.1" 200 20875
INFO 2026-05-18 11:14:09,125 log 20936 27012 "GET /static/libs/owl.carousel/dist/assets/owl.carousel.min.css HTTP/1.1" 200 3351
INFO 2026-05-18 11:14:09,126 log 20936 28180 "GET /static/css/theme.css HTTP/1.1" 200 82072
INFO 2026-05-18 11:14:09,129 log 20936 27012 "GET /static/images/profile/user-1.jpg HTTP/1.1" 200 30954
INFO 2026-05-18 11:14:09,130 log 20936 28180 "GET /static/js/vendor.min.js HTTP/1.1" 200 87444
INFO 2026-05-18 11:14:09,152 log 20936 28180 "GET /static/js/theme/app.init.js HTTP/1.1" 200 370
INFO 2026-05-18 11:14:09,153 log 20936 27012 "GET /static/js/theme/app.min.js HTTP/1.1" 200 12818
INFO 2026-05-18 11:14:09,155 log 20936 28180 "GET /static/js/theme.js HTTP/1.1" 200 432
INFO 2026-05-18 11:14:09,156 log 20936 27012 "GET /static/libs/simplebar/dist/simplebar.min.js HTTP/1.1" 200 27518
WARNING 2026-05-18 11:14:09,161 log 20936 27012 "GET /static/js/libs/%40preline/input-number/index.js HTTP/1.1" 404 2041
INFO 2026-05-18 11:14:09,164 log 20936 28180 "GET /static/libs/preline/dist/preline.js HTTP/1.1" 200 363204
WARNING 2026-05-18 11:14:09,171 log 20936 28180 "GET /static/js/libs/%40preline/tooltip/index.js HTTP/1.1" 404 2026
WARNING 2026-05-18 11:14:09,443 log 20936 9564 "GET /static/js/libs/%40preline/stepper/index.js HTTP/1.1" 404 2026
WARNING 2026-05-18 11:14:09,443 log 20936 12536 "GET /static/js/libs/owl.carousel/dist/owl.carousel.min.js HTTP/1.1" 404 2062
WARNING 2026-05-18 11:14:09,473 log 20936 12236 "GET /static/js/libs/apexcharts/dist/apexcharts.min.js HTTP/1.1" 404 2050
INFO 2026-05-18 11:14:09,477 log 20936 16624 "GET /static/js/dashboards/dashboard.js HTTP/1.1" 200 5546
INFO 2026-05-18 11:14:09,516 log 20936 16624 "GET /static/images/logoSample.png HTTP/1.1" 200 38769
WARNING 2026-05-18 11:14:09,828 log 20936 18260 "GET /static/js/libs/%40preline/input-number/index.js HTTP/1.1" 404 2041
WARNING 2026-05-18 11:14:10,424 log 20936 27576 "GET /static/js/libs/%40preline/tooltip/index.js HTTP/1.1" 404 2026
WARNING 2026-05-18 11:14:10,872 log 20936 26376 "GET /static/js/libs/%40preline/stepper/index.js HTTP/1.1" 404 2026
WARNING 2026-05-18 11:14:11,357 log 20936 2636 "GET /static/js/libs/owl.carousel/dist/owl.carousel.min.js HTTP/1.1" 404 2062
WARNING 2026-05-18 11:14:11,357 log 20936 27672 "GET /static/js/libs/apexcharts/dist/apexcharts.min.js HTTP/1.1" 404 2050
INFO 2026-05-18 11:14:33,765 log 20936 16624 "GET /dashboard/ HTTP/1.1" 200 20507
INFO 2026-05-18 11:14:33,814 log 20936 4336 "GET /static/libs/owl.carousel/dist/assets/owl.carousel.min.css HTTP/1.1" 200 3351
INFO 2026-05-18 11:14:33,817 log 20936 16624 "GET /static/css/theme.css HTTP/1.1" 200 82072
INFO 2026-05-18 11:14:33,820 log 20936 4336 "GET /static/images/profile/user-1.jpg HTTP/1.1" 200 30954
INFO 2026-05-18 11:14:33,822 log 20936 16624 "GET /static/js/vendor.min.js HTTP/1.1" 200 87444
INFO 2026-05-18 11:14:33,837 log 20936 16624 "GET /static/js/theme/app.init.js HTTP/1.1" 200 370
INFO 2026-05-18 11:14:33,838 log 20936 4336 "GET /static/js/theme/app.min.js HTTP/1.1" 200 12818
INFO 2026-05-18 11:14:33,843 log 20936 16624 "GET /static/js/theme.js HTTP/1.1" 200 432
INFO 2026-05-18 11:14:33,843 log 20936 4336 "GET /static/libs/simplebar/dist/simplebar.min.js HTTP/1.1" 200 27518
WARNING 2026-05-18 11:14:33,849 log 20936 4336 "GET /static/js/libs/%40preline/input-number/index.js HTTP/1.1" 404 2041
INFO 2026-05-18 11:14:33,852 log 20936 16624 "GET /static/libs/preline/dist/preline.js HTTP/1.1" 200 363204
WARNING 2026-05-18 11:14:33,859 log 20936 16624 "GET /static/js/libs/%40preline/tooltip/index.js HTTP/1.1" 404 2026
WARNING 2026-05-18 11:14:34,133 log 20936 27752 "GET /static/js/libs/owl.carousel/dist/owl.carousel.min.js HTTP/1.1" 404 2062
WARNING 2026-05-18 11:14:34,133 log 20936 28548 "GET /static/js/libs/%40preline/stepper/index.js HTTP/1.1" 404 2026
WARNING 2026-05-18 11:14:34,148 log 20936 13296 "GET /static/js/libs/apexcharts/dist/apexcharts.min.js HTTP/1.1" 404 2050
INFO 2026-05-18 11:14:34,149 log 20936 18840 "GET /static/js/dashboards/dashboard.js HTTP/1.1" 200 5546
INFO 2026-05-18 11:14:34,186 log 20936 18840 "GET /static/images/logoSample.png HTTP/1.1" 200 38769
WARNING 2026-05-18 11:14:34,398 log 20936 19800 "GET /static/js/libs/%40preline/input-number/index.js HTTP/1.1" 404 2041
WARNING 2026-05-18 11:14:34,743 log 20936 9832 "GET /static/js/libs/owl.carousel/dist/owl.carousel.min.js HTTP/1.1" 404 2062
WARNING 2026-05-18 11:14:34,744 log 20936 8004 "GET /static/js/libs/%40preline/tooltip/index.js HTTP/1.1" 404 2026
WARNING 2026-05-18 11:14:34,744 log 20936 26116 "GET /static/js/libs/%40preline/stepper/index.js HTTP/1.1" 404 2026
WARNING 2026-05-18 11:14:34,744 log 20936 28540 "GET /static/js/libs/apexcharts/dist/apexcharts.min.js HTTP/1.1" 404 2050
INFO 2026-05-18 11:14:46,999 log 20936 18840 "GET /dashboard/ HTTP/1.1" 200 20507
WARNING 2026-05-18 11:14:47,038 log 20936 18840 "GET /static/js/libs/%40preline/input-number/index.js HTTP/1.1" 404 2041
WARNING 2026-05-18 11:14:47,046 log 20936 27772 "GET /static/js/libs/%40preline/tooltip/index.js HTTP/1.1" 404 2026
WARNING 2026-05-18 11:14:47,390 log 20936 26456 "GET /static/js/libs/owl.carousel/dist/owl.carousel.min.js HTTP/1.1" 404 2062
WARNING 2026-05-18 11:14:47,399 log 20936 28568 "GET /static/js/libs/%40preline/tooltip/index.js HTTP/1.1" 404 2026
WARNING 2026-05-18 11:14:47,400 log 20936 3588 "GET /static/js/libs/%40preline/stepper/index.js HTTP/1.1" 404 2026
WARNING 2026-05-18 11:14:47,400 log 20936 27224 "GET /static/js/libs/%40preline/input-number/index.js HTTP/1.1" 404 2041
WARNING 2026-05-18 11:14:47,400 log 20936 18332 "GET /static/js/libs/apexcharts/dist/apexcharts.min.js HTTP/1.1" 404 2050
WARNING 2026-05-18 11:14:48,292 log 20936 27848 "GET /static/js/libs/owl.carousel/dist/owl.carousel.min.js HTTP/1.1" 404 2062
WARNING 2026-05-18 11:14:48,611 log 20936 26812 "GET /static/js/libs/%40preline/stepper/index.js HTTP/1.1" 404 2026
WARNING 2026-05-18 11:14:48,611 log 20936 18220 "GET /static/js/libs/apexcharts/dist/apexcharts.min.js HTTP/1.1" 404 2050
INFO 2026-05-18 11:16:31,552 log 20936 13212 "GET / HTTP/1.1" 200 26515
INFO 2026-05-18 11:18:08,809 log 20936 13212 "GET /dashboard/ HTTP/1.1" 200 21000
INFO 2026-05-18 11:18:08,858 log 20936 13212 "GET /static/css/theme.css HTTP/1.1" 200 82072
INFO 2026-05-18 11:18:08,860 log 20936 13212 "GET /static/libs/owl.carousel/dist/assets/owl.carousel.min.css HTTP/1.1" 200 3351
INFO 2026-05-18 11:18:08,863 log 20936 13212 "GET /static/images/profile/user-1.jpg HTTP/1.1" 200 30954
INFO 2026-05-18 11:18:08,865 log 20936 13212 "GET /static/js/vendor.min.js HTTP/1.1" 200 87444
INFO 2026-05-18 11:18:08,998 log 20936 13212 "GET /static/js/theme/app.init.js HTTP/1.1" 200 370
INFO 2026-05-18 11:18:09,001 log 20936 13212 "GET /static/js/theme/app.min.js HTTP/1.1" 200 12818
INFO 2026-05-18 11:18:09,002 log 20936 13212 "GET /static/js/theme.js HTTP/1.1" 200 432
INFO 2026-05-18 11:18:09,004 log 20936 13212 "GET /static/libs/simplebar/dist/simplebar.min.js HTTP/1.1" 200 27518
INFO 2026-05-18 11:18:09,008 log 20936 13212 "GET /static/libs/preline/dist/preline.js HTTP/1.1" 200 363204
WARNING 2026-05-18 11:18:09,014 log 20936 13212 "GET /static/js/libs/%40preline/input-number/index.js HTTP/1.1" 404 2041
WARNING 2026-05-18 11:18:09,106 log 20936 23900 "GET /static/js/libs/%40preline/tooltip/index.js HTTP/1.1" 404 2026
WARNING 2026-05-18 11:18:09,168 log 20936 23592 "GET /static/js/libs/%40preline/stepper/index.js HTTP/1.1" 404 2026
WARNING 2026-05-18 11:18:09,169 log 20936 22312 "GET /static/js/libs/owl.carousel/dist/owl.carousel.min.js HTTP/1.1" 404 2062
WARNING 2026-05-18 11:18:09,321 log 20936 16824 "GET /static/js/libs/apexcharts/dist/apexcharts.min.js HTTP/1.1" 404 2050
INFO 2026-05-18 11:18:09,322 log 20936 10768 "GET /static/js/dashboards/dashboard.js HTTP/1.1" 200 5546
INFO 2026-05-18 11:18:09,359 log 20936 10768 "GET /static/images/logoSample.png HTTP/1.1" 200 38769
WARNING 2026-05-18 11:18:09,801 log 20936 4836 "GET /static/js/libs/%40preline/input-number/index.js HTTP/1.1" 404 2041
WARNING 2026-05-18 11:18:09,802 log 20936 14676 "GET /static/js/libs/%40preline/tooltip/index.js HTTP/1.1" 404 2026
WARNING 2026-05-18 11:18:10,739 log 20936 2120 "GET /static/js/libs/%40preline/stepper/index.js HTTP/1.1" 404 2026
WARNING 2026-05-18 11:18:11,052 log 20936 27104 "GET /static/js/libs/owl.carousel/dist/owl.carousel.min.js HTTP/1.1" 404 2062
WARNING 2026-05-18 11:18:11,052 log 20936 9344 "GET /static/js/libs/apexcharts/dist/apexcharts.min.js HTTP/1.1" 404 2050
INFO 2026-05-18 11:20:47,275 log 20936 10768 "GET /dashboard/ HTTP/1.1" 200 26011
INFO 2026-05-18 11:20:47,321 log 20936 10768 "GET /static/css/theme.css HTTP/1.1" 200 82072
INFO 2026-05-18 11:20:47,323 log 20936 10768 "GET /static/libs/owl.carousel/dist/assets/owl.carousel.min.css HTTP/1.1" 200 3351
INFO 2026-05-18 11:20:47,324 log 20936 10768 "GET /static/images/profile/user-1.jpg HTTP/1.1" 200 30954
INFO 2026-05-18 11:20:47,326 log 20936 10768 "GET /static/js/vendor.min.js HTTP/1.1" 200 87444
INFO 2026-05-18 11:20:47,454 log 20936 10768 "GET /static/js/theme/app.init.js HTTP/1.1" 200 370
INFO 2026-05-18 11:20:47,457 log 20936 10768 "GET /static/js/theme/app.min.js HTTP/1.1" 200 12818
INFO 2026-05-18 11:20:47,459 log 20936 10768 "GET /static/js/theme.js HTTP/1.1" 200 432
INFO 2026-05-18 11:20:47,461 log 20936 10768 "GET /static/libs/simplebar/dist/simplebar.min.js HTTP/1.1" 200 27518
INFO 2026-05-18 11:20:47,465 log 20936 10768 "GET /static/libs/preline/dist/preline.js HTTP/1.1" 200 363204
WARNING 2026-05-18 11:20:47,470 log 20936 10768 "GET /static/js/libs/%40preline/input-number/index.js HTTP/1.1" 404 2041
WARNING 2026-05-18 11:20:47,576 log 20936 28536 "GET /static/js/libs/%40preline/tooltip/index.js HTTP/1.1" 404 2026
WARNING 2026-05-18 11:20:47,633 log 20936 3304 "GET /static/js/libs/%40preline/stepper/index.js HTTP/1.1" 404 2026
WARNING 2026-05-18 11:20:47,633 log 20936 15576 "GET /static/js/libs/owl.carousel/dist/owl.carousel.min.js HTTP/1.1" 404 2062
WARNING 2026-05-18 11:20:47,766 log 20936 19484 "GET /static/js/libs/apexcharts/dist/apexcharts.min.js HTTP/1.1" 404 2050
INFO 2026-05-18 11:20:47,767 log 20936 28396 "GET /static/js/dashboards/dashboard.js HTTP/1.1" 200 5546
INFO 2026-05-18 11:20:47,813 log 20936 28396 "GET /static/images/logoSample.png HTTP/1.1" 200 38769
WARNING 2026-05-18 11:20:48,301 log 20936 13272 "GET /static/js/libs/%40preline/input-number/index.js HTTP/1.1" 404 2041
WARNING 2026-05-18 11:20:49,127 log 20936 27000 "GET /static/js/libs/%40preline/tooltip/index.js HTTP/1.1" 404 2026
WARNING 2026-05-18 11:20:49,450 log 20936 27724 "GET /static/js/libs/%40preline/stepper/index.js HTTP/1.1" 404 2026
WARNING 2026-05-18 11:20:49,451 log 20936 1888 "GET /static/js/libs/owl.carousel/dist/owl.carousel.min.js HTTP/1.1" 404 2062
WARNING 2026-05-18 11:20:49,615 log 20936 27400 "GET /static/js/libs/apexcharts/dist/apexcharts.min.js HTTP/1.1" 404 2050
INFO 2026-05-18 11:21:24,869 log 20936 28396 "GET /dashboard/ HTTP/1.1" 200 24300
INFO 2026-05-18 11:21:24,908 log 20936 28396 "GET /static/css/theme.css HTTP/1.1" 200 82072
INFO 2026-05-18 11:21:24,910 log 20936 28396 "GET /static/libs/owl.carousel/dist/assets/owl.carousel.min.css HTTP/1.1" 200 3351
INFO 2026-05-18 11:21:24,913 log 20936 28396 "GET /static/images/profile/user-1.jpg HTTP/1.1" 200 30954
INFO 2026-05-18 11:21:24,917 log 20936 28396 "GET /static/js/vendor.min.js HTTP/1.1" 200 87444
INFO 2026-05-18 11:21:24,935 log 20936 28396 "GET /static/js/theme/app.init.js HTTP/1.1" 200 370
INFO 2026-05-18 11:21:24,939 log 20936 28396 "GET /static/js/theme/app.min.js HTTP/1.1" 200 12818
INFO 2026-05-18 11:21:24,941 log 20936 28396 "GET /static/js/theme.js HTTP/1.1" 200 432
INFO 2026-05-18 11:21:24,945 log 20936 28396 "GET /static/libs/simplebar/dist/simplebar.min.js HTTP/1.1" 200 27518
INFO 2026-05-18 11:21:24,952 log 20936 28396 "GET /static/libs/preline/dist/preline.js HTTP/1.1" 200 363204
WARNING 2026-05-18 11:21:24,959 log 20936 28396 "GET /static/js/libs/%40preline/input-number/index.js HTTP/1.1" 404 2041
WARNING 2026-05-18 11:21:25,175 log 20936 7148 "GET /static/js/libs/%40preline/tooltip/index.js HTTP/1.1" 404 2026
WARNING 2026-05-18 11:21:25,233 log 20936 3156 "GET /static/js/libs/%40preline/stepper/index.js HTTP/1.1" 404 2026
WARNING 2026-05-18 11:21:25,234 log 20936 15120 "GET /static/js/libs/owl.carousel/dist/owl.carousel.min.js HTTP/1.1" 404 2062
WARNING 2026-05-18 11:21:25,244 log 20936 7712 "GET /static/js/libs/apexcharts/dist/apexcharts.min.js HTTP/1.1" 404 2050
INFO 2026-05-18 11:21:25,246 log 20936 17164 "GET /static/js/dashboards/dashboard.js HTTP/1.1" 200 5546
INFO 2026-05-18 11:21:25,300 log 20936 17164 "GET /static/images/logoSample.png HTTP/1.1" 200 38769
WARNING 2026-05-18 11:21:25,746 log 20936 7120 "GET /static/js/libs/%40preline/input-number/index.js HTTP/1.1" 404 2041
WARNING 2026-05-18 11:21:26,376 log 20936 16796 "GET /static/js/libs/%40preline/tooltip/index.js HTTP/1.1" 404 2026
WARNING 2026-05-18 11:21:26,681 log 20936 27196 "GET /static/js/libs/%40preline/stepper/index.js HTTP/1.1" 404 2026
WARNING 2026-05-18 11:21:26,873 log 20936 19368 "GET /static/js/libs/owl.carousel/dist/owl.carousel.min.js HTTP/1.1" 404 2062
WARNING 2026-05-18 11:21:26,873 log 20936 13212 "GET /static/js/libs/apexcharts/dist/apexcharts.min.js HTTP/1.1" 404 2050
INFO 2026-05-18 11:21:36,459 log 20936 17164 "GET /dashboard/ HTTP/1.1" 200 24290
INFO 2026-05-18 11:21:36,506 log 20936 17164 "GET /static/css/theme.css HTTP/1.1" 200 82072
INFO 2026-05-18 11:21:36,511 log 20936 17164 "GET /static/libs/owl.carousel/dist/assets/owl.carousel.min.css HTTP/1.1" 200 3351
INFO 2026-05-18 11:21:36,515 log 20936 17164 "GET /static/images/profile/user-1.jpg HTTP/1.1" 200 30954
INFO 2026-05-18 11:21:36,520 log 20936 17164 "GET /static/js/vendor.min.js HTTP/1.1" 200 87444
INFO 2026-05-18 11:21:36,530 log 20936 17164 "GET /static/js/theme/app.init.js HTTP/1.1" 200 370
INFO 2026-05-18 11:21:36,537 log 20936 17164 "GET /static/js/theme/app.min.js HTTP/1.1" 200 12818
INFO 2026-05-18 11:21:36,544 log 20936 17164 "GET /static/js/theme.js HTTP/1.1" 200 432
INFO 2026-05-18 11:21:36,551 log 20936 17164 "GET /static/libs/simplebar/dist/simplebar.min.js HTTP/1.1" 200 27518
INFO 2026-05-18 11:21:36,557 log 20936 17164 "GET /static/libs/preline/dist/preline.js HTTP/1.1" 200 363204
WARNING 2026-05-18 11:21:36,586 log 20936 17164 "GET /static/js/libs/%40preline/input-number/index.js HTTP/1.1" 404 2041
WARNING 2026-05-18 11:21:36,757 log 20936 27752 "GET /static/js/libs/%40preline/tooltip/index.js HTTP/1.1" 404 2026
WARNING 2026-05-18 11:21:36,821 log 20936 28292 "GET /static/js/libs/owl.carousel/dist/owl.carousel.min.js HTTP/1.1" 404 2062
WARNING 2026-05-18 11:21:36,821 log 20936 744 "GET /static/js/libs/%40preline/stepper/index.js HTTP/1.1" 404 2026
WARNING 2026-05-18 11:21:36,830 log 20936 28212 "GET /static/js/libs/apexcharts/dist/apexcharts.min.js HTTP/1.1" 404 2050
INFO 2026-05-18 11:21:36,830 log 20936 15636 "GET /static/js/dashboards/dashboard.js HTTP/1.1" 200 5546
INFO 2026-05-18 11:21:36,857 log 20936 15636 "GET /static/images/logoSample.png HTTP/1.1" 200 38769
WARNING 2026-05-18 11:21:38,097 log 20936 27048 "GET /static/js/libs/%40preline/input-number/index.js HTTP/1.1" 404 2041
WARNING 2026-05-18 11:21:38,446 log 20936 27372 "GET /static/js/libs/%40preline/tooltip/index.js HTTP/1.1" 404 2026
WARNING 2026-05-18 11:21:38,909 log 20936 12476 "GET /static/js/libs/%40preline/stepper/index.js HTTP/1.1" 404 2026
WARNING 2026-05-18 11:21:38,913 log 20936 26720 "GET /static/js/libs/owl.carousel/dist/owl.carousel.min.js HTTP/1.1" 404 2062
WARNING 2026-05-18 11:21:38,914 log 20936 18840 "GET /static/js/libs/apexcharts/dist/apexcharts.min.js HTTP/1.1" 404 2050
INFO 2026-05-18 11:22:26,801 log 20936 15636 "GET /dashboard/ HTTP/1.1" 200 24244
INFO 2026-05-18 11:22:26,833 log 20936 15636 "GET /static/css/theme.css HTTP/1.1" 200 82072
INFO 2026-05-18 11:22:26,836 log 20936 15636 "GET /static/libs/owl.carousel/dist/assets/owl.carousel.min.css HTTP/1.1" 200 3351
INFO 2026-05-18 11:22:26,838 log 20936 15636 "GET /static/images/profile/user-1.jpg HTTP/1.1" 200 30954
INFO 2026-05-18 11:22:26,840 log 20936 15636 "GET /static/js/vendor.min.js HTTP/1.1" 200 87444
INFO 2026-05-18 11:22:26,862 log 20936 15636 "GET /static/js/theme/app.init.js HTTP/1.1" 200 370
INFO 2026-05-18 11:22:26,865 log 20936 15636 "GET /static/js/theme/app.min.js HTTP/1.1" 200 12818
INFO 2026-05-18 11:22:26,867 log 20936 15636 "GET /static/js/theme.js HTTP/1.1" 200 432
INFO 2026-05-18 11:22:26,869 log 20936 15636 "GET /static/libs/simplebar/dist/simplebar.min.js HTTP/1.1" 200 27518
INFO 2026-05-18 11:22:26,872 log 20936 15636 "GET /static/libs/preline/dist/preline.js HTTP/1.1" 200 363204
WARNING 2026-05-18 11:22:26,878 log 20936 15636 "GET /static/js/libs/%40preline/input-number/index.js HTTP/1.1" 404 2041
WARNING 2026-05-18 11:22:27,105 log 20936 18776 "GET /static/js/libs/%40preline/tooltip/index.js HTTP/1.1" 404 2026
WARNING 2026-05-18 11:22:27,148 log 20936 4868 "GET /static/js/libs/%40preline/stepper/index.js HTTP/1.1" 404 2026
WARNING 2026-05-18 11:22:27,148 log 20936 26396 "GET /static/js/libs/owl.carousel/dist/owl.carousel.min.js HTTP/1.1" 404 2062
WARNING 2026-05-18 11:22:27,175 log 20936 25932 "GET /static/js/libs/apexcharts/dist/apexcharts.min.js HTTP/1.1" 404 2050
INFO 2026-05-18 11:22:27,177 log 20936 21084 "GET /static/js/dashboards/dashboard.js HTTP/1.1" 200 5546
INFO 2026-05-18 11:22:27,236 log 20936 21084 "GET /static/images/logoSample.png HTTP/1.1" 200 38769
WARNING 2026-05-18 11:22:27,281 log 20936 3588 "GET /static/js/libs/%40preline/input-number/index.js HTTP/1.1" 404 2041
WARNING 2026-05-18 11:22:27,592 log 20936 15292 "GET /static/js/libs/%40preline/stepper/index.js HTTP/1.1" 404 2026
WARNING 2026-05-18 11:22:27,593 log 20936 28528 "GET /static/js/libs/%40preline/tooltip/index.js HTTP/1.1" 404 2026
WARNING 2026-05-18 11:22:28,733 log 20936 23540 "GET /static/js/libs/apexcharts/dist/apexcharts.min.js HTTP/1.1" 404 2050
WARNING 2026-05-18 11:22:28,733 log 20936 28012 "GET /static/js/libs/owl.carousel/dist/owl.carousel.min.js HTTP/1.1" 404 2062
INFO 2026-05-18 11:25:38,180 log 20936 21084 "GET /dashboard/ HTTP/1.1" 200 26497
INFO 2026-05-18 11:25:38,239 log 20936 21084 "GET /static/css/theme.css HTTP/1.1" 200 82072
INFO 2026-05-18 11:25:38,242 log 20936 21084 "GET /static/libs/owl.carousel/dist/assets/owl.carousel.min.css HTTP/1.1" 200 3351
INFO 2026-05-18 11:25:38,245 log 20936 21084 "GET /static/images/profile/user-1.jpg HTTP/1.1" 200 30954
INFO 2026-05-18 11:25:38,248 log 20936 21084 "GET /static/js/vendor.min.js HTTP/1.1" 200 87444
INFO 2026-05-18 11:25:38,267 log 20936 21084 "GET /static/js/theme/app.init.js HTTP/1.1" 200 370
INFO 2026-05-18 11:25:38,271 log 20936 21084 "GET /static/js/theme/app.min.js HTTP/1.1" 200 12818
INFO 2026-05-18 11:25:38,273 log 20936 21084 "GET /static/js/theme.js HTTP/1.1" 200 432
INFO 2026-05-18 11:25:38,276 log 20936 21084 "GET /static/libs/simplebar/dist/simplebar.min.js HTTP/1.1" 200 27518
INFO 2026-05-18 11:25:38,281 log 20936 21084 "GET /static/libs/preline/dist/preline.js HTTP/1.1" 200 363204
WARNING 2026-05-18 11:25:38,290 log 20936 21084 "GET /static/js/libs/%40preline/input-number/index.js HTTP/1.1" 404 2041
WARNING 2026-05-18 11:25:38,478 log 20936 25888 "GET /static/js/libs/%40preline/tooltip/index.js HTTP/1.1" 404 2026
WARNING 2026-05-18 11:25:38,559 log 20936 14436 "GET /static/js/libs/%40preline/stepper/index.js HTTP/1.1" 404 2026
WARNING 2026-05-18 11:25:38,560 log 20936 11408 "GET /static/js/libs/owl.carousel/dist/owl.carousel.min.js HTTP/1.1" 404 2062
WARNING 2026-05-18 11:25:38,583 log 20936 4888 "GET /static/js/libs/apexcharts/dist/apexcharts.min.js HTTP/1.1" 404 2050
INFO 2026-05-18 11:25:38,585 log 20936 15900 "GET /static/js/dashboards/dashboard.js HTTP/1.1" 200 5546
INFO 2026-05-18 11:25:38,631 log 20936 15900 "GET /static/images/logoSample.png HTTP/1.1" 200 38769
WARNING 2026-05-18 11:25:39,172 log 20936 13716 "GET /static/js/libs/%40preline/input-number/index.js HTTP/1.1" 404 2041
WARNING 2026-05-18 11:25:39,813 log 20936 27460 "GET /static/js/libs/%40preline/tooltip/index.js HTTP/1.1" 404 2026
WARNING 2026-05-18 11:25:40,137 log 20936 25912 "GET /static/js/libs/%40preline/stepper/index.js HTTP/1.1" 404 2026
WARNING 2026-05-18 11:25:40,137 log 20936 15148 "GET /static/js/libs/owl.carousel/dist/owl.carousel.min.js HTTP/1.1" 404 2062
WARNING 2026-05-18 11:25:40,299 log 20936 26736 "GET /static/js/libs/apexcharts/dist/apexcharts.min.js HTTP/1.1" 404 2050
WARNING 2026-05-18 11:25:51,331 log 20936 15900 Not Found: /settings/
WARNING 2026-05-18 11:25:51,331 log 20936 15900 "GET /settings/ HTTP/1.1" 404 5125
WARNING 2026-05-18 11:25:51,425 log 20936 15900 Not Found: /favicon.ico
WARNING 2026-05-18 11:25:51,425 log 20936 15900 "GET /favicon.ico HTTP/1.1" 404 5131
INFO 2026-05-18 11:29:15,781 log 20936 15900 "GET /dashboard/ HTTP/1.1" 200 28329
WARNING 2026-05-18 11:29:15,825 log 20936 15900 "GET /static/js/libs/%40preline/input-number/index.js HTTP/1.1" 404 2041
WARNING 2026-05-18 11:29:16,087 log 20936 18836 "GET /static/js/libs/%40preline/tooltip/index.js HTTP/1.1" 404 2026
WARNING 2026-05-18 11:29:16,135 log 20936 26972 "GET /static/js/libs/%40preline/input-number/index.js HTTP/1.1" 404 2041
WARNING 2026-05-18 11:29:16,327 log 20936 8116 "GET /static/js/libs/%40preline/stepper/index.js HTTP/1.1" 404 2026
WARNING 2026-05-18 11:29:16,328 log 20936 26776 "GET /static/js/libs/owl.carousel/dist/owl.carousel.min.js HTTP/1.1" 404 2062
WARNING 2026-05-18 11:29:16,328 log 20936 19780 "GET /static/js/libs/apexcharts/dist/apexcharts.min.js HTTP/1.1" 404 2050
WARNING 2026-05-18 11:29:16,406 log 20936 21372 "GET /static/js/libs/%40preline/stepper/index.js HTTP/1.1" 404 2026
WARNING 2026-05-18 11:29:16,406 log 20936 11676 "GET /static/js/libs/%40preline/tooltip/index.js HTTP/1.1" 404 2026
WARNING 2026-05-18 11:29:16,673 log 20936 17292 "GET /static/js/libs/owl.carousel/dist/owl.carousel.min.js HTTP/1.1" 404 2062
WARNING 2026-05-18 11:29:16,674 log 20936 4260 "GET /static/js/libs/apexcharts/dist/apexcharts.min.js HTTP/1.1" 404 2050
INFO 2026-05-18 11:29:18,536 log 20936 21460 "GET /dashboard/ HTTP/1.1" 200 28329
INFO 2026-05-18 11:29:18,587 log 20936 13248 "GET /static/libs/owl.carousel/dist/assets/owl.carousel.min.css HTTP/1.1" 200 3351
INFO 2026-05-18 11:29:18,588 log 20936 21460 "GET /static/css/theme.css HTTP/1.1" 200 82072
INFO 2026-05-18 11:29:18,595 log 20936 13248 "GET /static/images/profile/user-1.jpg HTTP/1.1" 200 30954
INFO 2026-05-18 11:29:18,596 log 20936 21460 "GET /static/js/vendor.min.js HTTP/1.1" 200 87444
INFO 2026-05-18 11:29:18,618 log 20936 13248 "GET /static/js/theme/app.min.js HTTP/1.1" 200 12818
INFO 2026-05-18 11:29:18,619 log 20936 21460 "GET /static/js/theme/app.init.js HTTP/1.1" 200 370
INFO 2026-05-18 11:29:18,626 log 20936 21460 "GET /static/js/theme.js HTTP/1.1" 200 432
INFO 2026-05-18 11:29:18,626 log 20936 13248 "GET /static/libs/simplebar/dist/simplebar.min.js HTTP/1.1" 200 27518
WARNING 2026-05-18 11:29:18,637 log 20936 13248 "GET /static/js/libs/%40preline/input-number/index.js HTTP/1.1" 404 2041
INFO 2026-05-18 11:29:18,640 log 20936 21460 "GET /static/libs/preline/dist/preline.js HTTP/1.1" 200 363204
WARNING 2026-05-18 11:29:18,648 log 20936 21460 "GET /static/js/libs/%40preline/tooltip/index.js HTTP/1.1" 404 2026
WARNING 2026-05-18 11:29:18,803 log 20936 26704 "GET /static/js/libs/%40preline/stepper/index.js HTTP/1.1" 404 2026
WARNING 2026-05-18 11:29:18,892 log 20936 23140 "GET /static/js/libs/owl.carousel/dist/owl.carousel.min.js HTTP/1.1" 404 2062
WARNING 2026-05-18 11:29:18,927 log 20936 27500 "GET /static/js/libs/apexcharts/dist/apexcharts.min.js HTTP/1.1" 404 2050
INFO 2026-05-18 11:29:18,927 log 20936 10752 "GET /static/js/dashboards/dashboard.js HTTP/1.1" 200 5546
INFO 2026-05-18 11:29:18,965 log 20936 10752 "GET /static/images/logoSample.png HTTP/1.1" 200 38769
WARNING 2026-05-18 11:29:21,350 log 20936 11916 "GET /static/js/libs/%40preline/input-number/index.js HTTP/1.1" 404 2041
WARNING 2026-05-18 11:29:21,873 log 20936 28356 "GET /static/js/libs/%40preline/stepper/index.js HTTP/1.1" 404 2026
WARNING 2026-05-18 11:29:21,874 log 20936 26840 "GET /static/js/libs/%40preline/tooltip/index.js HTTP/1.1" 404 2026
WARNING 2026-05-18 11:29:22,303 log 20936 8420 "GET /static/js/libs/owl.carousel/dist/owl.carousel.min.js HTTP/1.1" 404 2062
WARNING 2026-05-18 11:29:22,767 log 20936 28508 "GET /static/js/libs/apexcharts/dist/apexcharts.min.js HTTP/1.1" 404 2050
INFO 2026-05-18 11:31:14,359 log 20936 10752 "GET /dashboard/ HTTP/1.1" 200 26125
WARNING 2026-05-18 11:31:14,412 log 20936 10752 "GET /static/js/libs/%40preline/input-number/index.js HTTP/1.1" 404 2041
WARNING 2026-05-18 11:31:14,659 log 20936 11116 "GET /static/js/libs/%40preline/tooltip/index.js HTTP/1.1" 404 2026
WARNING 2026-05-18 11:31:14,732 log 20936 26936 "GET /static/js/libs/%40preline/input-number/index.js HTTP/1.1" 404 2041
WARNING 2026-05-18 11:31:14,759 log 20936 28536 "GET /static/js/libs/owl.carousel/dist/owl.carousel.min.js HTTP/1.1" 404 2062
WARNING 2026-05-18 11:31:14,759 log 20936 10492 "GET /static/js/libs/apexcharts/dist/apexcharts.min.js HTTP/1.1" 404 2050
WARNING 2026-05-18 11:31:14,759 log 20936 6008 "GET /static/js/libs/%40preline/stepper/index.js HTTP/1.1" 404 2026
WARNING 2026-05-18 11:31:14,972 log 20936 6332 "GET /static/js/libs/%40preline/tooltip/index.js HTTP/1.1" 404 2026
WARNING 2026-05-18 11:31:14,987 log 20936 25912 "GET /static/js/libs/owl.carousel/dist/owl.carousel.min.js HTTP/1.1" 404 2062
WARNING 2026-05-18 11:31:15,091 log 20936 28396 "GET /static/js/libs/apexcharts/dist/apexcharts.min.js HTTP/1.1" 404 2050
WARNING 2026-05-18 11:31:15,092 log 20936 12236 "GET /static/js/libs/%40preline/stepper/index.js HTTP/1.1" 404 2026
INFO 2026-05-18 11:32:15,899 log 20936 25204 "GET /dashboard/ HTTP/1.1" 200 26341
INFO 2026-05-18 11:32:15,945 log 20936 5804 "GET /static/libs/owl.carousel/dist/assets/owl.carousel.min.css HTTP/1.1" 200 3351
INFO 2026-05-18 11:32:15,948 log 20936 25204 "GET /static/css/theme.css HTTP/1.1" 200 82072
INFO 2026-05-18 11:32:15,950 log 20936 5804 "GET /static/images/profile/user-1.jpg HTTP/1.1" 200 30954
INFO 2026-05-18 11:32:15,952 log 20936 25204 "GET /static/js/vendor.min.js HTTP/1.1" 200 87444
INFO 2026-05-18 11:32:15,970 log 20936 25204 "GET /static/js/theme/app.init.js HTTP/1.1" 200 370
INFO 2026-05-18 11:32:15,971 log 20936 5804 "GET /static/js/theme/app.min.js HTTP/1.1" 200 12818
INFO 2026-05-18 11:32:15,974 log 20936 25204 "GET /static/js/theme.js HTTP/1.1" 200 432
INFO 2026-05-18 11:32:15,975 log 20936 5804 "GET /static/libs/simplebar/dist/simplebar.min.js HTTP/1.1" 200 27518
WARNING 2026-05-18 11:32:15,980 log 20936 5804 "GET /static/js/libs/%40preline/input-number/index.js HTTP/1.1" 404 2041
INFO 2026-05-18 11:32:15,982 log 20936 25204 "GET /static/libs/preline/dist/preline.js HTTP/1.1" 200 363204
WARNING 2026-05-18 11:32:15,988 log 20936 25204 "GET /static/js/libs/%40preline/tooltip/index.js HTTP/1.1" 404 2026
WARNING 2026-05-18 11:32:16,142 log 20936 26644 "GET /static/js/libs/%40preline/stepper/index.js HTTP/1.1" 404 2026
WARNING 2026-05-18 11:32:16,262 log 20936 26640 "GET /static/js/libs/owl.carousel/dist/owl.carousel.min.js HTTP/1.1" 404 2062
WARNING 2026-05-18 11:32:16,293 log 20936 26724 "GET /static/js/libs/apexcharts/dist/apexcharts.min.js HTTP/1.1" 404 2050
INFO 2026-05-18 11:32:16,294 log 20936 2864 "GET /static/js/dashboards/dashboard.js HTTP/1.1" 200 5546
INFO 2026-05-18 11:32:16,332 log 20936 2864 "GET /static/images/logoSample.png HTTP/1.1" 200 38769
WARNING 2026-05-18 11:32:17,054 log 20936 25160 "GET /static/js/libs/%40preline/input-number/index.js HTTP/1.1" 404 2041
WARNING 2026-05-18 11:32:17,320 log 20936 27512 "GET /static/js/libs/%40preline/tooltip/index.js HTTP/1.1" 404 2026
WARNING 2026-05-18 11:32:17,320 log 20936 26756 "GET /static/js/libs/%40preline/stepper/index.js HTTP/1.1" 404 2026
WARNING 2026-05-18 11:32:17,845 log 20936 12072 "GET /static/js/libs/owl.carousel/dist/owl.carousel.min.js HTTP/1.1" 404 2062
WARNING 2026-05-18 11:32:18,206 log 20936 2864 Not Found: /contact-us/
WARNING 2026-05-18 11:32:18,206 log 20936 2864 "GET /contact-us/ HTTP/1.1" 404 5131
WARNING 2026-05-18 11:32:18,282 log 20936 2864 Not Found: /favicon.ico
WARNING 2026-05-18 11:32:18,282 log 20936 2864 "GET /favicon.ico HTTP/1.1" 404 5131
WARNING 2026-05-18 11:32:18,346 log 20936 2212 "GET /static/js/libs/apexcharts/dist/apexcharts.min.js HTTP/1.1" 404 2050
INFO 2026-05-18 11:32:38,312 log 20936 2864 "GET /dashboard/ HTTP/1.1" 200 26739
INFO 2026-05-18 11:32:38,368 log 20936 444 "GET /static/libs/owl.carousel/dist/assets/owl.carousel.min.css HTTP/1.1" 200 3351
INFO 2026-05-18 11:32:38,369 log 20936 2864 "GET /static/css/theme.css HTTP/1.1" 200 82072
INFO 2026-05-18 11:32:38,372 log 20936 444 "GET /static/images/profile/user-1.jpg HTTP/1.1" 200 30954
INFO 2026-05-18 11:32:38,372 log 20936 2864 "GET /static/js/vendor.min.js HTTP/1.1" 200 87444
INFO 2026-05-18 11:32:38,384 log 20936 2864 "GET /static/js/theme/app.init.js HTTP/1.1" 200 370
INFO 2026-05-18 11:32:38,386 log 20936 444 "GET /static/js/theme/app.min.js HTTP/1.1" 200 12818
INFO 2026-05-18 11:32:38,388 log 20936 2864 "GET /static/js/theme.js HTTP/1.1" 200 432
INFO 2026-05-18 11:32:38,390 log 20936 444 "GET /static/libs/simplebar/dist/simplebar.min.js HTTP/1.1" 200 27518
WARNING 2026-05-18 11:32:38,400 log 20936 444 "GET /static/js/libs/%40preline/input-number/index.js HTTP/1.1" 404 2041
INFO 2026-05-18 11:32:38,402 log 20936 2864 "GET /static/libs/preline/dist/preline.js HTTP/1.1" 200 363204
WARNING 2026-05-18 11:32:38,410 log 20936 2864 "GET /static/js/libs/%40preline/tooltip/index.js HTTP/1.1" 404 2026
WARNING 2026-05-18 11:32:38,691 log 20936 24904 "GET /static/js/libs/%40preline/stepper/index.js HTTP/1.1" 404 2026
WARNING 2026-05-18 11:32:38,691 log 20936 8912 "GET /static/js/libs/owl.carousel/dist/owl.carousel.min.js HTTP/1.1" 404 2062
WARNING 2026-05-18 11:32:38,699 log 20936 18776 "GET /static/js/libs/apexcharts/dist/apexcharts.min.js HTTP/1.1" 404 2050
INFO 2026-05-18 11:32:38,700 log 20936 26408 "GET /static/js/dashboards/dashboard.js HTTP/1.1" 200 5546
INFO 2026-05-18 11:32:38,732 log 20936 26408 "GET /static/images/logoSample.png HTTP/1.1" 200 38769
WARNING 2026-05-18 11:32:38,968 log 20936 26136 "GET /static/js/libs/%40preline/input-number/index.js HTTP/1.1" 404 2041
WARNING 2026-05-18 11:32:39,573 log 20936 25152 "GET /static/js/libs/%40preline/tooltip/index.js HTTP/1.1" 404 2026
WARNING 2026-05-18 11:32:40,034 log 20936 26952 "GET /static/js/libs/%40preline/stepper/index.js HTTP/1.1" 404 2026
WARNING 2026-05-18 11:32:40,494 log 20936 28332 "GET /static/js/libs/owl.carousel/dist/owl.carousel.min.js HTTP/1.1" 404 2062
WARNING 2026-05-18 11:32:40,495 log 20936 20680 "GET /static/js/libs/apexcharts/dist/apexcharts.min.js HTTP/1.1" 404 2050
INFO 2026-05-18 11:33:38,801 log 20936 26408 "GET /dashboard/ HTTP/1.1" 200 26698
INFO 2026-05-18 11:33:38,857 log 20936 26408 "GET /static/css/theme.css HTTP/1.1" 200 82072
INFO 2026-05-18 11:33:38,859 log 20936 26408 "GET /static/libs/owl.carousel/dist/assets/owl.carousel.min.css HTTP/1.1" 200 3351
INFO 2026-05-18 11:33:38,863 log 20936 26408 "GET /static/images/profile/user-1.jpg HTTP/1.1" 200 30954
INFO 2026-05-18 11:33:38,867 log 20936 26408 "GET /static/js/vendor.min.js HTTP/1.1" 200 87444
INFO 2026-05-18 11:33:38,883 log 20936 26408 "GET /static/js/theme/app.init.js HTTP/1.1" 200 370
INFO 2026-05-18 11:33:38,887 log 20936 26408 "GET /static/js/theme/app.min.js HTTP/1.1" 200 12818
INFO 2026-05-18 11:33:38,889 log 20936 26408 "GET /static/js/theme.js HTTP/1.1" 200 432
INFO 2026-05-18 11:33:38,891 log 20936 26408 "GET /static/libs/simplebar/dist/simplebar.min.js HTTP/1.1" 200 27518
INFO 2026-05-18 11:33:38,895 log 20936 26408 "GET /static/libs/preline/dist/preline.js HTTP/1.1" 200 363204
WARNING 2026-05-18 11:33:38,901 log 20936 26408 "GET /static/js/libs/%40preline/input-number/index.js HTTP/1.1" 404 2041
WARNING 2026-05-18 11:33:39,101 log 20936 11812 "GET /static/js/libs/%40preline/tooltip/index.js HTTP/1.1" 404 2026
WARNING 2026-05-18 11:33:39,176 log 20936 17736 "GET /static/js/libs/%40preline/stepper/index.js HTTP/1.1" 404 2026
WARNING 2026-05-18 11:33:39,177 log 20936 27560 "GET /static/js/libs/owl.carousel/dist/owl.carousel.min.js HTTP/1.1" 404 2062
WARNING 2026-05-18 11:33:39,200 log 20936 25892 "GET /static/js/libs/apexcharts/dist/apexcharts.min.js HTTP/1.1" 404 2050
INFO 2026-05-18 11:33:39,201 log 20936 26852 "GET /static/js/dashboards/dashboard.js HTTP/1.1" 200 5546
INFO 2026-05-18 11:33:39,242 log 20936 26852 "GET /static/images/logoSample.png HTTP/1.1" 200 38769
WARNING 2026-05-18 11:33:39,561 log 20936 28328 "GET /static/js/libs/%40preline/input-number/index.js HTTP/1.1" 404 2041
WARNING 2026-05-18 11:33:40,679 log 20936 20996 "GET /static/js/libs/%40preline/tooltip/index.js HTTP/1.1" 404 2026
WARNING 2026-05-18 11:33:40,679 log 20936 26988 "GET /static/js/libs/owl.carousel/dist/owl.carousel.min.js HTTP/1.1" 404 2062
WARNING 2026-05-18 11:33:40,871 log 20936 13212 "GET /static/js/libs/%40preline/stepper/index.js HTTP/1.1" 404 2026
WARNING 2026-05-18 11:33:40,872 log 20936 18760 "GET /static/js/libs/apexcharts/dist/apexcharts.min.js HTTP/1.1" 404 2050
INFO 2026-05-18 11:34:00,453 log 20936 26852 "GET /dashboard/ HTTP/1.1" 200 26331
INFO 2026-05-18 11:34:00,503 log 20936 26852 "GET /static/css/theme.css HTTP/1.1" 200 82072
INFO 2026-05-18 11:34:00,508 log 20936 26852 "GET /static/libs/owl.carousel/dist/assets/owl.carousel.min.css HTTP/1.1" 200 3351
INFO 2026-05-18 11:34:00,510 log 20936 26852 "GET /static/images/profile/user-1.jpg HTTP/1.1" 200 30954
INFO 2026-05-18 11:34:00,512 log 20936 26852 "GET /static/js/vendor.min.js HTTP/1.1" 200 87444
INFO 2026-05-18 11:34:00,518 log 20936 26852 "GET /static/js/theme/app.init.js HTTP/1.1" 200 370
INFO 2026-05-18 11:34:00,520 log 20936 26852 "GET /static/js/theme/app.min.js HTTP/1.1" 200 12818
INFO 2026-05-18 11:34:00,522 log 20936 26852 "GET /static/js/theme.js HTTP/1.1" 200 432
INFO 2026-05-18 11:34:00,526 log 20936 26852 "GET /static/libs/simplebar/dist/simplebar.min.js HTTP/1.1" 200 27518
INFO 2026-05-18 11:34:00,532 log 20936 26852 "GET /static/libs/preline/dist/preline.js HTTP/1.1" 200 363204
WARNING 2026-05-18 11:34:00,537 log 20936 26852 "GET /static/js/libs/%40preline/input-number/index.js HTTP/1.1" 404 2041
WARNING 2026-05-18 11:34:00,754 log 20936 22672 "GET /static/js/libs/%40preline/tooltip/index.js HTTP/1.1" 404 2026
WARNING 2026-05-18 11:34:00,825 log 20936 12384 "GET /static/js/libs/owl.carousel/dist/owl.carousel.min.js HTTP/1.1" 404 2062
WARNING 2026-05-18 11:34:00,827 log 20936 19304 "GET /static/js/libs/%40preline/stepper/index.js HTTP/1.1" 404 2026
WARNING 2026-05-18 11:34:00,837 log 20936 2848 "GET /static/js/libs/apexcharts/dist/apexcharts.min.js HTTP/1.1" 404 2050
INFO 2026-05-18 11:34:00,838 log 20936 18236 "GET /static/js/dashboards/dashboard.js HTTP/1.1" 200 5546
INFO 2026-05-18 11:34:00,873 log 20936 18236 "GET /static/images/logoSample.png HTTP/1.1" 200 38769
WARNING 2026-05-18 11:34:01,369 log 20936 27156 "GET /static/js/libs/%40preline/input-number/index.js HTTP/1.1" 404 2041
WARNING 2026-05-18 11:34:02,413 log 20936 10568 "GET /static/js/libs/%40preline/tooltip/index.js HTTP/1.1" 404 2026
WARNING 2026-05-18 11:34:02,414 log 20936 10752 "GET /static/js/libs/owl.carousel/dist/owl.carousel.min.js HTTP/1.1" 404 2062
WARNING 2026-05-18 11:34:02,550 log 20936 2604 "GET /static/js/libs/%40preline/stepper/index.js HTTP/1.1" 404 2026
WARNING 2026-05-18 11:34:02,551 log 20936 11116 "GET /static/js/libs/apexcharts/dist/apexcharts.min.js HTTP/1.1" 404 2050
INFO 2026-05-18 11:34:19,031 log 20936 18236 "GET /dashboard/ HTTP/1.1" 200 25117
INFO 2026-05-18 11:34:19,078 log 20936 18236 "GET /static/css/theme.css HTTP/1.1" 200 82072
INFO 2026-05-18 11:34:19,080 log 20936 18236 "GET /static/libs/owl.carousel/dist/assets/owl.carousel.min.css HTTP/1.1" 200 3351
INFO 2026-05-18 11:34:19,083 log 20936 18236 "GET /static/images/profile/user-1.jpg HTTP/1.1" 200 30954
INFO 2026-05-18 11:34:19,085 log 20936 18236 "GET /static/js/vendor.min.js HTTP/1.1" 200 87444
INFO 2026-05-18 11:34:19,098 log 20936 18236 "GET /static/js/theme/app.init.js HTTP/1.1" 200 370
INFO 2026-05-18 11:34:19,103 log 20936 18236 "GET /static/js/theme/app.min.js HTTP/1.1" 200 12818
INFO 2026-05-18 11:34:19,105 log 20936 18236 "GET /static/js/theme.js HTTP/1.1" 200 432
INFO 2026-05-18 11:34:19,110 log 20936 18236 "GET /static/libs/simplebar/dist/simplebar.min.js HTTP/1.1" 200 27518
INFO 2026-05-18 11:34:19,119 log 20936 18236 "GET /static/libs/preline/dist/preline.js HTTP/1.1" 200 363204
WARNING 2026-05-18 11:34:19,126 log 20936 18236 "GET /static/js/libs/%40preline/input-number/index.js HTTP/1.1" 404 2041
WARNING 2026-05-18 11:34:19,336 log 20936 13300 "GET /static/js/libs/%40preline/tooltip/index.js HTTP/1.1" 404 2026
WARNING 2026-05-18 11:34:19,391 log 20936 1800 "GET /static/js/libs/%40preline/stepper/index.js HTTP/1.1" 404 2026
WARNING 2026-05-18 11:34:19,392 log 20936 17964 "GET /static/js/libs/owl.carousel/dist/owl.carousel.min.js HTTP/1.1" 404 2062
WARNING 2026-05-18 11:34:19,408 log 20936 22348 "GET /static/js/libs/apexcharts/dist/apexcharts.min.js HTTP/1.1" 404 2050
INFO 2026-05-18 11:34:19,408 log 20936 26804 "GET /static/js/dashboards/dashboard.js HTTP/1.1" 200 5546
INFO 2026-05-18 11:34:19,436 log 20936 26804 "GET /static/images/logoSample.png HTTP/1.1" 200 38769
WARNING 2026-05-18 11:34:19,648 log 20936 26936 "GET /static/js/libs/%40preline/input-number/index.js HTTP/1.1" 404 2041
WARNING 2026-05-18 11:34:21,000 log 20936 16624 "GET /static/js/libs/%40preline/tooltip/index.js HTTP/1.1" 404 2026
WARNING 2026-05-18 11:34:21,004 log 20936 21896 "GET /static/js/libs/owl.carousel/dist/owl.carousel.min.js HTTP/1.1" 404 2062
WARNING 2026-05-18 11:34:21,004 log 20936 16580 "GET /static/js/libs/%40preline/stepper/index.js HTTP/1.1" 404 2026
WARNING 2026-05-18 11:34:21,005 log 20936 26648 "GET /static/js/libs/apexcharts/dist/apexcharts.min.js HTTP/1.1" 404 2050
INFO 2026-05-18 11:34:42,436 log 20936 26804 "GET /dashboard/ HTTP/1.1" 200 25478
INFO 2026-05-18 11:34:42,477 log 20936 26804 "GET /static/css/theme.css HTTP/1.1" 200 82072
INFO 2026-05-18 11:34:42,479 log 20936 26804 "GET /static/libs/owl.carousel/dist/assets/owl.carousel.min.css HTTP/1.1" 200 3351
INFO 2026-05-18 11:34:42,482 log 20936 26804 "GET /static/images/profile/user-1.jpg HTTP/1.1" 200 30954
INFO 2026-05-18 11:34:42,485 log 20936 26804 "GET /static/js/vendor.min.js HTTP/1.1" 200 87444
INFO 2026-05-18 11:34:42,491 log 20936 26804 "GET /static/js/theme/app.init.js HTTP/1.1" 200 370
INFO 2026-05-18 11:34:42,495 log 20936 26804 "GET /static/js/theme/app.min.js HTTP/1.1" 200 12818
INFO 2026-05-18 11:34:42,500 log 20936 26804 "GET /static/js/theme.js HTTP/1.1" 200 432
INFO 2026-05-18 11:34:42,503 log 20936 26804 "GET /static/libs/simplebar/dist/simplebar.min.js HTTP/1.1" 200 27518
INFO 2026-05-18 11:34:42,510 log 20936 26804 "GET /static/libs/preline/dist/preline.js HTTP/1.1" 200 363204
WARNING 2026-05-18 11:34:42,517 log 20936 26804 "GET /static/js/libs/%40preline/input-number/index.js HTTP/1.1" 404 2041
WARNING 2026-05-18 11:34:42,741 log 20936 28332 "GET /static/js/libs/%40preline/tooltip/index.js HTTP/1.1" 404 2026
WARNING 2026-05-18 11:34:42,792 log 20936 20680 "GET /static/js/libs/%40preline/stepper/index.js HTTP/1.1" 404 2026
WARNING 2026-05-18 11:34:42,793 log 20936 27176 "GET /static/js/libs/owl.carousel/dist/owl.carousel.min.js HTTP/1.1" 404 2062
WARNING 2026-05-18 11:34:42,802 log 20936 25224 "GET /static/js/libs/apexcharts/dist/apexcharts.min.js HTTP/1.1" 404 2050
INFO 2026-05-18 11:34:42,804 log 20936 2752 "GET /static/js/dashboards/dashboard.js HTTP/1.1" 200 5546
INFO 2026-05-18 11:34:42,837 log 20936 2752 "GET /static/images/logoSample.png HTTP/1.1" 200 38769
WARNING 2026-05-18 11:34:43,203 log 20936 24720 "GET /static/js/libs/%40preline/input-number/index.js HTTP/1.1" 404 2041
WARNING 2026-05-18 11:34:43,542 log 20936 13752 "GET /static/js/libs/%40preline/tooltip/index.js HTTP/1.1" 404 2026
WARNING 2026-05-18 11:34:44,548 log 20936 28260 "GET /static/js/libs/%40preline/stepper/index.js HTTP/1.1" 404 2026
WARNING 2026-05-18 11:34:44,864 log 20936 3704 "GET /static/js/libs/owl.carousel/dist/owl.carousel.min.js HTTP/1.1" 404 2062
WARNING 2026-05-18 11:34:44,864 log 20936 22192 "GET /static/js/libs/apexcharts/dist/apexcharts.min.js HTTP/1.1" 404 2050
INFO 2026-05-18 11:35:04,650 log 20936 2752 "GET /dashboard/ HTTP/1.1" 200 24255
INFO 2026-05-18 11:35:04,698 log 20936 2752 "GET /static/css/theme.css HTTP/1.1" 200 82072
INFO 2026-05-18 11:35:04,700 log 20936 2752 "GET /static/libs/owl.carousel/dist/assets/owl.carousel.min.css HTTP/1.1" 200 3351
INFO 2026-05-18 11:35:04,703 log 20936 2752 "GET /static/images/profile/user-1.jpg HTTP/1.1" 200 30954
INFO 2026-05-18 11:35:04,707 log 20936 2752 "GET /static/js/vendor.min.js HTTP/1.1" 200 87444
INFO 2026-05-18 11:35:04,723 log 20936 2752 "GET /static/js/theme/app.init.js HTTP/1.1" 200 370
INFO 2026-05-18 11:35:04,727 log 20936 2752 "GET /static/js/theme/app.min.js HTTP/1.1" 200 12818
INFO 2026-05-18 11:35:04,731 log 20936 2752 "GET /static/js/theme.js HTTP/1.1" 200 432
INFO 2026-05-18 11:35:04,734 log 20936 2752 "GET /static/libs/simplebar/dist/simplebar.min.js HTTP/1.1" 200 27518
INFO 2026-05-18 11:35:04,738 log 20936 2752 "GET /static/libs/preline/dist/preline.js HTTP/1.1" 200 363204
WARNING 2026-05-18 11:35:04,745 log 20936 2752 "GET /static/js/libs/%40preline/input-number/index.js HTTP/1.1" 404 2041
WARNING 2026-05-18 11:35:04,960 log 20936 15068 "GET /static/js/libs/%40preline/tooltip/index.js HTTP/1.1" 404 2026
WARNING 2026-05-18 11:35:05,019 log 20936 18836 "GET /static/js/libs/owl.carousel/dist/owl.carousel.min.js HTTP/1.1" 404 2062
WARNING 2026-05-18 11:35:05,019 log 20936 19484 "GET /static/js/libs/%40preline/stepper/index.js HTTP/1.1" 404 2026
WARNING 2026-05-18 11:35:05,033 log 20936 15900 "GET /static/js/libs/apexcharts/dist/apexcharts.min.js HTTP/1.1" 404 2050
INFO 2026-05-18 11:35:05,034 log 20936 26776 "GET /static/js/dashboards/dashboard.js HTTP/1.1" 200 5546
INFO 2026-05-18 11:35:05,075 log 20936 26776 "GET /static/images/logoSample.png HTTP/1.1" 200 38769
WARNING 2026-05-18 11:35:06,028 log 20936 27320 "GET /static/js/libs/%40preline/input-number/index.js HTTP/1.1" 404 2041
WARNING 2026-05-18 11:35:06,468 log 20936 13248 "GET /static/js/libs/%40preline/tooltip/index.js HTTP/1.1" 404 2026
WARNING 2026-05-18 11:35:06,789 log 20936 26704 "GET /static/js/libs/%40preline/stepper/index.js HTTP/1.1" 404 2026
WARNING 2026-05-18 11:35:06,789 log 20936 21460 "GET /static/js/libs/owl.carousel/dist/owl.carousel.min.js HTTP/1.1" 404 2062
WARNING 2026-05-18 11:35:06,789 log 20936 23140 "GET /static/js/libs/apexcharts/dist/apexcharts.min.js HTTP/1.1" 404 2050
INFO 2026-05-18 11:35:17,001 log 20936 26776 "GET /dashboard/ HTTP/1.1" 200 24244
INFO 2026-05-18 11:35:17,056 log 20936 26776 "GET /static/css/theme.css HTTP/1.1" 200 82072
INFO 2026-05-18 11:35:17,059 log 20936 26776 "GET /static/libs/owl.carousel/dist/assets/owl.carousel.min.css HTTP/1.1" 200 3351
INFO 2026-05-18 11:35:17,063 log 20936 26776 "GET /static/images/profile/user-1.jpg HTTP/1.1" 200 30954
INFO 2026-05-18 11:35:17,066 log 20936 26776 "GET /static/js/vendor.min.js HTTP/1.1" 200 87444
INFO 2026-05-18 11:35:17,077 log 20936 26776 "GET /static/js/theme/app.init.js HTTP/1.1" 200 370
INFO 2026-05-18 11:35:17,084 log 20936 26776 "GET /static/js/theme/app.min.js HTTP/1.1" 200 12818
INFO 2026-05-18 11:35:17,088 log 20936 26776 "GET /static/js/theme.js HTTP/1.1" 200 432
INFO 2026-05-18 11:35:17,104 log 20936 26776 "GET /static/libs/simplebar/dist/simplebar.min.js HTTP/1.1" 200 27518
INFO 2026-05-18 11:35:17,108 log 20936 26776 "GET /static/libs/preline/dist/preline.js HTTP/1.1" 200 363204
WARNING 2026-05-18 11:35:17,117 log 20936 26776 "GET /static/js/libs/%40preline/input-number/index.js HTTP/1.1" 404 2041
WARNING 2026-05-18 11:35:17,307 log 20936 17380 "GET /static/js/libs/%40preline/tooltip/index.js HTTP/1.1" 404 2026
WARNING 2026-05-18 11:35:17,381 log 20936 10176 "GET /static/js/libs/%40preline/stepper/index.js HTTP/1.1" 404 2026
WARNING 2026-05-18 11:35:17,382 log 20936 11496 "GET /static/js/libs/owl.carousel/dist/owl.carousel.min.js HTTP/1.1" 404 2062
WARNING 2026-05-18 11:35:17,391 log 20936 28368 "GET /static/js/libs/apexcharts/dist/apexcharts.min.js HTTP/1.1" 404 2050
INFO 2026-05-18 11:35:17,391 log 20936 8884 "GET /static/js/dashboards/dashboard.js HTTP/1.1" 200 5546
INFO 2026-05-18 11:35:17,432 log 20936 8884 "GET /static/images/logoSample.png HTTP/1.1" 200 38769
WARNING 2026-05-18 11:35:17,993 log 20936 26696 "GET /static/js/libs/%40preline/input-number/index.js HTTP/1.1" 404 2041
WARNING 2026-05-18 11:35:18,884 log 20936 3156 "GET /static/js/libs/%40preline/tooltip/index.js HTTP/1.1" 404 2026
WARNING 2026-05-18 11:35:19,427 log 20936 27120 "GET /static/js/libs/%40preline/stepper/index.js HTTP/1.1" 404 2026
WARNING 2026-05-18 11:35:19,427 log 20936 25968 "GET /static/js/libs/owl.carousel/dist/owl.carousel.min.js HTTP/1.1" 404 2062
WARNING 2026-05-18 11:35:19,428 log 20936 6608 "GET /static/js/libs/apexcharts/dist/apexcharts.min.js HTTP/1.1" 404 2050
INFO 2026-05-18 11:35:25,811 log 20936 8884 "GET /dashboard/ HTTP/1.1" 200 24244
INFO 2026-05-18 11:35:25,867 log 20936 8884 "GET /static/css/theme.css HTTP/1.1" 200 82072
INFO 2026-05-18 11:35:25,869 log 20936 8884 "GET /static/libs/owl.carousel/dist/assets/owl.carousel.min.css HTTP/1.1" 200 3351
INFO 2026-05-18 11:35:25,872 log 20936 8884 "GET /static/images/profile/user-1.jpg HTTP/1.1" 200 30954
INFO 2026-05-18 11:35:25,874 log 20936 8884 "GET /static/js/vendor.min.js HTTP/1.1" 200 87444
INFO 2026-05-18 11:35:25,882 log 20936 8884 "GET /static/js/theme/app.init.js HTTP/1.1" 200 370
INFO 2026-05-18 11:35:25,886 log 20936 8884 "GET /static/js/theme/app.min.js HTTP/1.1" 200 12818
INFO 2026-05-18 11:35:25,888 log 20936 8884 "GET /static/js/theme.js HTTP/1.1" 200 432
INFO 2026-05-18 11:35:25,891 log 20936 8884 "GET /static/libs/simplebar/dist/simplebar.min.js HTTP/1.1" 200 27518
INFO 2026-05-18 11:35:25,897 log 20936 8884 "GET /static/libs/preline/dist/preline.js HTTP/1.1" 200 363204
WARNING 2026-05-18 11:35:25,903 log 20936 8884 "GET /static/js/libs/%40preline/input-number/index.js HTTP/1.1" 404 2041
WARNING 2026-05-18 11:35:26,118 log 20936 14900 "GET /static/js/libs/%40preline/tooltip/index.js HTTP/1.1" 404 2026
WARNING 2026-05-18 11:35:26,192 log 20936 7580 "GET /static/js/libs/%40preline/stepper/index.js HTTP/1.1" 404 2026
WARNING 2026-05-18 11:35:26,194 log 20936 28432 "GET /static/js/libs/owl.carousel/dist/owl.carousel.min.js HTTP/1.1" 404 2062
WARNING 2026-05-18 11:35:26,202 log 20936 26744 "GET /static/js/libs/apexcharts/dist/apexcharts.min.js HTTP/1.1" 404 2050
INFO 2026-05-18 11:35:26,203 log 20936 7256 "GET /static/js/dashboards/dashboard.js HTTP/1.1" 200 5546
INFO 2026-05-18 11:35:26,234 log 20936 7256 "GET /static/images/logoSample.png HTTP/1.1" 200 38769
WARNING 2026-05-18 11:35:26,461 log 20936 15636 "GET /static/js/libs/%40preline/input-number/index.js HTTP/1.1" 404 2041
WARNING 2026-05-18 11:35:27,881 log 20936 15880 "GET /static/js/libs/%40preline/tooltip/index.js HTTP/1.1" 404 2026
WARNING 2026-05-18 11:35:28,085 log 20936 1748 "GET /static/js/libs/owl.carousel/dist/owl.carousel.min.js HTTP/1.1" 404 2062
WARNING 2026-05-18 11:35:28,085 log 20936 6148 "GET /static/js/libs/%40preline/stepper/index.js HTTP/1.1" 404 2026
WARNING 2026-05-18 11:35:28,086 log 20936 28308 "GET /static/js/libs/apexcharts/dist/apexcharts.min.js HTTP/1.1" 404 2050
INFO 2026-05-18 11:48:55,755 log 20936 14524 "GET /dashboard/ HTTP/1.1" 200 28329
INFO 2026-05-18 11:48:55,797 log 20936 19688 "GET /static/libs/owl.carousel/dist/assets/owl.carousel.min.css HTTP/1.1" 200 3351
INFO 2026-05-18 11:48:55,798 log 20936 14524 "GET /static/css/theme.css HTTP/1.1" 200 82072
INFO 2026-05-18 11:48:55,802 log 20936 19688 "GET /static/images/profile/user-1.jpg HTTP/1.1" 200 30954
INFO 2026-05-18 11:48:55,804 log 20936 14524 "GET /static/js/vendor.min.js HTTP/1.1" 200 87444
INFO 2026-05-18 11:48:55,942 log 20936 19688 "GET /static/js/theme/app.min.js HTTP/1.1" 200 12818
INFO 2026-05-18 11:48:55,942 log 20936 14524 "GET /static/js/theme/app.init.js HTTP/1.1" 200 370
INFO 2026-05-18 11:48:55,944 log 20936 19688 "GET /static/js/theme.js HTTP/1.1" 200 432
INFO 2026-05-18 11:48:55,944 log 20936 14524 "GET /static/libs/simplebar/dist/simplebar.min.js HTTP/1.1" 200 27518
WARNING 2026-05-18 11:48:55,950 log 20936 19688 "GET /static/js/libs/%40preline/input-number/index.js HTTP/1.1" 404 2041
INFO 2026-05-18 11:48:55,952 log 20936 14524 "GET /static/libs/preline/dist/preline.js HTTP/1.1" 200 363204
WARNING 2026-05-18 11:48:55,961 log 20936 14524 "GET /static/js/libs/%40preline/tooltip/index.js HTTP/1.1" 404 2026
WARNING 2026-05-18 11:48:56,005 log 20936 27220 "GET /static/js/libs/%40preline/stepper/index.js HTTP/1.1" 404 2026
WARNING 2026-05-18 11:48:56,104 log 20936 23496 "GET /static/js/libs/owl.carousel/dist/owl.carousel.min.js HTTP/1.1" 404 2062
WARNING 2026-05-18 11:48:56,254 log 20936 23448 "GET /static/js/libs/apexcharts/dist/apexcharts.min.js HTTP/1.1" 404 2050
INFO 2026-05-18 11:48:56,257 log 20936 26660 "GET /static/js/dashboards/dashboard.js HTTP/1.1" 200 5546
INFO 2026-05-18 11:48:56,301 log 20936 26660 "GET /static/images/logoSample.png HTTP/1.1" 200 38769
WARNING 2026-05-18 11:48:56,787 log 20936 26384 "GET /static/js/libs/%40preline/input-number/index.js HTTP/1.1" 404 2041
WARNING 2026-05-18 11:48:57,047 log 20936 26136 "GET /static/js/libs/%40preline/tooltip/index.js HTTP/1.1" 404 2026
WARNING 2026-05-18 11:48:58,818 log 20936 12864 "GET /static/js/libs/%40preline/stepper/index.js HTTP/1.1" 404 2026
WARNING 2026-05-18 11:48:59,141 log 20936 14352 "GET /static/js/libs/apexcharts/dist/apexcharts.min.js HTTP/1.1" 404 2050
WARNING 2026-05-18 11:48:59,141 log 20936 18516 "GET /static/js/libs/owl.carousel/dist/owl.carousel.min.js HTTP/1.1" 404 2062
INFO 2026-05-18 11:49:09,999 log 20936 26660 "GET /dashboard/ HTTP/1.1" 200 27893
INFO 2026-05-18 11:49:10,043 log 20936 28180 "GET /static/libs/owl.carousel/dist/assets/owl.carousel.min.css HTTP/1.1" 200 3351
INFO 2026-05-18 11:49:10,044 log 20936 26660 "GET /static/css/theme.css HTTP/1.1" 200 82072
INFO 2026-05-18 11:49:10,047 log 20936 28180 "GET /static/images/profile/user-1.jpg HTTP/1.1" 200 30954
INFO 2026-05-18 11:49:10,048 log 20936 26660 "GET /static/js/vendor.min.js HTTP/1.1" 200 87444
INFO 2026-05-18 11:49:10,058 log 20936 26660 "GET /static/js/theme/app.init.js HTTP/1.1" 200 370
INFO 2026-05-18 11:49:10,058 log 20936 28180 "GET /static/js/theme/app.min.js HTTP/1.1" 200 12818
INFO 2026-05-18 11:49:10,062 log 20936 26660 "GET /static/js/theme.js HTTP/1.1" 200 432
INFO 2026-05-18 11:49:10,063 log 20936 28180 "GET /static/libs/simplebar/dist/simplebar.min.js HTTP/1.1" 200 27518
WARNING 2026-05-18 11:49:10,069 log 20936 28180 "GET /static/js/libs/%40preline/input-number/index.js HTTP/1.1" 404 2041
INFO 2026-05-18 11:49:10,071 log 20936 26660 "GET /static/libs/preline/dist/preline.js HTTP/1.1" 200 363204
WARNING 2026-05-18 11:49:10,076 log 20936 26660 "GET /static/js/libs/%40preline/tooltip/index.js HTTP/1.1" 404 2026
WARNING 2026-05-18 11:49:10,356 log 20936 17688 "GET /static/js/libs/%40preline/stepper/index.js HTTP/1.1" 404 2026
WARNING 2026-05-18 11:49:10,368 log 20936 11868 "GET /static/js/libs/owl.carousel/dist/owl.carousel.min.js HTTP/1.1" 404 2062
WARNING 2026-05-18 11:49:10,380 log 20936 23360 "GET /static/js/libs/apexcharts/dist/apexcharts.min.js HTTP/1.1" 404 2050
INFO 2026-05-18 11:49:10,381 log 20936 22404 "GET /static/js/dashboards/dashboard.js HTTP/1.1" 200 5546
INFO 2026-05-18 11:49:10,431 log 20936 22404 "GET /static/images/logoSample.png HTTP/1.1" 200 38769
WARNING 2026-05-18 11:49:11,014 log 20936 18180 "GET /static/js/libs/%40preline/input-number/index.js HTTP/1.1" 404 2041
WARNING 2026-05-18 11:49:11,015 log 20936 16868 "GET /static/js/libs/%40preline/stepper/index.js HTTP/1.1" 404 2026
WARNING 2026-05-18 11:49:11,018 log 20936 24916 "GET /static/js/libs/%40preline/tooltip/index.js HTTP/1.1" 404 2026
WARNING 2026-05-18 11:49:11,018 log 20936 8924 "GET /static/js/libs/owl.carousel/dist/owl.carousel.min.js HTTP/1.1" 404 2062
WARNING 2026-05-18 11:49:11,234 log 20936 22536 "GET /static/js/libs/apexcharts/dist/apexcharts.min.js HTTP/1.1" 404 2050
INFO 2026-05-18 11:50:50,360 log 20936 22404 "GET /dashboard/ HTTP/1.1" 200 27923
INFO 2026-05-18 11:50:50,408 log 20936 22404 "GET /static/css/theme.css HTTP/1.1" 200 82072
INFO 2026-05-18 11:50:50,412 log 20936 22404 "GET /static/libs/owl.carousel/dist/assets/owl.carousel.min.css HTTP/1.1" 200 3351
INFO 2026-05-18 11:50:50,416 log 20936 22404 "GET /static/images/profile/user-1.jpg HTTP/1.1" 200 30954
INFO 2026-05-18 11:50:50,419 log 20936 22404 "GET /static/js/vendor.min.js HTTP/1.1" 200 87444
INFO 2026-05-18 11:50:50,442 log 20936 22404 "GET /static/js/theme/app.init.js HTTP/1.1" 200 370
INFO 2026-05-18 11:50:50,444 log 20936 22404 "GET /static/js/theme/app.min.js HTTP/1.1" 200 12818
INFO 2026-05-18 11:50:50,446 log 20936 22404 "GET /static/js/theme.js HTTP/1.1" 200 432
INFO 2026-05-18 11:50:50,448 log 20936 22404 "GET /static/libs/simplebar/dist/simplebar.min.js HTTP/1.1" 200 27518
INFO 2026-05-18 11:50:50,452 log 20936 22404 "GET /static/libs/preline/dist/preline.js HTTP/1.1" 200 363204
WARNING 2026-05-18 11:50:50,458 log 20936 22404 "GET /static/js/libs/%40preline/input-number/index.js HTTP/1.1" 404 2041
WARNING 2026-05-18 11:50:50,665 log 20936 8260 "GET /static/js/libs/%40preline/tooltip/index.js HTTP/1.1" 404 2026
WARNING 2026-05-18 11:50:50,719 log 20936 11476 "GET /static/js/libs/owl.carousel/dist/owl.carousel.min.js HTTP/1.1" 404 2062
WARNING 2026-05-18 11:50:50,720 log 20936 3500 "GET /static/js/libs/%40preline/stepper/index.js HTTP/1.1" 404 2026
WARNING 2026-05-18 11:50:50,754 log 20936 13504 "GET /static/js/libs/apexcharts/dist/apexcharts.min.js HTTP/1.1" 404 2050
INFO 2026-05-18 11:50:50,754 log 20936 2112 "GET /static/js/dashboards/dashboard.js HTTP/1.1" 200 5546
INFO 2026-05-18 11:50:50,794 log 20936 2112 "GET /static/images/logoSample.png HTTP/1.1" 200 38769
WARNING 2026-05-18 11:50:51,381 log 20936 17392 "GET /static/js/libs/%40preline/input-number/index.js HTTP/1.1" 404 2041
WARNING 2026-05-18 11:50:52,032 log 20936 14376 "GET /static/js/libs/%40preline/tooltip/index.js HTTP/1.1" 404 2026
WARNING 2026-05-18 11:50:52,344 log 20936 12864 "GET /static/js/libs/%40preline/stepper/index.js HTTP/1.1" 404 2026
WARNING 2026-05-18 11:50:52,350 log 20936 18516 "GET /static/js/libs/apexcharts/dist/apexcharts.min.js HTTP/1.1" 404 2050
WARNING 2026-05-18 11:50:52,350 log 20936 14352 "GET /static/js/libs/owl.carousel/dist/owl.carousel.min.js HTTP/1.1" 404 2062
INFO 2026-05-18 11:51:01,112 log 20936 2112 "GET /dashboard/ HTTP/1.1" 200 27515
INFO 2026-05-18 11:51:01,155 log 20936 2112 "GET /static/css/theme.css HTTP/1.1" 200 82072
INFO 2026-05-18 11:51:01,157 log 20936 2112 "GET /static/libs/owl.carousel/dist/assets/owl.carousel.min.css HTTP/1.1" 200 3351
INFO 2026-05-18 11:51:01,159 log 20936 2112 "GET /static/images/profile/user-1.jpg HTTP/1.1" 200 30954
INFO 2026-05-18 11:51:01,162 log 20936 2112 "GET /static/js/vendor.min.js HTTP/1.1" 200 87444
INFO 2026-05-18 11:51:01,175 log 20936 2112 "GET /static/js/theme/app.init.js HTTP/1.1" 200 370
INFO 2026-05-18 11:51:01,178 log 20936 2112 "GET /static/js/theme/app.min.js HTTP/1.1" 200 12818
INFO 2026-05-18 11:51:01,181 log 20936 2112 "GET /static/js/theme.js HTTP/1.1" 200 432
INFO 2026-05-18 11:51:01,183 log 20936 2112 "GET /static/libs/simplebar/dist/simplebar.min.js HTTP/1.1" 200 27518
INFO 2026-05-18 11:51:01,188 log 20936 2112 "GET /static/libs/preline/dist/preline.js HTTP/1.1" 200 363204
WARNING 2026-05-18 11:51:01,194 log 20936 2112 "GET /static/js/libs/%40preline/input-number/index.js HTTP/1.1" 404 2041
WARNING 2026-05-18 11:51:01,413 log 20936 27180 "GET /static/js/libs/%40preline/tooltip/index.js HTTP/1.1" 404 2026
WARNING 2026-05-18 11:51:01,470 log 20936 17164 "GET /static/js/libs/%40preline/stepper/index.js HTTP/1.1" 404 2026
WARNING 2026-05-18 11:51:01,470 log 20936 28196 "GET /static/js/libs/owl.carousel/dist/owl.carousel.min.js HTTP/1.1" 404 2062
WARNING 2026-05-18 11:51:01,487 log 20936 23596 "GET /static/js/libs/apexcharts/dist/apexcharts.min.js HTTP/1.1" 404 2050
INFO 2026-05-18 11:51:01,490 log 20936 21084 "GET /static/js/dashboards/dashboard.js HTTP/1.1" 200 5546
INFO 2026-05-18 11:51:01,528 log 20936 21084 "GET /static/images/logoSample.png HTTP/1.1" 200 38769
WARNING 2026-05-18 11:51:02,349 log 20936 21012 "GET /static/js/libs/%40preline/input-number/index.js HTTP/1.1" 404 2041
WARNING 2026-05-18 11:51:02,846 log 20936 10068 "GET /static/js/libs/%40preline/tooltip/index.js HTTP/1.1" 404 2026
WARNING 2026-05-18 11:51:03,151 log 20936 28180 "GET /static/js/libs/%40preline/stepper/index.js HTTP/1.1" 404 2026
WARNING 2026-05-18 11:51:03,372 log 20936 26660 "GET /static/js/libs/owl.carousel/dist/owl.carousel.min.js HTTP/1.1" 404 2062
WARNING 2026-05-18 11:51:03,373 log 20936 17688 "GET /static/js/libs/apexcharts/dist/apexcharts.min.js HTTP/1.1" 404 2050
INFO 2026-05-18 11:51:12,202 log 20936 21084 "GET /dashboard/ HTTP/1.1" 200 26742
INFO 2026-05-18 11:51:12,242 log 20936 21084 "GET /static/css/theme.css HTTP/1.1" 200 82072
INFO 2026-05-18 11:51:12,244 log 20936 21084 "GET /static/libs/owl.carousel/dist/assets/owl.carousel.min.css HTTP/1.1" 200 3351
INFO 2026-05-18 11:51:12,248 log 20936 21084 "GET /static/images/profile/user-1.jpg HTTP/1.1" 200 30954
INFO 2026-05-18 11:51:12,251 log 20936 21084 "GET /static/js/vendor.min.js HTTP/1.1" 200 87444
INFO 2026-05-18 11:51:12,259 log 20936 21084 "GET /static/js/theme/app.init.js HTTP/1.1" 200 370
INFO 2026-05-18 11:51:12,264 log 20936 21084 "GET /static/js/theme/app.min.js HTTP/1.1" 200 12818
INFO 2026-05-18 11:51:12,266 log 20936 21084 "GET /static/js/theme.js HTTP/1.1" 200 432
INFO 2026-05-18 11:51:12,269 log 20936 21084 "GET /static/libs/simplebar/dist/simplebar.min.js HTTP/1.1" 200 27518
INFO 2026-05-18 11:51:12,275 log 20936 21084 "GET /static/libs/preline/dist/preline.js HTTP/1.1" 200 363204
WARNING 2026-05-18 11:51:12,283 log 20936 21084 "GET /static/js/libs/%40preline/input-number/index.js HTTP/1.1" 404 2041
WARNING 2026-05-18 11:51:12,503 log 20936 1888 "GET /static/js/libs/%40preline/tooltip/index.js HTTP/1.1" 404 2026
WARNING 2026-05-18 11:51:12,555 log 20936 21000 "GET /static/js/libs/%40preline/stepper/index.js HTTP/1.1" 404 2026
WARNING 2026-05-18 11:51:12,560 log 20936 26620 "GET /static/js/libs/owl.carousel/dist/owl.carousel.min.js HTTP/1.1" 404 2062
WARNING 2026-05-18 11:51:12,570 log 20936 23712 "GET /static/js/libs/apexcharts/dist/apexcharts.min.js HTTP/1.1" 404 2050
INFO 2026-05-18 11:51:12,572 log 20936 4832 "GET /static/js/dashboards/dashboard.js HTTP/1.1" 200 5546
INFO 2026-05-18 11:51:12,611 log 20936 4832 "GET /static/images/logoSample.png HTTP/1.1" 200 38769
WARNING 2026-05-18 11:51:13,106 log 20936 2872 "GET /static/js/libs/%40preline/input-number/index.js HTTP/1.1" 404 2041
WARNING 2026-05-18 11:51:13,560 log 20936 28584 "GET /static/js/libs/%40preline/tooltip/index.js HTTP/1.1" 404 2026
WARNING 2026-05-18 11:51:14,045 log 20936 27600 "GET /static/js/libs/%40preline/stepper/index.js HTTP/1.1" 404 2026
WARNING 2026-05-18 11:51:14,049 log 20936 26776 "GET /static/js/libs/owl.carousel/dist/owl.carousel.min.js HTTP/1.1" 404 2062
WARNING 2026-05-18 11:51:14,050 log 20936 28308 "GET /static/js/libs/apexcharts/dist/apexcharts.min.js HTTP/1.1" 404 2050
INFO 2026-05-18 11:54:06,958 autoreload 20936 25916 D:\Web Applications\training_institute\training_institute_app\models.py changed, reloading.
INFO 2026-05-18 11:54:08,348 autoreload 21592 18960 Watching for file changes with StatReloader
INFO 2026-05-18 11:54:27,763 autoreload 21592 18960 D:\Web Applications\training_institute\training_institute_app\models.py changed, reloading.
INFO 2026-05-18 11:54:28,408 autoreload 2876 16404 Watching for file changes with StatReloader
INFO 2026-05-18 11:54:39,694 autoreload 2876 16404 D:\Web Applications\training_institute\training_institute_app\models.py changed, reloading.
INFO 2026-05-18 11:54:40,288 autoreload 28556 17608 Watching for file changes with StatReloader
INFO 2026-05-18 11:55:04,777 autoreload 28556 17608 D:\Web Applications\training_institute\training_institute_app\models.py changed, reloading.
INFO 2026-05-18 11:55:05,345 autoreload 20180 11496 Watching for file changes with StatReloader
INFO 2026-05-18 11:55:41,936 autoreload 20180 11496 D:\Web Applications\training_institute\training_institute_app\models.py changed, reloading.
INFO 2026-05-18 11:55:42,472 autoreload 12804 12252 Watching for file changes with StatReloader
INFO 2026-05-18 11:55:50,726 autoreload 12804 12252 D:\Web Applications\training_institute\training_institute_app\models.py changed, reloading.
INFO 2026-05-18 11:55:51,319 autoreload 26896 1924 Watching for file changes with StatReloader
INFO 2026-05-18 11:55:54,536 autoreload 26896 1924 D:\Web Applications\training_institute\training_institute_app\models.py changed, reloading.
INFO 2026-05-18 11:55:55,078 autoreload 27160 19800 Watching for file changes with StatReloader
INFO 2026-05-18 11:56:03,351 autoreload 27160 19800 D:\Web Applications\training_institute\training_institute_app\models.py changed, reloading.
INFO 2026-05-18 11:56:04,137 autoreload 10644 18964 Watching for file changes with StatReloader
INFO 2026-05-18 11:57:10,141 autoreload 10644 18964 D:\Web Applications\training_institute\training_institute_app\models.py changed, reloading.
INFO 2026-05-18 11:57:10,705 autoreload 26832 27444 Watching for file changes with StatReloader
INFO 2026-05-18 11:57:16,906 autoreload 26832 27444 D:\Web Applications\training_institute\training_institute_app\models.py changed, reloading.
INFO 2026-05-18 11:57:17,447 autoreload 27192 20592 Watching for file changes with StatReloader
INFO 2026-05-18 11:57:29,733 autoreload 27192 20592 D:\Web Applications\training_institute\training_institute_app\models.py changed, reloading.
INFO 2026-05-18 11:57:30,276 autoreload 27056 2120 Watching for file changes with StatReloader
INFO 2026-05-18 11:57:37,533 autoreload 27056 2120 D:\Web Applications\training_institute\training_institute_app\models.py changed, reloading.
INFO 2026-05-18 11:57:38,072 autoreload 12804 16756 Watching for file changes with StatReloader
INFO 2026-05-18 11:58:07,628 autoreload 12804 16756 D:\Web Applications\training_institute\training_institute_app\models.py changed, reloading.
INFO 2026-05-18 11:58:08,228 autoreload 27424 18332 Watching for file changes with StatReloader
INFO 2026-05-18 11:58:21,496 autoreload 27424 18332 D:\Web Applications\training_institute\training_institute_app\models.py changed, reloading.
INFO 2026-05-18 11:58:22,088 autoreload 25012 27040 Watching for file changes with StatReloader
INFO 2026-05-18 11:58:33,371 autoreload 25012 27040 D:\Web Applications\training_institute\training_institute_app\models.py changed, reloading.
INFO 2026-05-18 11:58:33,964 autoreload 27036 23540 Watching for file changes with StatReloader
INFO 2026-05-18 11:58:52,332 autoreload 27036 23540 D:\Web Applications\training_institute\training_institute_app\models.py changed, reloading.
INFO 2026-05-18 11:58:52,910 autoreload 15312 7980 Watching for file changes with StatReloader
INFO 2026-05-18 11:59:28,439 autoreload 15312 7980 D:\Web Applications\training_institute\training_institute_app\models.py changed, reloading.
INFO 2026-05-18 11:59:28,974 autoreload 18760 27820 Watching for file changes with StatReloader
INFO 2026-05-18 12:00:04,499 autoreload 18760 27820 D:\Web Applications\training_institute\training_institute_app\models.py changed, reloading.
INFO 2026-05-18 12:00:05,087 autoreload 23524 15988 Watching for file changes with StatReloader
INFO 2026-05-18 12:04:28,351 autoreload 23524 15988 D:\Web Applications\training_institute\training_institute_app\models.py changed, reloading.
INFO 2026-05-18 12:04:28,969 autoreload 24824 10176 Watching for file changes with StatReloader
INFO 2026-05-18 12:07:12,728 autoreload 4740 22192 Watching for file changes with StatReloader
INFO 2026-05-18 12:07:38,258 autoreload 4740 22192 D:\Web Applications\training_institute\training_institute\settings.py changed, reloading.
INFO 2026-05-18 12:07:38,941 autoreload 28220 7516 Watching for file changes with StatReloader
INFO 2026-05-18 12:07:46,203 autoreload 28220 7516 D:\Web Applications\training_institute\training_institute\settings.py changed, reloading.
INFO 2026-05-18 12:07:46,822 autoreload 28124 17456 Watching for file changes with StatReloader
INFO 2026-05-18 12:08:04,540 autoreload 9012 27768 Watching for file changes with StatReloader
INFO 2026-05-18 12:15:28,439 autoreload 14148 10036 Watching for file changes with StatReloader
INFO 2026-05-18 12:15:31,640 log 14148 19520 "GET /dashboard/ HTTP/1.1" 200 26741
INFO 2026-05-18 12:15:31,743 log 14148 19520 "GET /static/css/theme.css HTTP/1.1" 200 82072
INFO 2026-05-18 12:15:31,745 log 14148 25320 "GET /static/libs/owl.carousel/dist/assets/owl.carousel.min.css HTTP/1.1" 200 3351
INFO 2026-05-18 12:15:31,746 log 14148 19520 "GET /static/images/profile/user-1.jpg HTTP/1.1" 200 30954
INFO 2026-05-18 12:15:31,747 log 14148 25320 "GET /static/js/vendor.min.js HTTP/1.1" 200 87444
INFO 2026-05-18 12:15:31,817 log 14148 25320 "GET /static/js/theme/app.init.js HTTP/1.1" 200 370
INFO 2026-05-18 12:15:31,818 log 14148 19520 "GET /static/js/theme/app.min.js HTTP/1.1" 200 12818
INFO 2026-05-18 12:15:31,820 log 14148 25320 "GET /static/js/theme.js HTTP/1.1" 200 432
INFO 2026-05-18 12:15:31,821 log 14148 19520 "GET /static/libs/simplebar/dist/simplebar.min.js HTTP/1.1" 200 27518
WARNING 2026-05-18 12:15:31,827 log 14148 19520 "GET /static/js/libs/%40preline/input-number/index.js HTTP/1.1" 404 2041
INFO 2026-05-18 12:15:31,830 log 14148 25320 "GET /static/libs/preline/dist/preline.js HTTP/1.1" 200 363204
WARNING 2026-05-18 12:15:31,861 log 14148 22088 "GET /static/js/libs/%40preline/tooltip/index.js HTTP/1.1" 404 2026
WARNING 2026-05-18 12:15:31,977 log 14148 10112 "GET /static/js/libs/%40preline/stepper/index.js HTTP/1.1" 404 2026
WARNING 2026-05-18 12:15:32,141 log 14148 19788 "GET /static/js/libs/apexcharts/dist/apexcharts.min.js HTTP/1.1" 404 2050
WARNING 2026-05-18 12:15:32,142 log 14148 20120 "GET /static/js/libs/owl.carousel/dist/owl.carousel.min.js HTTP/1.1" 404 2062
INFO 2026-05-18 12:15:32,144 log 14148 16984 "GET /static/js/dashboards/dashboard.js HTTP/1.1" 200 5546
INFO 2026-05-18 12:15:32,197 log 14148 16984 "GET /static/images/logoSample.png HTTP/1.1" 200 38769
WARNING 2026-05-18 12:15:32,681 log 14148 26716 "GET /static/js/libs/%40preline/input-number/index.js HTTP/1.1" 404 2041
WARNING 2026-05-18 12:15:32,956 log 14148 13608 "GET /static/js/libs/%40preline/tooltip/index.js HTTP/1.1" 404 2026
WARNING 2026-05-18 12:15:32,964 log 14148 13308 "GET /static/js/libs/%40preline/stepper/index.js HTTP/1.1" 404 2026
WARNING 2026-05-18 12:15:32,981 log 14148 3340 "GET /static/js/libs/apexcharts/dist/apexcharts.min.js HTTP/1.1" 404 2050
WARNING 2026-05-18 12:15:32,982 log 14148 26692 "GET /static/js/libs/owl.carousel/dist/owl.carousel.min.js HTTP/1.1" 404 2062
INFO 2026-05-18 12:16:23,375 autoreload 14468 27900 Watching for file changes with StatReloader
INFO 2026-05-18 12:16:27,619 log 14468 17052 "GET /admin HTTP/1.1" 301 0
INFO 2026-05-18 12:16:27,640 log 14468 17052 "GET /admin/ HTTP/1.1" 302 0
INFO 2026-05-18 12:16:27,909 log 14468 17052 "GET /admin/login/?next=/admin/ HTTP/1.1" 200 4084
INFO 2026-05-18 12:16:28,062 log 14468 26620 "GET /static/admin/css/dark_mode.css HTTP/1.1" 200 3538
INFO 2026-05-18 12:16:28,063 log 14468 17052 "GET /static/admin/css/base.css HTTP/1.1" 200 23100
INFO 2026-05-18 12:16:28,073 log 14468 26620 "GET /static/admin/css/login.css HTTP/1.1" 200 951
INFO 2026-05-18 12:16:28,073 log 14468 17052 "GET /static/admin/css/nav_sidebar.css HTTP/1.1" 200 2810
INFO 2026-05-18 12:16:28,075 log 14468 22008 "GET /static/admin/js/theme.js HTTP/1.1" 200 1653
INFO 2026-05-18 12:16:28,086 log 14468 26620 "GET /static/admin/css/responsive.css HTTP/1.1" 200 16273
INFO 2026-05-18 12:16:28,137 log 14468 26620 "GET /static/admin/js/nav_sidebar.js HTTP/1.1" 200 3063
WARNING 2026-05-18 12:16:28,241 log 14468 26620 Not Found: /favicon.ico
WARNING 2026-05-18 12:16:28,242 log 14468 26620 "GET /favicon.ico HTTP/1.1" 404 5131
INFO 2026-05-18 12:16:29,364 log 14468 17964 "GET /static/admin/js/theme.js HTTP/1.1" 200 1653
INFO 2026-05-18 12:16:29,365 log 14468 28668 "GET /static/admin/js/nav_sidebar.js HTTP/1.1" 200 3063
INFO 2026-05-18 12:16:33,564 log 14468 26620 "POST /admin/login/?next=/admin/ HTTP/1.1" 302 0
INFO 2026-05-18 12:16:33,615 log 14468 26620 "GET /admin/ HTTP/1.1" 200 5463
INFO 2026-05-18 12:16:33,655 log 14468 26620 "GET /static/admin/css/dashboard.css HTTP/1.1" 200 441
INFO 2026-05-18 12:16:33,711 log 14468 26620 "GET /static/admin/img/icon-addlink.svg HTTP/1.1" 200 593
INFO 2026-05-18 12:16:33,712 log 14468 22008 "GET /static/admin/img/icon-changelink.svg HTTP/1.1" 200 978
INFO 2026-05-18 12:16:36,439 log 14468 22008 "GET /admin/auth/group/ HTTP/1.1" 200 7624
INFO 2026-05-18 12:16:36,506 log 14468 22008 "GET /static/admin/css/changelists.css HTTP/1.1" 200 7498
INFO 2026-05-18 12:16:36,516 log 14468 26956 "GET /static/admin/js/jquery.init.js HTTP/1.1" 200 347
INFO 2026-05-18 12:16:36,534 log 14468 28152 "GET /static/admin/js/core.js HTTP/1.1" 200 6208
INFO 2026-05-18 12:16:36,535 log 14468 26620 "GET /admin/jsi18n/ HTTP/1.1" 200 3342
INFO 2026-05-18 12:16:36,543 log 14468 27728 "GET /static/admin/js/admin/RelatedObjectLookups.js HTTP/1.1" 200 9777
INFO 2026-05-18 12:16:36,544 log 14468 22008 "GET /static/admin/js/actions.js HTTP/1.1" 200 8076
INFO 2026-05-18 12:16:36,544 log 14468 26956 "GET /static/admin/js/urlify.js HTTP/1.1" 200 7887
INFO 2026-05-18 12:16:36,560 log 14468 22008 "GET /static/admin/img/search.svg HTTP/1.1" 200 607
INFO 2026-05-18 12:16:36,562 log 14468 26620 "GET /static/admin/js/prepopulate.js HTTP/1.1" 200 1531
INFO 2026-05-18 12:16:36,592 log 14468 17052 "GET /static/admin/js/vendor/jquery/jquery.js HTTP/1.1" 200 285314
INFO 2026-05-18 12:16:36,644 log 14468 17052 "GET /static/admin/js/filters.js HTTP/1.1" 200 978
INFO 2026-05-18 12:16:36,645 log 14468 28152 "GET /static/admin/js/vendor/xregexp/xregexp.js HTTP/1.1" 200 325171
INFO 2026-05-18 12:16:36,716 log 14468 28152 "GET /static/admin/img/tooltag-add.svg HTTP/1.1" 200 593
INFO 2026-05-18 12:16:38,360 log 14468 28152 "GET /admin/ HTTP/1.1" 200 5463
INFO 2026-05-18 12:16:38,677 log 14468 28668 "GET /static/admin/js/jquery.init.js HTTP/1.1" 200 347
INFO 2026-05-18 12:16:38,678 log 14468 28612 "GET /static/admin/js/core.js HTTP/1.1" 200 6208
INFO 2026-05-18 12:16:38,680 log 14468 28612 "GET /static/admin/js/admin/RelatedObjectLookups.js HTTP/1.1" 200 9777
INFO 2026-05-18 12:16:38,694 log 14468 28668 "GET /static/admin/js/urlify.js HTTP/1.1" 200 7887
INFO 2026-05-18 12:16:38,695 log 14468 28612 "GET /static/admin/js/actions.js HTTP/1.1" 200 8076
INFO 2026-05-18 12:16:38,698 log 14468 17964 "GET /admin/jsi18n/ HTTP/1.1" 200 3342
INFO 2026-05-18 12:16:38,707 log 14468 17964 "GET /static/admin/js/prepopulate.js HTTP/1.1" 200 1531
INFO 2026-05-18 12:16:38,766 log 14468 28612 "GET /static/admin/js/filters.js HTTP/1.1" 200 978
INFO 2026-05-18 12:16:38,767 log 14468 17964 "GET /static/admin/js/vendor/jquery/jquery.js HTTP/1.1" 200 285314
INFO 2026-05-18 12:16:38,771 log 14468 28668 "GET /static/admin/js/vendor/xregexp/xregexp.js HTTP/1.1" 200 325171
INFO 2026-05-18 12:17:53,993 autoreload 14468 27900 D:\Web Applications\training_institute\training_institute_app\admin.py changed, reloading.
INFO 2026-05-18 12:17:54,656 autoreload 19368 20976 Watching for file changes with StatReloader
INFO 2026-05-18 12:18:52,631 autoreload 19368 20976 D:\Web Applications\training_institute\training_institute_app\admin.py changed, reloading.
INFO 2026-05-18 12:18:53,240 autoreload 27448 16912 Watching for file changes with StatReloader
INFO 2026-05-18 12:18:56,333 log 27448 27204 "GET /admin/ HTTP/1.1" 200 11694
INFO 2026-05-18 12:18:56,427 log 27448 6484 "GET /static/admin/css/dark_mode.css HTTP/1.1" 200 3538
INFO 2026-05-18 12:18:56,431 log 27448 6484 "GET /static/admin/css/nav_sidebar.css HTTP/1.1" 200 2810
INFO 2026-05-18 12:18:56,432 log 27448 27204 "GET /static/admin/css/base.css HTTP/1.1" 200 23100
INFO 2026-05-18 12:18:56,435 log 27448 6484 "GET /static/admin/css/dashboard.css HTTP/1.1" 200 441
INFO 2026-05-18 12:18:56,435 log 27448 27204 "GET /static/admin/css/responsive.css HTTP/1.1" 200 16273
INFO 2026-05-18 12:18:56,441 log 27448 6484 "GET /static/admin/js/theme.js HTTP/1.1" 200 1653
INFO 2026-05-18 12:18:56,546 log 27448 6484 "GET /static/admin/js/nav_sidebar.js HTTP/1.1" 200 3063
INFO 2026-05-18 12:18:56,564 log 27448 27204 "GET /static/admin/img/icon-changelink.svg HTTP/1.1" 200 978
INFO 2026-05-18 12:18:56,564 log 27448 6484 "GET /static/admin/img/icon-addlink.svg HTTP/1.1" 200 593
WARNING 2026-05-18 12:18:56,589 log 27448 6484 Not Found: /favicon.ico
WARNING 2026-05-18 12:18:56,589 log 27448 6484 "GET /favicon.ico HTTP/1.1" 404 5131
INFO 2026-05-18 12:19:50,313 log 27448 6484 "GET /admin/training_institute_app/user/ HTTP/1.1" 200 13033
INFO 2026-05-18 12:19:50,378 log 27448 6484 "GET /admin/jsi18n/ HTTP/1.1" 200 3342
INFO 2026-05-18 12:19:51,494 log 27448 19624 "GET /admin/jsi18n/ HTTP/1.1" 200 3342
INFO 2026-05-18 12:19:52,816 log 27448 6484 "GET /admin/training_institute_app/user/add/ HTTP/1.1" 200 36014
INFO 2026-05-18 12:19:52,876 log 27448 9824 "GET /static/admin/js/prepopulate_init.js HTTP/1.1" 200 586
INFO 2026-05-18 12:19:52,880 log 27448 12356 "GET /admin/jsi18n/ HTTP/1.1" 200 3342
INFO 2026-05-18 12:19:52,886 log 27448 6484 "GET /static/admin/css/forms.css HTTP/1.1" 200 8831
INFO 2026-05-18 12:19:52,902 log 27448 27104 "GET /static/admin/js/admin/DateTimeShortcuts.js HTTP/1.1" 200 19698
INFO 2026-05-18 12:19:52,902 log 27448 27204 "GET /static/admin/js/calendar.js HTTP/1.1" 200 9159
INFO 2026-05-18 12:19:52,913 log 27448 6484 "GET /static/admin/css/widgets.css HTTP/1.1" 200 11811
INFO 2026-05-18 12:19:52,926 log 27448 27204 "GET /static/admin/img/icon-deletelink.svg HTTP/1.1" 200 689
INFO 2026-05-18 12:19:52,929 log 27448 6484 "GET /static/admin/img/icon-viewlink.svg HTTP/1.1" 200 928
INFO 2026-05-18 12:19:52,944 log 27448 27104 "GET /static/admin/js/change_form.js HTTP/1.1" 200 606
INFO 2026-05-18 12:19:53,063 log 27448 6484 "GET /static/admin/img/icon-clock.svg HTTP/1.1" 200 805
INFO 2026-05-18 12:19:53,063 log 27448 27104 "GET /static/admin/img/icon-calendar.svg HTTP/1.1" 200 1112
INFO 2026-05-18 12:19:54,621 log 27448 19624 "GET /static/admin/js/prepopulate_init.js HTTP/1.1" 200 586
INFO 2026-05-18 12:19:54,905 log 27448 12364 "GET /static/admin/js/admin/DateTimeShortcuts.js HTTP/1.1" 200 19698
INFO 2026-05-18 12:19:54,909 log 27448 19624 "GET /admin/jsi18n/ HTTP/1.1" 200 3342
INFO 2026-05-18 12:19:54,910 log 27448 12364 "GET /static/admin/js/calendar.js HTTP/1.1" 200 9159
INFO 2026-05-18 12:19:54,912 log 27448 19624 "GET /static/admin/js/change_form.js HTTP/1.1" 200 606
INFO 2026-05-18 12:20:00,720 log 27448 27104 "GET /static/admin/img/calendar-icons.svg HTTP/1.1" 200 1320
INFO 2026-05-18 12:20:04,186 log 27448 27104 "GET /admin/auth/group/add/?_to_field=id&_popup=1 HTTP/1.1" 200 10466
INFO 2026-05-18 12:20:04,220 log 27448 27204 "GET /admin/jsi18n/ HTTP/1.1" 200 3342
INFO 2026-05-18 12:20:04,253 log 27448 6484 "GET /static/admin/js/SelectFilter2.js HTTP/1.1" 200 16428
INFO 2026-05-18 12:20:04,254 log 27448 27104 "GET /static/admin/js/SelectBox.js HTTP/1.1" 200 4530
INFO 2026-05-18 12:20:04,263 log 27448 19624 "GET /admin/jsi18n/ HTTP/1.1" 200 3342
INFO 2026-05-18 12:20:04,331 log 27448 27104 "GET /static/admin/img/selector-icons.svg HTTP/1.1" 200 2387
INFO 2026-05-18 12:20:05,445 log 27448 12364 "GET /static/admin/js/SelectBox.js HTTP/1.1" 200 4530
INFO 2026-05-18 12:20:05,445 log 27448 19624 "GET /static/admin/js/SelectFilter2.js HTTP/1.1" 200 16428
INFO 2026-05-18 12:20:21,912 log 27448 27104 "GET / HTTP/1.1" 200 26515
INFO 2026-05-18 12:24:11,161 autoreload 27448 16912 D:\Web Applications\training_institute\training_institute_app\views.py changed, reloading.
INFO 2026-05-18 12:24:11,816 autoreload 10200 27828 Watching for file changes with StatReloader
INFO 2026-05-18 12:28:34,324 autoreload 10200 27828 D:\Web Applications\training_institute\training_institute_app\urls.py changed, reloading.
INFO 2026-05-18 12:28:35,039 autoreload 28324 28248 Watching for file changes with StatReloader
INFO 2026-05-18 12:28:36,310 log 28324 28416 "GET /login/ HTTP/1.1" 200 30971
INFO 2026-05-18 12:28:36,400 log 28324 28416 "GET /static/css/basestyles.css HTTP/1.1" 200 30154
INFO 2026-05-18 12:28:36,400 log 28324 27228 "GET /static/css/courses_details.css HTTP/1.1" 200 10744
WARNING 2026-05-18 12:28:36,406 log 28324 28416 "GET /static/training_institute_app/images/logoSample.png HTTP/1.1" 404 2059
WARNING 2026-05-18 12:28:36,519 log 28324 27228 "GET /static/training_institute_app/css/login.css HTTP/1.1" 404 2035
WARNING 2026-05-18 12:28:36,646 log 28324 16024 "GET /static/training_institute_app/js/basestyles.js HTTP/1.1" 404 2044
INFO 2026-05-18 12:28:37,235 log 28324 23448 "GET /static/images/logo.png HTTP/1.1" 200 853147
WARNING 2026-05-18 12:28:37,260 log 28324 23448 "GET /static/images/logo.jpeg HTTP/1.1" 404 1975
INFO 2026-05-18 12:28:41,681 log 28324 27096 "GET /login/ HTTP/1.1" 200 30971
WARNING 2026-05-18 12:28:41,729 log 28324 27096 "GET /static/training_institute_app/images/logoSample.png HTTP/1.1" 404 2059
WARNING 2026-05-18 12:28:41,986 log 28324 27312 "GET /static/training_institute_app/css/login.css HTTP/1.1" 404 2035
WARNING 2026-05-18 12:28:42,050 log 28324 27496 "GET /static/training_institute_app/js/basestyles.js HTTP/1.1" 404 2044
INFO 2026-05-18 12:28:58,228 log 28324 20092 "GET /login/ HTTP/1.1" 200 28716
INFO 2026-05-18 12:28:58,289 log 28324 7316 "GET /static/css/courses_details.css HTTP/1.1" 200 10744
INFO 2026-05-18 12:28:58,290 log 28324 20092 "GET /static/css/basestyles.css HTTP/1.1" 200 30154
WARNING 2026-05-18 12:28:58,298 log 28324 20092 "GET /static/training_institute_app/images/logoSample.png HTTP/1.1" 404 2059
WARNING 2026-05-18 12:28:58,309 log 28324 7316 "GET /static/training_institute_app/css/login.css HTTP/1.1" 404 2035
WARNING 2026-05-18 12:28:58,483 log 28324 22464 "GET /static/training_institute_app/js/basestyles.js HTTP/1.1" 404 2044
INFO 2026-05-18 12:28:58,758 log 28324 27964 "GET /static/images/logo.png HTTP/1.1" 200 853147
WARNING 2026-05-18 12:28:58,791 log 28324 27964 "GET /static/images/logo.jpeg HTTP/1.1" 404 1975
INFO 2026-05-18 12:29:06,825 log 28324 20812 "GET /login/ HTTP/1.1" 200 28716
INFO 2026-05-18 12:29:06,863 log 28324 20812 "GET /static/css/basestyles.css HTTP/1.1" 200 30154
INFO 2026-05-18 12:29:06,865 log 28324 20812 "GET /static/css/courses_details.css HTTP/1.1" 200 10744
WARNING 2026-05-18 12:29:06,870 log 28324 20812 "GET /static/training_institute_app/images/logoSample.png HTTP/1.1" 404 2059
WARNING 2026-05-18 12:29:07,131 log 28324 26964 "GET /static/training_institute_app/css/login.css HTTP/1.1" 404 2035
WARNING 2026-05-18 12:29:07,169 log 28324 9564 "GET /static/training_institute_app/js/basestyles.js HTTP/1.1" 404 2044
INFO 2026-05-18 12:29:07,239 log 28324 23252 "GET /static/images/logo.png HTTP/1.1" 200 853147
WARNING 2026-05-18 12:29:07,265 log 28324 23252 "GET /static/images/logo.jpeg HTTP/1.1" 404 1975
INFO 2026-05-18 12:29:29,866 log 28324 26936 "GET /login/ HTTP/1.1" 200 28693
INFO 2026-05-18 12:29:29,920 log 28324 26936 "GET /static/css/basestyles.css HTTP/1.1" 200 30154
INFO 2026-05-18 12:29:29,923 log 28324 26936 "GET /static/css/courses_details.css HTTP/1.1" 200 10744
WARNING 2026-05-18 12:29:29,929 log 28324 26936 "GET /static/training_institute_app/images/logoSample.png HTTP/1.1" 404 2059
INFO 2026-05-18 12:29:30,162 log 28324 11792 "GET /static/css/login.css HTTP/1.1" 200 8727
WARNING 2026-05-18 12:29:30,169 log 28324 11792 "GET /static/training_institute_app/js/basestyles.js HTTP/1.1" 404 2044
INFO 2026-05-18 12:29:30,287 log 28324 23988 "GET /static/images/logo.png HTTP/1.1" 200 853147
WARNING 2026-05-18 12:29:30,319 log 28324 23988 "GET /static/images/logo.jpeg HTTP/1.1" 404 1975
INFO 2026-05-18 12:30:12,309 log 28324 6764 "GET /login/ HTTP/1.1" 200 30948
INFO 2026-05-18 12:30:12,373 log 28324 14316 "GET /static/css/courses_details.css HTTP/1.1" 200 10744
INFO 2026-05-18 12:30:12,374 log 28324 6764 "GET /static/css/basestyles.css HTTP/1.1" 200 30154
WARNING 2026-05-18 12:30:12,382 log 28324 6764 "GET /static/training_institute_app/images/logoSample.png HTTP/1.1" 404 2059
INFO 2026-05-18 12:30:12,392 log 28324 14316 "GET /static/css/login.css HTTP/1.1" 200 8727
WARNING 2026-05-18 12:30:12,530 log 28324 14316 "GET /static/training_institute_app/js/basestyles.js HTTP/1.1" 404 2044
INFO 2026-05-18 12:30:12,795 log 28324 28088 "GET /static/images/logo.png HTTP/1.1" 200 853147
WARNING 2026-05-18 12:30:12,827 log 28324 28088 "GET /static/images/logo.jpeg HTTP/1.1" 404 1975
INFO 2026-05-18 12:30:25,460 log 28324 2112 "POST /signin/ HTTP/1.1" 200 82
INFO 2026-05-18 12:30:26,643 log 28324 2112 "GET /dashboard/ HTTP/1.1" 200 26741
WARNING 2026-05-18 12:30:26,730 log 28324 2112 "GET /static/js/libs/%40preline/input-number/index.js HTTP/1.1" 404 2041
WARNING 2026-05-18 12:30:26,731 log 28324 12284 "GET /static/js/libs/%40preline/tooltip/index.js HTTP/1.1" 404 2026
WARNING 2026-05-18 12:30:27,046 log 28324 6356 "GET /static/js/libs/%40preline/stepper/index.js HTTP/1.1" 404 2026
WARNING 2026-05-18 12:30:27,046 log 28324 2780 "GET /static/js/libs/owl.carousel/dist/owl.carousel.min.js HTTP/1.1" 404 2062
WARNING 2026-05-18 12:30:27,053 log 28324 22920 "GET /static/js/libs/apexcharts/dist/apexcharts.min.js HTTP/1.1" 404 2050
WARNING 2026-05-18 12:30:30,473 log 28324 1800 "GET /static/js/libs/%40preline/input-number/index.js HTTP/1.1" 404 2041
WARNING 2026-05-18 12:30:30,513 log 28324 6968 "GET /static/js/libs/%40preline/tooltip/index.js HTTP/1.1" 404 2026
WARNING 2026-05-18 12:30:30,545 log 28324 27828 "GET /static/js/libs/%40preline/stepper/index.js HTTP/1.1" 404 2026
WARNING 2026-05-18 12:30:30,546 log 28324 4092 "GET /static/js/libs/owl.carousel/dist/owl.carousel.min.js HTTP/1.1" 404 2062
WARNING 2026-05-18 12:30:30,557 log 28324 10200 "GET /static/js/libs/apexcharts/dist/apexcharts.min.js HTTP/1.1" 404 2050
INFO 2026-05-18 12:30:36,164 log 28324 14376 "GET /login/ HTTP/1.1" 200 30948
INFO 2026-05-18 12:30:36,232 log 28324 26892 "GET /static/css/courses_details.css HTTP/1.1" 200 10744
INFO 2026-05-18 12:30:36,232 log 28324 14376 "GET /static/css/basestyles.css HTTP/1.1" 200 30154
WARNING 2026-05-18 12:30:36,236 log 28324 14376 "GET /static/training_institute_app/images/logoSample.png HTTP/1.1" 404 2059
INFO 2026-05-18 12:30:36,244 log 28324 26892 "GET /static/css/login.css HTTP/1.1" 200 8727
WARNING 2026-05-18 12:30:36,374 log 28324 26892 "GET /static/training_institute_app/js/basestyles.js HTTP/1.1" 404 2044
INFO 2026-05-18 12:30:36,530 log 28324 17232 "GET /static/images/logo.png HTTP/1.1" 200 853147
WARNING 2026-05-18 12:30:36,552 log 28324 17232 "GET /static/images/logo.jpeg HTTP/1.1" 404 1975
WARNING 2026-05-18 12:30:44,285 log 28324 4068 Bad Request: /signin/
WARNING 2026-05-18 12:30:44,286 log 28324 4068 "POST /signin/ HTTP/1.1" 400 80
INFO 2026-05-18 12:31:01,977 log 28324 4068 "GET /login/ HTTP/1.1" 200 30674
INFO 2026-05-18 12:31:02,051 log 28324 16024 "GET /static/css/courses_details.css HTTP/1.1" 200 10744
INFO 2026-05-18 12:31:02,051 log 28324 4068 "GET /static/css/basestyles.css HTTP/1.1" 200 30154
WARNING 2026-05-18 12:31:02,058 log 28324 4068 "GET /static/training_institute_app/images/logoSample.png HTTP/1.1" 404 2059
INFO 2026-05-18 12:31:02,073 log 28324 16024 "GET /static/css/login.css HTTP/1.1" 200 8727
WARNING 2026-05-18 12:31:02,226 log 28324 16024 "GET /static/training_institute_app/js/basestyles.js HTTP/1.1" 404 2044
INFO 2026-05-18 12:31:02,421 log 28324 26780 "GET /static/images/logo.png HTTP/1.1" 200 853147
WARNING 2026-05-18 12:31:02,447 log 28324 26780 "GET /static/images/logo.jpeg HTTP/1.1" 404 1975
ERROR 2026-05-18 12:31:34,849 log 28324 23564 Internal Server Error: /signup/
Traceback (most recent call last):
  File "D:\Web Applications\training_institute\venv\Lib\site-packages\django\core\handlers\exception.py", line 55, in inner
    response = get_response(request)
  File "D:\Web Applications\training_institute\venv\Lib\site-packages\django\core\handlers\base.py", line 198, in _get_response
    response = wrapped_callback(request, *callback_args, **callback_kwargs)
  File "D:\Web Applications\training_institute\training_institute_app\views.py", line 102, in signup
    if User.objects.filter(username=username).exists():
       ^^^^^^^^^^^^
  File "D:\Web Applications\training_institute\venv\Lib\site-packages\django\db\models\manager.py", line 196, in __get__
    raise AttributeError(
    ...<5 lines>...
    )
AttributeError: Manager isn't available; 'auth.User' has been swapped for 'training_institute_app.User'
ERROR 2026-05-18 12:31:34,853 log 28324 23564 "POST /signup/ HTTP/1.1" 500 80904
WARNING 2026-05-18 12:31:35,129 log 28324 23564 Not Found: /favicon.ico
WARNING 2026-05-18 12:31:35,130 log 28324 23564 "GET /favicon.ico HTTP/1.1" 404 5131
INFO 2026-05-18 12:32:58,685 autoreload 28324 28248 D:\Web Applications\training_institute\training_institute_app\views.py changed, reloading.
INFO 2026-05-18 12:32:59,372 autoreload 28176 18356 Watching for file changes with StatReloader
INFO 2026-05-18 12:33:01,827 log 28176 16984 "GET /login/ HTTP/1.1" 200 30674
INFO 2026-05-18 12:33:01,957 log 28176 16984 "GET /static/css/basestyles.css HTTP/1.1" 200 30154
INFO 2026-05-18 12:33:01,957 log 28176 26928 "GET /static/css/courses_details.css HTTP/1.1" 200 10744
WARNING 2026-05-18 12:33:01,965 log 28176 16984 "GET /static/training_institute_app/images/logoSample.png HTTP/1.1" 404 2059
INFO 2026-05-18 12:33:01,970 log 28176 26928 "GET /static/css/login.css HTTP/1.1" 200 8727
WARNING 2026-05-18 12:33:02,091 log 28176 26928 "GET /static/training_institute_app/js/basestyles.js HTTP/1.1" 404 2044
INFO 2026-05-18 12:33:02,353 log 28176 18776 "GET /static/images/logo.png HTTP/1.1" 200 853147
WARNING 2026-05-18 12:33:02,379 log 28176 18776 "GET /static/images/logo.jpeg HTTP/1.1" 404 1975
INFO 2026-05-18 12:33:10,699 log 28176 13500 "POST /signin/ HTTP/1.1" 200 82
INFO 2026-05-18 12:33:11,657 log 28176 13500 "GET /dashboard/ HTTP/1.1" 200 26741
WARNING 2026-05-18 12:33:11,727 log 28176 13500 "GET /static/js/libs/%40preline/input-number/index.js HTTP/1.1" 404 2041
WARNING 2026-05-18 12:33:11,733 log 28176 27580 "GET /static/js/libs/%40preline/tooltip/index.js HTTP/1.1" 404 2026
WARNING 2026-05-18 12:33:12,069 log 28176 17140 "GET /static/js/libs/%40preline/stepper/index.js HTTP/1.1" 404 2026
WARNING 2026-05-18 12:33:12,069 log 28176 25324 "GET /static/js/libs/owl.carousel/dist/owl.carousel.min.js HTTP/1.1" 404 2062
WARNING 2026-05-18 12:33:12,070 log 28176 24320 "GET /static/js/libs/apexcharts/dist/apexcharts.min.js HTTP/1.1" 404 2050
WARNING 2026-05-18 12:33:12,077 log 28176 17812 "GET /static/js/libs/%40preline/input-number/index.js HTTP/1.1" 404 2041
WARNING 2026-05-18 12:33:12,077 log 28176 26880 "GET /static/js/libs/%40preline/tooltip/index.js HTTP/1.1" 404 2026
WARNING 2026-05-18 12:33:12,807 log 28176 25096 "GET /static/js/libs/%40preline/stepper/index.js HTTP/1.1" 404 2026
WARNING 2026-05-18 12:33:13,131 log 28176 27012 "GET /static/js/libs/owl.carousel/dist/owl.carousel.min.js HTTP/1.1" 404 2062
WARNING 2026-05-18 12:33:13,131 log 28176 26136 "GET /static/js/libs/apexcharts/dist/apexcharts.min.js HTTP/1.1" 404 2050
WARNING 2026-05-18 12:33:26,279 log 28176 1924 Forbidden (CSRF token from POST incorrect.): /signup/
WARNING 2026-05-18 12:33:26,281 log 28176 1924 "POST /signup/ HTTP/1.1" 403 2503
WARNING 2026-05-18 12:33:26,405 log 28176 1924 Not Found: /favicon.ico
WARNING 2026-05-18 12:33:26,406 log 28176 1924 "GET /favicon.ico HTTP/1.1" 404 5131
INFO 2026-05-18 12:33:49,608 autoreload 28176 18356 D:\Web Applications\training_institute\training_institute_app\views.py changed, reloading.
INFO 2026-05-18 12:33:50,233 autoreload 19404 14240 Watching for file changes with StatReloader
INFO 2026-05-18 12:33:56,289 log 19404 28068 "GET /login/ HTTP/1.1" 200 30674
INFO 2026-05-18 12:33:56,430 log 19404 19780 "GET /static/css/courses_details.css HTTP/1.1" 200 10744
INFO 2026-05-18 12:33:56,431 log 19404 28068 "GET /static/css/basestyles.css HTTP/1.1" 200 30154
WARNING 2026-05-18 12:33:56,456 log 19404 28068 "GET /static/training_institute_app/images/logoSample.png HTTP/1.1" 404 2059
INFO 2026-05-18 12:33:56,512 log 19404 19780 "GET /static/css/login.css HTTP/1.1" 200 8727
WARNING 2026-05-18 12:33:56,532 log 19404 19780 "GET /static/training_institute_app/js/basestyles.js HTTP/1.1" 404 2044
INFO 2026-05-18 12:33:56,782 log 19404 13372 "GET /static/images/logo.png HTTP/1.1" 200 853147
WARNING 2026-05-18 12:33:56,802 log 19404 13372 "GET /static/images/logo.jpeg HTTP/1.1" 404 1975
INFO 2026-05-18 12:34:09,619 log 19404 23988 "POST /signup/ HTTP/1.1" 200 110
WARNING 2026-05-18 12:34:09,751 log 19404 23988 Not Found: /favicon.ico
WARNING 2026-05-18 12:34:09,752 log 19404 23988 "GET /favicon.ico HTTP/1.1" 404 5131
INFO 2026-05-18 12:38:19,674 log 19404 22812 "GET /login/ HTTP/1.1" 200 32147
INFO 2026-05-18 12:38:19,756 log 19404 23628 "GET /static/css/courses_details.css HTTP/1.1" 200 10744
INFO 2026-05-18 12:38:19,756 log 19404 22812 "GET /static/css/basestyles.css HTTP/1.1" 200 30154
WARNING 2026-05-18 12:38:19,762 log 19404 22812 "GET /static/training_institute_app/images/logoSample.png HTTP/1.1" 404 2059
INFO 2026-05-18 12:38:19,897 log 19404 23628 "GET /static/css/login.css HTTP/1.1" 200 8727
WARNING 2026-05-18 12:38:19,912 log 19404 23628 "GET /static/training_institute_app/js/basestyles.js HTTP/1.1" 404 2044
INFO 2026-05-18 12:38:20,268 log 19404 21584 "GET /static/images/logo.png HTTP/1.1" 200 853147
WARNING 2026-05-18 12:38:20,292 log 19404 21584 "GET /static/images/logo.jpeg HTTP/1.1" 404 1975
WARNING 2026-05-18 12:38:30,718 log 19404 28380 Bad Request: /signup/
WARNING 2026-05-18 12:38:30,720 log 19404 28380 "POST /signup/ HTTP/1.1" 400 79
WARNING 2026-05-18 12:38:35,675 log 19404 28380 Bad Request: /signup/
WARNING 2026-05-18 12:38:35,675 log 19404 28380 "POST /signup/ HTTP/1.1" 400 84
INFO 2026-05-18 12:38:40,432 log 19404 28380 "POST /signup/ HTTP/1.1" 200 111
INFO 2026-05-18 12:38:41,653 log 19404 28380 "GET /dashboard/ HTTP/1.1" 200 26741
WARNING 2026-05-18 12:38:41,734 log 19404 9588 "GET /static/js/libs/%40preline/tooltip/index.js HTTP/1.1" 404 2026
WARNING 2026-05-18 12:38:41,735 log 19404 28380 "GET /static/js/libs/%40preline/input-number/index.js HTTP/1.1" 404 2041
WARNING 2026-05-18 12:38:42,095 log 19404 28400 "GET /static/js/libs/%40preline/tooltip/index.js HTTP/1.1" 404 2026
WARNING 2026-05-18 12:38:42,095 log 19404 28076 "GET /static/js/libs/%40preline/input-number/index.js HTTP/1.1" 404 2041
WARNING 2026-05-18 12:38:42,095 log 19404 28200 "GET /static/js/libs/owl.carousel/dist/owl.carousel.min.js HTTP/1.1" 404 2062
WARNING 2026-05-18 12:38:42,096 log 19404 19632 "GET /static/js/libs/%40preline/stepper/index.js HTTP/1.1" 404 2026
WARNING 2026-05-18 12:38:42,105 log 19404 19376 "GET /static/js/libs/apexcharts/dist/apexcharts.min.js HTTP/1.1" 404 2050
WARNING 2026-05-18 12:38:43,132 log 19404 16640 "GET /static/js/libs/owl.carousel/dist/owl.carousel.min.js HTTP/1.1" 404 2062
WARNING 2026-05-18 12:38:43,444 log 19404 732 "GET /static/js/libs/%40preline/stepper/index.js HTTP/1.1" 404 2026
WARNING 2026-05-18 12:38:43,444 log 19404 14424 "GET /static/js/libs/apexcharts/dist/apexcharts.min.js HTTP/1.1" 404 2050
INFO 2026-05-18 12:39:26,600 autoreload 19404 14240 D:\Web Applications\training_institute\training_institute_app\views.py changed, reloading.
INFO 2026-05-18 12:39:27,289 autoreload 12272 18856 Watching for file changes with StatReloader
INFO 2026-05-18 12:39:31,705 log 12272 27964 "GET /login/ HTTP/1.1" 200 32147
INFO 2026-05-18 12:39:31,850 log 12272 23320 "GET /static/css/courses_details.css HTTP/1.1" 200 10744
INFO 2026-05-18 12:39:31,850 log 12272 27964 "GET /static/css/basestyles.css HTTP/1.1" 200 30154
WARNING 2026-05-18 12:39:31,876 log 12272 23320 "GET /static/training_institute_app/images/logoSample.png HTTP/1.1" 404 2059
INFO 2026-05-18 12:39:31,940 log 12272 27964 "GET /static/css/login.css HTTP/1.1" 200 8727
WARNING 2026-05-18 12:39:31,950 log 12272 27964 "GET /static/training_institute_app/js/basestyles.js HTTP/1.1" 404 2044
INFO 2026-05-18 12:39:32,202 log 12272 2544 "GET /static/images/logo.png HTTP/1.1" 200 853147
WARNING 2026-05-18 12:39:32,224 log 12272 2544 "GET /static/images/logo.jpeg HTTP/1.1" 404 1975
INFO 2026-05-18 12:40:02,461 log 12272 21372 "GET /login/ HTTP/1.1" 200 32124
INFO 2026-05-18 12:40:02,522 log 12272 26700 "GET /static/css/courses_details.css HTTP/1.1" 200 10744
INFO 2026-05-18 12:40:02,523 log 12272 21372 "GET /static/css/basestyles.css HTTP/1.1" 200 30154
INFO 2026-05-18 12:40:02,527 log 12272 21372 "GET /static/images/logoSample.png HTTP/1.1" 200 38769
INFO 2026-05-18 12:40:02,538 log 12272 21372 "GET /static/css/login.css HTTP/1.1" 200 8727
WARNING 2026-05-18 12:40:02,676 log 12272 21372 "GET /static/training_institute_app/js/basestyles.js HTTP/1.1" 404 2044
INFO 2026-05-18 12:40:02,971 log 12272 26700 "GET /static/images/logo.png HTTP/1.1" 200 853147
WARNING 2026-05-18 12:40:02,999 log 12272 26700 "GET /static/images/logo.jpeg HTTP/1.1" 404 1975
INFO 2026-05-18 12:42:02,020 autoreload 12272 18856 D:\Web Applications\training_institute\training_institute_app\views.py changed, reloading.
INFO 2026-05-18 12:42:02,725 autoreload 732 10752 Watching for file changes with StatReloader
INFO 2026-05-18 12:42:11,883 log 732 26908 "GET /login/ HTTP/1.1" 200 32124
INFO 2026-05-18 12:42:12,020 log 732 22188 "GET /static/css/courses_details.css HTTP/1.1" 200 10744
INFO 2026-05-18 12:42:12,024 log 732 26908 "GET /static/css/basestyles.css HTTP/1.1" 200 30154
INFO 2026-05-18 12:42:12,039 log 732 22188 "GET /static/images/logoSample.png HTTP/1.1" 200 38769
INFO 2026-05-18 12:42:12,155 log 732 22188 "GET /static/css/login.css HTTP/1.1" 200 8727
WARNING 2026-05-18 12:42:12,166 log 732 22188 "GET /static/training_institute_app/js/basestyles.js HTTP/1.1" 404 2044
INFO 2026-05-18 12:42:12,440 log 732 26908 "GET /static/images/logo.png HTTP/1.1" 200 853147
WARNING 2026-05-18 12:42:12,475 log 732 26908 "GET /static/images/logo.jpeg HTTP/1.1" 404 1975
INFO 2026-05-18 13:10:19,334 autoreload 28660 27032 Watching for file changes with StatReloader
INFO 2026-05-18 13:10:58,937 autoreload 28660 27032 D:\Web Applications\training_institute\training_institute\settings.py changed, reloading.
INFO 2026-05-18 13:10:59,587 autoreload 28076 1924 Watching for file changes with StatReloader
INFO 2026-05-18 13:11:14,939 autoreload 28076 1924 D:\Web Applications\training_institute\training_institute\settings.py changed, reloading.
INFO 2026-05-18 13:11:15,547 autoreload 2448 25232 Watching for file changes with StatReloader
INFO 2026-05-18 13:11:42,319 autoreload 28172 27704 Watching for file changes with StatReloader
INFO 2026-05-18 13:12:44,958 autoreload 28076 26932 Watching for file changes with StatReloader
INFO 2026-05-18 13:13:05,571 autoreload 27612 27104 Watching for file changes with StatReloader
INFO 2026-05-18 13:13:43,191 autoreload 8324 22744 Watching for file changes with StatReloader
INFO 2026-05-18 13:13:46,950 log 8324 22100 "GET /login/ HTTP/1.1" 200 32124
INFO 2026-05-18 13:13:47,079 log 8324 28384 "GET /static/css/courses_details.css HTTP/1.1" 200 10744
INFO 2026-05-18 13:13:47,082 log 8324 28384 "GET /static/images/logoSample.png HTTP/1.1" 200 38769
INFO 2026-05-18 13:13:47,083 log 8324 22100 "GET /static/css/basestyles.css HTTP/1.1" 200 30154
INFO 2026-05-18 13:13:47,217 log 8324 22100 "GET /static/css/login.css HTTP/1.1" 200 8727
WARNING 2026-05-18 13:13:47,241 log 8324 22100 "GET /static/training_institute_app/js/basestyles.js HTTP/1.1" 404 2044
INFO 2026-05-18 13:13:47,615 log 8324 28384 "GET /static/images/logo.png HTTP/1.1" 200 853147
WARNING 2026-05-18 13:13:47,643 log 8324 28384 "GET /static/images/logo.jpeg HTTP/1.1" 404 1975
INFO 2026-05-18 13:14:33,547 log 8324 13980 "GET /admin/ HTTP/1.1" 302 0
INFO 2026-05-18 13:14:33,699 log 8324 13980 "GET /admin/login/?next=/admin/ HTTP/1.1" 200 3602
WARNING 2026-05-18 13:14:33,983 log 8324 13980 Not Found: /favicon.ico
WARNING 2026-05-18 13:14:33,983 log 8324 13980 "GET /favicon.ico HTTP/1.1" 404 5373
INFO 2026-05-18 13:14:38,736 log 8324 13980 "POST /admin/login/?next=/admin/ HTTP/1.1" 302 0
INFO 2026-05-18 13:14:38,757 log 8324 13980 "GET /admin/ HTTP/1.1" 200 16356
INFO 2026-05-18 13:15:14,064 log 8324 13980 "GET /admin/socialaccount/socialaccount/ HTTP/1.1" 200 16563
INFO 2026-05-18 13:15:14,136 log 8324 13980 "GET /admin/jsi18n/ HTTP/1.1" 200 3342
INFO 2026-05-18 13:15:16,181 log 8324 13980 "GET /admin/socialaccount/socialaccount/ HTTP/1.1" 200 16563
INFO 2026-05-18 13:15:16,226 log 8324 13980 "GET /admin/jsi18n/ HTTP/1.1" 200 3342
INFO 2026-05-18 13:15:16,584 log 8324 19072 "GET /admin/jsi18n/ HTTP/1.1" 200 3342
INFO 2026-05-18 13:15:16,597 log 8324 19072 "GET /admin/jsi18n/ HTTP/1.1" 200 3342
INFO 2026-05-18 13:15:23,059 log 8324 13980 "GET /admin/socialaccount/socialaccount/add/ HTTP/1.1" 200 18283
INFO 2026-05-18 13:15:23,107 log 8324 13980 "GET /admin/jsi18n/ HTTP/1.1" 200 3342
INFO 2026-05-18 13:15:23,124 log 8324 19072 "GET /admin/jsi18n/ HTTP/1.1" 200 3342
INFO 2026-05-18 13:15:56,210 log 8324 13980 "GET /admin/socialaccount/socialapp/ HTTP/1.1" 200 15556
INFO 2026-05-18 13:15:56,271 log 8324 13980 "GET /admin/jsi18n/ HTTP/1.1" 200 3342
INFO 2026-05-18 13:15:56,293 log 8324 19072 "GET /admin/jsi18n/ HTTP/1.1" 200 3342
INFO 2026-05-18 13:16:00,627 log 8324 13980 "GET /admin/socialaccount/socialapp/add/ HTTP/1.1" 200 22217
INFO 2026-05-18 13:16:00,690 log 8324 13980 "GET /admin/jsi18n/ HTTP/1.1" 200 3342
INFO 2026-05-18 13:16:02,550 log 8324 19072 "GET /admin/jsi18n/ HTTP/1.1" 200 3342
ERROR 2026-05-18 13:19:10,774 log 8324 13980 Internal Server Error: /admin/socialaccount/socialapp/add/
Traceback (most recent call last):
  File "D:\Web Applications\training_institute\venv\Lib\site-packages\django\db\backends\utils.py", line 105, in _execute
    return self.cursor.execute(sql, params)
           ~~~~~~~~~~~~~~~~~~~^^^^^^^^^^^^^
  File "D:\Web Applications\training_institute\venv\Lib\site-packages\django\db\backends\mysql\base.py", line 78, in execute
    return self.cursor.execute(query, args)
           ~~~~~~~~~~~~~~~~~~~^^^^^^^^^^^^^
  File "D:\Web Applications\training_institute\venv\Lib\site-packages\MySQLdb\cursors.py", line 179, in execute
    res = self._query(mogrified_query)
  File "D:\Web Applications\training_institute\venv\Lib\site-packages\MySQLdb\cursors.py", line 330, in _query
    db.query(q)
    ~~~~~~~~^^^
  File "D:\Web Applications\training_institute\venv\Lib\site-packages\MySQLdb\connections.py", line 286, in query
    _mysql.connection.query(self, query)
    ~~~~~~~~~~~~~~~~~~~~~~~^^^^^^^^^^^^^
MySQLdb.IntegrityError: (1452, 'Cannot add or update a child row: a foreign key constraint fails (`training_institute_database`.`django_admin_log`, CONSTRAINT `django_admin_log_user_id_c564eba6_fk_auth_user_id` FOREIGN KEY (`user_id`) REFERENCES `auth_user` (`id`))')

The above exception was the direct cause of the following exception:

Traceback (most recent call last):
  File "D:\Web Applications\training_institute\venv\Lib\site-packages\django\core\handlers\exception.py", line 55, in inner
    response = get_response(request)
  File "D:\Web Applications\training_institute\venv\Lib\site-packages\django\core\handlers\base.py", line 198, in _get_response
    response = wrapped_callback(request, *callback_args, **callback_kwargs)
  File "D:\Web Applications\training_institute\venv\Lib\site-packages\django\contrib\admin\options.py", line 711, in wrapper
    return self.admin_site.admin_view(view)(*args, **kwargs)
           ~~~~~~~~~~~~~~~~~~~~~~~~~~~~~~~~^^^^^^^^^^^^^^^^^
  File "D:\Web Applications\training_institute\venv\Lib\site-packages\django\utils\decorators.py", line 192, in _view_wrapper
    result = _process_exception(request, e)
  File "D:\Web Applications\training_institute\venv\Lib\site-packages\django\utils\decorators.py", line 190, in _view_wrapper
    response = view_func(request, *args, **kwargs)
  File "D:\Web Applications\training_institute\venv\Lib\site-packages\django\views\decorators\cache.py", line 80, in _view_wrapper
    response = view_func(request, *args, **kwargs)
  File "D:\Web Applications\training_institute\venv\Lib\site-packages\django\contrib\admin\sites.py", line 247, in inner
    return view(request, *args, **kwargs)
  File "D:\Web Applications\training_institute\venv\Lib\site-packages\django\contrib\admin\options.py", line 1943, in add_view
    return self.changeform_view(request, None, form_url, extra_context)
           ~~~~~~~~~~~~~~~~~~~~^^^^^^^^^^^^^^^^^^^^^^^^^^^^^^^^^^^^^^^^
  File "D:\Web Applications\training_institute\venv\Lib\site-packages\django\utils\decorators.py", line 48, in _wrapper
    return bound_method(*args, **kwargs)
  File "D:\Web Applications\training_institute\venv\Lib\site-packages\django\utils\decorators.py", line 192, in _view_wrapper
    result = _process_exception(request, e)
  File "D:\Web Applications\training_institute\venv\Lib\site-packages\django\utils\decorators.py", line 190, in _view_wrapper
    response = view_func(request, *args, **kwargs)
  File "D:\Web Applications\training_institute\venv\Lib\site-packages\django\contrib\admin\options.py", line 1802, in changeform_view
    return self._changeform_view(request, object_id, form_url, extra_context)
           ~~~~~~~~~~~~~~~~~~~~~^^^^^^^^^^^^^^^^^^^^^^^^^^^^^^^^^^^^^^^^^^^^^
  File "D:\Web Applications\training_institute\venv\Lib\site-packages\django\contrib\admin\options.py", line 1859, in _changeform_view
    self.log_addition(request, new_object, change_message)
    ~~~~~~~~~~~~~~~~~^^^^^^^^^^^^^^^^^^^^^^^^^^^^^^^^^^^^^
  File "D:\Web Applications\training_institute\venv\Lib\site-packages\django\contrib\admin\options.py", line 944, in log_addition
    return LogEntry.objects.log_actions(
           ~~~~~~~~~~~~~~~~~~~~~~~~~~~~^
        user_id=request.user.pk,
        ^^^^^^^^^^^^^^^^^^^^^^^^
    ...<3 lines>...
        single_object=True,
        ^^^^^^^^^^^^^^^^^^^
    )
    ^
  File "D:\Web Applications\training_institute\venv\Lib\site-packages\django\contrib\admin\models.py", line 49, in log_actions
    instance.save()
    ~~~~~~~~~~~~~^^
  File "D:\Web Applications\training_institute\venv\Lib\site-packages\django\db\models\base.py", line 874, in save
    self.save_base(
    ~~~~~~~~~~~~~~^
        using=using,
        ^^^^^^^^^^^^
    ...<2 lines>...
        update_fields=update_fields,
        ^^^^^^^^^^^^^^^^^^^^^^^^^^^^
    )
    ^
  File "D:\Web Applications\training_institute\venv\Lib\site-packages\django\db\models\base.py", line 966, in save_base
    updated = self._save_table(
        raw,
    ...<4 lines>...
        update_fields,
    )
  File "D:\Web Applications\training_institute\venv\Lib\site-packages\django\db\models\base.py", line 1169, in _save_table
    results = self._do_insert(
        cls._base_manager, using, insert_fields, returning_fields, raw
    )
  File "D:\Web Applications\training_institute\venv\Lib\site-packages\django\db\models\base.py", line 1220, in _do_insert
    return manager._insert(
           ~~~~~~~~~~~~~~~^
        [self],
        ^^^^^^^
    ...<3 lines>...
        raw=raw,
        ^^^^^^^^
    )
    ^
  File "D:\Web Applications\training_institute\venv\Lib\site-packages\django\db\models\manager.py", line 87, in manager_method
    return getattr(self.get_queryset(), name)(*args, **kwargs)
           ~~~~~~~~~~~~~~~~~~~~~~~~~~~~~~~~~~^^^^^^^^^^^^^^^^^
  File "D:\Web Applications\training_institute\venv\Lib\site-packages\django\db\models\query.py", line 1918, in _insert
    return query.get_compiler(using=using).execute_sql(returning_fields)
           ~~~~~~~~~~~~~~~~~~~~~~~~~~~~~~~~~~~~~~~~~~~^^^^^^^^^^^^^^^^^^
  File "D:\Web Applications\training_institute\venv\Lib\site-packages\django\db\models\sql\compiler.py", line 1925, in execute_sql
    cursor.execute(sql, params)
    ~~~~~~~~~~~~~~^^^^^^^^^^^^^
  File "D:\Web Applications\training_institute\venv\Lib\site-packages\django\db\backends\utils.py", line 122, in execute
    return super().execute(sql, params)
           ~~~~~~~~~~~~~~~^^^^^^^^^^^^^
  File "D:\Web Applications\training_institute\venv\Lib\site-packages\django\db\backends\utils.py", line 79, in execute
    return self._execute_with_wrappers(
           ~~~~~~~~~~~~~~~~~~~~~~~~~~~^
        sql, params, many=False, executor=self._execute
        ^^^^^^^^^^^^^^^^^^^^^^^^^^^^^^^^^^^^^^^^^^^^^^^
    )
    ^
  File "D:\Web Applications\training_institute\venv\Lib\site-packages\django\db\backends\utils.py", line 92, in _execute_with_wrappers
    return executor(sql, params, many, context)
  File "D:\Web Applications\training_institute\venv\Lib\site-packages\django\db\backends\utils.py", line 100, in _execute
    with self.db.wrap_database_errors:
         ^^^^^^^^^^^^^^^^^^^^^^^^^^^^
  File "D:\Web Applications\training_institute\venv\Lib\site-packages\django\db\utils.py", line 94, in __exit__
    raise dj_exc_value.with_traceback(traceback) from exc_value
  File "D:\Web Applications\training_institute\venv\Lib\site-packages\django\db\backends\utils.py", line 105, in _execute
    return self.cursor.execute(sql, params)
           ~~~~~~~~~~~~~~~~~~~^^^^^^^^^^^^^
  File "D:\Web Applications\training_institute\venv\Lib\site-packages\django\db\backends\mysql\base.py", line 78, in execute
    return self.cursor.execute(query, args)
           ~~~~~~~~~~~~~~~~~~~^^^^^^^^^^^^^
  File "D:\Web Applications\training_institute\venv\Lib\site-packages\MySQLdb\cursors.py", line 179, in execute
    res = self._query(mogrified_query)
  File "D:\Web Applications\training_institute\venv\Lib\site-packages\MySQLdb\cursors.py", line 330, in _query
    db.query(q)
    ~~~~~~~~^^^
  File "D:\Web Applications\training_institute\venv\Lib\site-packages\MySQLdb\connections.py", line 286, in query
    _mysql.connection.query(self, query)
    ~~~~~~~~~~~~~~~~~~~~~~~^^^^^^^^^^^^^
django.db.utils.IntegrityError: (1452, 'Cannot add or update a child row: a foreign key constraint fails (`training_institute_database`.`django_admin_log`, CONSTRAINT `django_admin_log_user_id_c564eba6_fk_auth_user_id` FOREIGN KEY (`user_id`) REFERENCES `auth_user` (`id`))')
ERROR 2026-05-18 13:19:10,790 log 8324 13980 "POST /admin/socialaccount/socialapp/add/ HTTP/1.1" 500 251770
INFO 2026-05-18 13:23:38,714 autoreload 28156 3604 Watching for file changes with StatReloader
INFO 2026-05-18 13:24:09,927 autoreload 28156 3604 D:\Web Applications\training_institute\training_institute\settings.py changed, reloading.
INFO 2026-05-18 13:24:10,841 autoreload 28148 20476 Watching for file changes with StatReloader
INFO 2026-05-18 13:24:20,603 log 28148 26868 "GET /admin/socialaccount/socialapp/add/ HTTP/1.1" 302 0
INFO 2026-05-18 13:24:20,667 log 28148 26868 "GET /admin/login/?next=/admin/socialaccount/socialapp/add/ HTTP/1.1" 200 4140
INFO 2026-05-18 13:24:26,667 log 28148 26868 "POST /admin/login/?next=/admin/socialaccount/socialapp/add/ HTTP/1.1" 302 0
INFO 2026-05-18 13:24:26,778 log 28148 26868 "GET /admin/socialaccount/socialapp/add/ HTTP/1.1" 200 22217
INFO 2026-05-18 13:24:26,854 log 28148 26868 "GET /admin/jsi18n/ HTTP/1.1" 200 3342
INFO 2026-05-18 13:24:28,760 log 28148 26868 "GET /admin/socialaccount/socialapp/ HTTP/1.1" 200 15556
INFO 2026-05-18 13:24:28,801 log 28148 26868 "GET /admin/jsi18n/ HTTP/1.1" 200 3342
INFO 2026-05-18 13:24:29,071 log 28148 3128 "GET /admin/jsi18n/ HTTP/1.1" 200 3342
INFO 2026-05-18 13:24:29,083 log 28148 3128 "GET /admin/jsi18n/ HTTP/1.1" 200 3342
INFO 2026-05-18 13:24:29,979 log 28148 26868 "GET /admin/socialaccount/socialapp/add/ HTTP/1.1" 200 22217
INFO 2026-05-18 13:24:30,026 log 28148 26868 "GET /admin/jsi18n/ HTTP/1.1" 200 3342
INFO 2026-05-18 13:24:30,112 log 28148 3128 "GET /admin/jsi18n/ HTTP/1.1" 200 3342
INFO 2026-05-18 13:25:56,099 log 28148 26868 "POST /admin/socialaccount/socialapp/add/ HTTP/1.1" 302 0
INFO 2026-05-18 13:25:56,134 log 28148 26868 "GET /admin/socialaccount/socialapp/ HTTP/1.1" 200 17250
INFO 2026-05-18 13:25:56,192 log 28148 26868 "GET /admin/jsi18n/ HTTP/1.1" 200 3342
INFO 2026-05-18 13:25:56,212 log 28148 3128 "GET /admin/jsi18n/ HTTP/1.1" 200 3342
INFO 2026-05-18 13:25:56,331 log 28148 26868 "GET /static/admin/img/icon-info-dark.svg HTTP/1.1" 200 630
INFO 2026-05-18 14:18:15,098 log 28148 28636 "GET / HTTP/1.1" 200 26492
INFO 2026-05-18 14:18:15,322 log 28148 28636 "GET /static/css/basestyles.css HTTP/1.1" 200 30154
INFO 2026-05-18 14:18:15,324 log 28148 28636 "GET /static/css/courses_details.css HTTP/1.1" 200 10744
INFO 2026-05-18 14:18:15,327 log 28148 28636 "GET /static/images/logoSample.png HTTP/1.1" 200 38769
WARNING 2026-05-18 14:18:15,355 log 28148 28636 "GET /static/training_institute_app/js/basestyles.js HTTP/1.1" 404 2044
INFO 2026-05-18 14:18:22,058 log 28148 20976 "GET /dashboard/ HTTP/1.1" 200 26741
WARNING 2026-05-18 14:18:22,282 log 28148 20976 "GET /static/js/libs/%40preline/input-number/index.js HTTP/1.1" 404 2041
WARNING 2026-05-18 14:18:22,287 log 28148 28804 "GET /static/js/libs/%40preline/tooltip/index.js HTTP/1.1" 404 2026
WARNING 2026-05-18 14:18:22,603 log 28148 9700 "GET /static/js/libs/apexcharts/dist/apexcharts.min.js HTTP/1.1" 404 2050
WARNING 2026-05-18 14:18:22,604 log 28148 14436 "GET /static/js/libs/%40preline/stepper/index.js HTTP/1.1" 404 2026
WARNING 2026-05-18 14:18:22,604 log 28148 22740 "GET /static/js/libs/owl.carousel/dist/owl.carousel.min.js HTTP/1.1" 404 2062
WARNING 2026-05-18 14:18:24,319 log 28148 3020 "GET /static/js/libs/%40preline/input-number/index.js HTTP/1.1" 404 2041
WARNING 2026-05-18 14:18:24,329 log 28148 15716 "GET /static/js/libs/%40preline/tooltip/index.js HTTP/1.1" 404 2026
WARNING 2026-05-18 14:18:24,332 log 28148 30380 "GET /static/js/libs/%40preline/stepper/index.js HTTP/1.1" 404 2026
WARNING 2026-05-18 14:18:24,332 log 28148 29860 "GET /static/js/libs/apexcharts/dist/apexcharts.min.js HTTP/1.1" 404 2050
WARNING 2026-05-18 14:18:24,333 log 28148 23824 "GET /static/js/libs/owl.carousel/dist/owl.carousel.min.js HTTP/1.1" 404 2062
WARNING 2026-05-18 14:18:28,939 log 28148 25900 Not Found: /signout/
WARNING 2026-05-18 14:18:28,939 log 28148 25900 "GET /signout/ HTTP/1.1" 404 5364
INFO 2026-05-18 14:18:39,458 autoreload 28148 20476 D:\Web Applications\training_institute\training_institute_app\urls.py changed, reloading.
INFO 2026-05-18 14:18:40,665 autoreload 26960 27028 Watching for file changes with StatReloader
INFO 2026-05-18 14:18:58,653 log 26960 15008 "GET /logout/ HTTP/1.1" 200 91
INFO 2026-05-18 14:19:16,089 autoreload 26960 27028 D:\Web Applications\training_institute\training_institute_app\views.py changed, reloading.
INFO 2026-05-18 14:19:17,013 autoreload 27444 15816 Watching for file changes with StatReloader
INFO 2026-05-18 14:19:17,723 log 27444 29680 "GET /logout/ HTTP/1.1" 302 0
INFO 2026-05-18 14:19:17,755 log 27444 29680 "GET / HTTP/1.1" 200 26492
WARNING 2026-05-18 14:19:17,842 log 27444 29680 "GET /static/training_institute_app/js/basestyles.js HTTP/1.1" 404 2044
INFO 2026-05-18 14:19:20,872 log 27444 9848 "GET /login/ HTTP/1.1" 200 34527
WARNING 2026-05-18 14:19:20,925 log 27444 29040 "GET /static/training_institute_app/js/basestyles.js HTTP/1.1" 404 2044
INFO 2026-05-18 14:19:20,956 log 27444 9848 "GET /static/css/login.css HTTP/1.1" 200 8727
ERROR 2026-05-18 14:19:24,246 log 27444 9848 Internal Server Error: /accounts/google/login/
Traceback (most recent call last):
  File "D:\Web Applications\training_institute\venv\Lib\site-packages\django\core\handlers\exception.py", line 55, in inner
    response = get_response(request)
  File "D:\Web Applications\training_institute\venv\Lib\site-packages\django\core\handlers\base.py", line 198, in _get_response
    response = wrapped_callback(request, *callback_args, **callback_kwargs)
  File "D:\Web Applications\training_institute\venv\Lib\site-packages\allauth\socialaccount\providers\oauth2\views.py", line 112, in view
    return self.dispatch(  # type:ignore[attr-defined]
           ~~~~~~~~~~~~~^^^^^^^^^^^^^^^^^^^^^^^^^^^^^^
        request, *args, **kwargs
        ^^^^^^^^^^^^^^^^^^^^^^^^
    )
    ^
  File "D:\Web Applications\training_institute\venv\Lib\site-packages\allauth\socialaccount\providers\base\views.py", line 19, in dispatch
    provider = self.get_provider()
  File "D:\Web Applications\training_institute\venv\Lib\site-packages\allauth\socialaccount\providers\oauth2\views.py", line 123, in get_provider
    return self.adapter.get_provider()
           ~~~~~~~~~~~~~~~~~~~~~~~~~^^
  File "D:\Web Applications\training_institute\venv\Lib\site-packages\allauth\socialaccount\providers\oauth2\views.py", line 50, in get_provider
    return get_adapter(self.request).get_provider(
           ~~~~~~~~~~~~~~~~~~~~~~~~~~~~~~~~~~~~~~^
        self.request, provider=self.provider_id
        ^^^^^^^^^^^^^^^^^^^^^^^^^^^^^^^^^^^^^^^
    )
    ^
  File "D:\Web Applications\training_institute\venv\Lib\site-packages\allauth\socialaccount\adapter.py", line 228, in get_provider
    app = self.get_app(request, provider=provider, client_id=client_id)
  File "D:\Web Applications\training_institute\venv\Lib\site-packages\allauth\socialaccount\adapter.py", line 320, in get_app
    raise SocialApp.DoesNotExist()
allauth.socialaccount.models.SocialApp.DoesNotExist
ERROR 2026-05-18 14:19:24,254 log 27444 9848 "GET /accounts/google/login/ HTTP/1.1" 500 98286
INFO 2026-05-18 14:19:49,382 autoreload 27444 15816 D:\Web Applications\training_institute\training_institute\urls.py changed, reloading.
INFO 2026-05-18 14:19:50,333 autoreload 13048 4084 Watching for file changes with StatReloader
ERROR 2026-05-18 14:19:54,253 log 13048 19152 Internal Server Error: /accounts/google/login/
Traceback (most recent call last):
  File "D:\Web Applications\training_institute\venv\Lib\site-packages\django\core\handlers\exception.py", line 55, in inner
    response = get_response(request)
  File "D:\Web Applications\training_institute\venv\Lib\site-packages\django\core\handlers\base.py", line 198, in _get_response
    response = wrapped_callback(request, *callback_args, **callback_kwargs)
  File "D:\Web Applications\training_institute\venv\Lib\site-packages\allauth\socialaccount\providers\oauth2\views.py", line 112, in view
    return self.dispatch(  # type:ignore[attr-defined]
           ~~~~~~~~~~~~~^^^^^^^^^^^^^^^^^^^^^^^^^^^^^^
        request, *args, **kwargs
        ^^^^^^^^^^^^^^^^^^^^^^^^
    )
    ^
  File "D:\Web Applications\training_institute\venv\Lib\site-packages\allauth\socialaccount\providers\base\views.py", line 19, in dispatch
    provider = self.get_provider()
  File "D:\Web Applications\training_institute\venv\Lib\site-packages\allauth\socialaccount\providers\oauth2\views.py", line 123, in get_provider
    return self.adapter.get_provider()
           ~~~~~~~~~~~~~~~~~~~~~~~~~^^
  File "D:\Web Applications\training_institute\venv\Lib\site-packages\allauth\socialaccount\providers\oauth2\views.py", line 50, in get_provider
    return get_adapter(self.request).get_provider(
           ~~~~~~~~~~~~~~~~~~~~~~~~~~~~~~~~~~~~~~^
        self.request, provider=self.provider_id
        ^^^^^^^^^^^^^^^^^^^^^^^^^^^^^^^^^^^^^^^
    )
    ^
  File "D:\Web Applications\training_institute\venv\Lib\site-packages\allauth\socialaccount\adapter.py", line 228, in get_provider
    app = self.get_app(request, provider=provider, client_id=client_id)
  File "D:\Web Applications\training_institute\venv\Lib\site-packages\allauth\socialaccount\adapter.py", line 320, in get_app
    raise SocialApp.DoesNotExist()
allauth.socialaccount.models.SocialApp.DoesNotExist
ERROR 2026-05-18 14:19:54,259 log 13048 19152 "GET /accounts/google/login/ HTTP/1.1" 500 98551
WARNING 2026-05-18 14:19:54,506 log 13048 19152 Not Found: /favicon.ico
WARNING 2026-05-18 14:19:54,506 log 13048 19152 "GET /favicon.ico HTTP/1.1" 404 5780
INFO 2026-05-18 14:20:00,065 autoreload 13048 4084 D:\Web Applications\training_institute\training_institute\urls.py changed, reloading.
INFO 2026-05-18 14:20:00,906 autoreload 11584 26876 Watching for file changes with StatReloader
INFO 2026-05-18 14:20:08,438 autoreload 11584 26876 D:\Web Applications\training_institute\training_institute_app\urls.py changed, reloading.
INFO 2026-05-18 14:20:09,329 autoreload 30116 26644 Watching for file changes with StatReloader
INFO 2026-05-18 14:21:21,868 autoreload 19976 23576 Watching for file changes with StatReloader
INFO 2026-05-18 14:21:24,235 log 19976 27028 "GET /login/ HTTP/1.1" 200 34527
INFO 2026-05-18 14:21:24,385 log 19976 26960 "GET /static/css/courses_details.css HTTP/1.1" 200 10744
INFO 2026-05-18 14:21:24,385 log 19976 27028 "GET /static/css/basestyles.css HTTP/1.1" 200 30154
INFO 2026-05-18 14:21:24,394 log 19976 26960 "GET /static/images/logoSample.png HTTP/1.1" 200 38769
INFO 2026-05-18 14:21:24,461 log 19976 26960 "GET /static/css/login.css HTTP/1.1" 200 8727
WARNING 2026-05-18 14:21:24,537 log 19976 26960 "GET /static/training_institute_app/js/basestyles.js HTTP/1.1" 404 2044
INFO 2026-05-18 14:21:24,759 log 19976 27028 "GET /static/images/logo.png HTTP/1.1" 200 853147
WARNING 2026-05-18 14:21:24,789 log 19976 27028 "GET /static/images/logo.jpeg HTTP/1.1" 404 1975
ERROR 2026-05-18 14:21:27,588 log 19976 4332 Internal Server Error: /accounts/google/login/
Traceback (most recent call last):
  File "D:\Web Applications\training_institute\venv\Lib\site-packages\django\core\handlers\exception.py", line 55, in inner
    response = get_response(request)
  File "D:\Web Applications\training_institute\venv\Lib\site-packages\django\core\handlers\base.py", line 198, in _get_response
    response = wrapped_callback(request, *callback_args, **callback_kwargs)
  File "D:\Web Applications\training_institute\venv\Lib\site-packages\allauth\socialaccount\providers\oauth2\views.py", line 112, in view
    return self.dispatch(  # type:ignore[attr-defined]
           ~~~~~~~~~~~~~^^^^^^^^^^^^^^^^^^^^^^^^^^^^^^
        request, *args, **kwargs
        ^^^^^^^^^^^^^^^^^^^^^^^^
    )
    ^
  File "D:\Web Applications\training_institute\venv\Lib\site-packages\allauth\socialaccount\providers\base\views.py", line 19, in dispatch
    provider = self.get_provider()
  File "D:\Web Applications\training_institute\venv\Lib\site-packages\allauth\socialaccount\providers\oauth2\views.py", line 123, in get_provider
    return self.adapter.get_provider()
           ~~~~~~~~~~~~~~~~~~~~~~~~~^^
  File "D:\Web Applications\training_institute\venv\Lib\site-packages\allauth\socialaccount\providers\oauth2\views.py", line 50, in get_provider
    return get_adapter(self.request).get_provider(
           ~~~~~~~~~~~~~~~~~~~~~~~~~~~~~~~~~~~~~~^
        self.request, provider=self.provider_id
        ^^^^^^^^^^^^^^^^^^^^^^^^^^^^^^^^^^^^^^^
    )
    ^
  File "D:\Web Applications\training_institute\venv\Lib\site-packages\allauth\socialaccount\adapter.py", line 228, in get_provider
    app = self.get_app(request, provider=provider, client_id=client_id)
  File "D:\Web Applications\training_institute\venv\Lib\site-packages\allauth\socialaccount\adapter.py", line 320, in get_app
    raise SocialApp.DoesNotExist()
allauth.socialaccount.models.SocialApp.DoesNotExist
ERROR 2026-05-18 14:21:27,593 log 19976 4332 "GET /accounts/google/login/ HTTP/1.1" 500 98286
WARNING 2026-05-18 14:21:27,915 log 19976 4332 Not Found: /favicon.ico
WARNING 2026-05-18 14:21:27,916 log 19976 4332 "GET /favicon.ico HTTP/1.1" 404 5628
INFO 2026-05-18 14:22:29,581 log 19976 4332 "GET /admin/ HTTP/1.1" 302 0
INFO 2026-05-18 14:22:29,615 log 19976 4332 "GET /admin/login/?next=/admin/ HTTP/1.1" 200 4084
INFO 2026-05-18 14:22:34,383 log 19976 4332 "POST /admin/login/?next=/admin/ HTTP/1.1" 302 0
INFO 2026-05-18 14:22:34,412 log 19976 4332 "GET /admin/ HTTP/1.1" 200 16755
INFO 2026-05-18 14:22:35,914 log 19976 4332 "GET /admin/socialaccount/socialapp/ HTTP/1.1" 200 17024
INFO 2026-05-18 14:22:35,949 log 19976 4332 "GET /admin/jsi18n/ HTTP/1.1" 200 3342
INFO 2026-05-18 14:22:36,953 log 19976 16000 "GET /admin/jsi18n/ HTTP/1.1" 200 3342
INFO 2026-05-18 14:22:37,144 log 19976 4332 "GET /admin/socialaccount/socialapp/1/change/ HTTP/1.1" 200 22610
INFO 2026-05-18 14:22:37,179 log 19976 4332 "GET /admin/jsi18n/ HTTP/1.1" 200 3342
INFO 2026-05-18 14:22:37,229 log 19976 16000 "GET /admin/jsi18n/ HTTP/1.1" 200 3342
INFO 2026-05-18 14:25:19,832 log 19976 4332 "POST /admin/socialaccount/socialapp/1/change/ HTTP/1.1" 302 0
INFO 2026-05-18 14:25:19,848 log 19976 4332 "GET /admin/socialaccount/socialapp/ HTTP/1.1" 200 17252
INFO 2026-05-18 14:25:19,895 log 19976 4332 "GET /admin/jsi18n/ HTTP/1.1" 200 3342
INFO 2026-05-18 14:25:19,912 log 19976 16000 "GET /admin/jsi18n/ HTTP/1.1" 200 3342
INFO 2026-05-18 14:25:19,936 log 19976 4332 "GET /static/admin/img/icon-info-dark.svg HTTP/1.1" 200 630
WARNING 2026-05-18 14:25:19,999 log 19976 4332 Not Found: /favicon.ico
WARNING 2026-05-18 14:25:19,999 log 19976 4332 "GET /favicon.ico HTTP/1.1" 404 5628
INFO 2026-05-18 14:25:21,068 log 19976 4332 "GET /admin/socialaccount/socialapp/1/change/ HTTP/1.1" 200 22664
INFO 2026-05-18 14:25:21,111 log 19976 4332 "GET /admin/jsi18n/ HTTP/1.1" 200 3342
INFO 2026-05-18 14:25:21,123 log 19976 16000 "GET /admin/jsi18n/ HTTP/1.1" 200 3342
INFO 2026-05-18 14:25:36,266 autoreload 19976 23576 D:\Web Applications\training_institute\training_institute\settings.py changed, reloading.
INFO 2026-05-18 14:25:37,387 autoreload 27232 25172 Watching for file changes with StatReloader
INFO 2026-05-18 14:25:42,818 autoreload 27232 25172 D:\Web Applications\training_institute\training_institute\settings.py changed, reloading.
INFO 2026-05-18 14:25:43,709 autoreload 30096 23560 Watching for file changes with StatReloader
INFO 2026-05-18 14:26:01,583 autoreload 30096 23560 D:\Web Applications\training_institute\training_institute\settings.py changed, reloading.
INFO 2026-05-18 14:26:02,578 autoreload 2768 12644 Watching for file changes with StatReloader
INFO 2026-05-18 14:27:50,463 autoreload 22996 20120 Watching for file changes with StatReloader
INFO 2026-05-18 14:27:50,839 log 22996 28964 "GET / HTTP/1.1" 200 26492
WARNING 2026-05-18 14:27:51,160 log 22996 28964 "GET /static/training_institute_app/js/basestyles.js HTTP/1.1" 404 2044
WARNING 2026-05-18 14:27:51,518 log 22996 24040 "GET /static/images/logo.jpeg HTTP/1.1" 404 1975
INFO 2026-05-18 14:27:58,319 log 22996 29172 "GET /login/ HTTP/1.1" 200 34527
WARNING 2026-05-18 14:27:58,423 log 22996 29172 "GET /static/training_institute_app/js/basestyles.js HTTP/1.1" 404 2044
INFO 2026-05-18 14:28:02,035 log 22996 9252 "GET /accounts/google/login/ HTTP/1.1" 200 1285
ERROR 2026-05-18 14:28:05,477 log 22996 9252 Internal Server Error: /accounts/google/login/
Traceback (most recent call last):
  File "D:\Web Applications\training_institute\venv\Lib\site-packages\django\core\handlers\exception.py", line 55, in inner
    response = get_response(request)
  File "D:\Web Applications\training_institute\venv\Lib\site-packages\django\core\handlers\base.py", line 198, in _get_response
    response = wrapped_callback(request, *callback_args, **callback_kwargs)
  File "D:\Web Applications\training_institute\venv\Lib\site-packages\allauth\socialaccount\providers\oauth2\views.py", line 112, in view
    return self.dispatch(  # type:ignore[attr-defined]
           ~~~~~~~~~~~~~^^^^^^^^^^^^^^^^^^^^^^^^^^^^^^
        request, *args, **kwargs
        ^^^^^^^^^^^^^^^^^^^^^^^^
    )
    ^
  File "D:\Web Applications\training_institute\venv\Lib\site-packages\allauth\socialaccount\providers\base\views.py", line 23, in dispatch
    return provider.redirect_from_request(request)
           ~~~~~~~~~~~~~~~~~~~~~~~~~~~~~~^^^^^^^^^
  File "D:\Web Applications\training_institute\venv\Lib\site-packages\allauth\socialaccount\providers\base\provider.py", line 59, in redirect_from_request
    return self.redirect(request, **kwargs)
           ~~~~~~~~~~~~~^^^^^^^^^^^^^^^^^^^
  File "D:\Web Applications\training_institute\venv\Lib\site-packages\allauth\socialaccount\providers\oauth2\provider.py", line 109, in redirect
    client = oauth2_adapter.get_client(request, app)
  File "D:\Web Applications\training_institute\venv\Lib\site-packages\allauth\socialaccount\providers\oauth2\views.py", line 82, in get_client
    callback_url = self.get_callback_url(request, app)
  File "D:\Web Applications\training_institute\venv\Lib\site-packages\allauth\socialaccount\providers\oauth2\views.py", line 61, in get_callback_url
    callback_url = reverse(f"{self.provider_id}_callback")
  File "D:\Web Applications\training_institute\venv\Lib\site-packages\django\urls\base.py", line 98, in reverse
    resolved_url = resolver._reverse_with_prefix(view, prefix, *args, **kwargs)
  File "D:\Web Applications\training_institute\venv\Lib\site-packages\django\urls\resolvers.py", line 842, in _reverse_with_prefix
    raise NoReverseMatch(msg)
django.urls.exceptions.NoReverseMatch: Reverse for 'google_callback' not found. 'google_callback' is not a valid view function or pattern name.
ERROR 2026-05-18 14:28:05,483 log 22996 9252 "POST /accounts/google/login/ HTTP/1.1" 500 111904
INFO 2026-05-18 14:31:17,653 autoreload 22996 20120 D:\Web Applications\training_institute\training_institute_app\urls.py changed, reloading.
INFO 2026-05-18 14:31:18,599 autoreload 29832 29120 Watching for file changes with StatReloader
INFO 2026-05-18 14:31:32,255 autoreload 29832 29120 D:\Web Applications\training_institute\training_institute_app\urls.py changed, reloading.
INFO 2026-05-18 14:31:33,120 autoreload 29716 29720 Watching for file changes with StatReloader
INFO 2026-05-18 14:34:49,467 log 29716 30620 "GET /accounts/google/login/ HTTP/1.1" 200 1977
WARNING 2026-05-18 14:34:49,685 log 29716 30620 Not Found: /favicon.ico
WARNING 2026-05-18 14:34:49,685 log 29716 30620 "GET /favicon.ico HTTP/1.1" 404 5874
INFO 2026-05-18 14:35:12,131 log 29716 30620 "POST /accounts/google/login/ HTTP/1.1" 302 0
INFO 2026-05-18 14:35:55,500 log 29716 30620 "GET /accounts/google/login/ HTTP/1.1" 200 1977
WARNING 2026-05-18 14:35:55,589 log 29716 30620 Not Found: /favicon.ico
WARNING 2026-05-18 14:35:55,590 log 29716 30620 "GET /favicon.ico HTTP/1.1" 404 5874
INFO 2026-05-18 14:35:57,052 log 29716 30620 "GET /accounts/google/login/ HTTP/1.1" 200 1977
WARNING 2026-05-18 14:35:57,135 log 29716 30620 Not Found: /favicon.ico
WARNING 2026-05-18 14:35:57,136 log 29716 30620 "GET /favicon.ico HTTP/1.1" 404 5874
INFO 2026-05-18 14:36:54,598 log 29716 7320 "POST /accounts/google/login/ HTTP/1.1" 302 0
INFO 2026-05-18 14:38:31,491 autoreload 29716 29720 D:\Web Applications\training_institute\training_institute_app\views.py changed, reloading.
INFO 2026-05-18 14:38:32,416 autoreload 28172 12476 Watching for file changes with StatReloader
INFO 2026-05-18 14:38:35,810 autoreload 28172 12476 D:\Web Applications\training_institute\training_institute_app\views.py changed, reloading.
INFO 2026-05-18 14:38:36,679 autoreload 24544 25244 Watching for file changes with StatReloader
INFO 2026-05-18 14:38:48,277 autoreload 24544 25244 D:\Web Applications\training_institute\training_institute_app\urls.py changed, reloading.
INFO 2026-05-18 14:38:49,244 autoreload 30360 29980 Watching for file changes with StatReloader
INFO 2026-05-18 14:38:58,795 autoreload 30360 29980 D:\Web Applications\training_institute\training_institute_app\urls.py changed, reloading.
INFO 2026-05-18 14:38:59,806 autoreload 23808 7320 Watching for file changes with StatReloader
INFO 2026-05-18 14:39:08,525 log 23808 26952 "GET /login/ HTTP/1.1" 200 35613
INFO 2026-05-18 14:39:08,665 log 23808 29404 "GET /static/css/courses_details.css HTTP/1.1" 200 10744
INFO 2026-05-18 14:39:08,666 log 23808 26952 "GET /static/css/basestyles.css HTTP/1.1" 200 30154
INFO 2026-05-18 14:39:08,679 log 23808 29404 "GET /static/images/logoSample.png HTTP/1.1" 200 38769
INFO 2026-05-18 14:39:08,747 log 23808 29404 "GET /static/css/login.css HTTP/1.1" 200 8727
WARNING 2026-05-18 14:39:08,807 log 23808 29404 "GET /static/training_institute_app/js/basestyles.js HTTP/1.1" 404 2044
INFO 2026-05-18 14:39:09,178 log 23808 26952 "GET /static/images/logo.png HTTP/1.1" 200 853147
WARNING 2026-05-18 14:39:09,209 log 23808 26952 "GET /static/images/logo.jpeg HTTP/1.1" 404 1975
INFO 2026-05-18 14:39:12,688 log 23808 30280 "GET /accounts/google/login/?process=login HTTP/1.1" 200 1977
WARNING 2026-05-18 14:39:12,890 log 23808 30280 Not Found: /favicon.ico
WARNING 2026-05-18 14:39:12,891 log 23808 30280 "GET /favicon.ico HTTP/1.1" 404 5874
INFO 2026-05-18 14:39:19,002 log 23808 30280 "POST /accounts/google/login/?process=login HTTP/1.1" 302 0
INFO 2026-05-18 14:41:27,343 autoreload 23808 7320 D:\Web Applications\training_institute\training_institute_app\views.py changed, reloading.
INFO 2026-05-18 14:41:28,393 autoreload 27728 28140 Watching for file changes with StatReloader
INFO 2026-05-18 14:41:47,243 autoreload 27728 28140 D:\Web Applications\training_institute\training_institute_app\urls.py changed, reloading.
INFO 2026-05-18 14:41:48,151 autoreload 28988 28948 Watching for file changes with StatReloader
INFO 2026-05-18 14:41:50,494 autoreload 28988 28948 D:\Web Applications\training_institute\training_institute_app\urls.py changed, reloading.
INFO 2026-05-18 14:41:51,355 autoreload 27484 1672 Watching for file changes with StatReloader
INFO 2026-05-18 14:41:56,789 autoreload 27484 1672 D:\Web Applications\training_institute\training_institute_app\urls.py changed, reloading.
INFO 2026-05-18 14:41:57,693 autoreload 28880 29672 Watching for file changes with StatReloader
INFO 2026-05-18 14:42:21,288 log 28880 7232 "GET /login/ HTTP/1.1" 200 35590
INFO 2026-05-18 14:42:21,439 log 28880 27844 "GET /static/css/courses_details.css HTTP/1.1" 200 10744
INFO 2026-05-18 14:42:21,439 log 28880 7232 "GET /static/css/basestyles.css HTTP/1.1" 200 30154
INFO 2026-05-18 14:42:21,449 log 28880 7232 "GET /static/images/logoSample.png HTTP/1.1" 200 38769
INFO 2026-05-18 14:42:21,518 log 28880 7232 "GET /static/css/login.css HTTP/1.1" 200 8727
WARNING 2026-05-18 14:42:21,592 log 28880 7232 "GET /static/training_institute_app/js/basestyles.js HTTP/1.1" 404 2044
INFO 2026-05-18 14:42:21,848 log 28880 27844 "GET /static/images/logo.png HTTP/1.1" 200 853147
WARNING 2026-05-18 14:42:21,868 log 28880 27844 "GET /static/images/logo.jpeg HTTP/1.1" 404 1975
INFO 2026-05-18 14:42:25,164 log 28880 6212 "GET /google-login/ HTTP/1.1" 200 1977
WARNING 2026-05-18 14:42:25,356 log 28880 6212 Not Found: /favicon.ico
WARNING 2026-05-18 14:42:25,357 log 28880 6212 "GET /favicon.ico HTTP/1.1" 404 6148
INFO 2026-05-18 14:42:27,758 log 28880 6212 "GET /google-login/ HTTP/1.1" 200 1977
INFO 2026-05-18 14:42:30,986 log 28880 6212 "POST /google-login/ HTTP/1.1" 302 0
INFO 2026-05-18 14:42:31,377 log 28880 6212 "POST /google-login/ HTTP/1.1" 302 0
INFO 2026-05-18 14:42:52,164 log 28880 6212 "GET /login/ HTTP/1.1" 200 35590
INFO 2026-05-18 14:42:52,229 log 28880 10580 "GET /static/css/courses_details.css HTTP/1.1" 200 10744
INFO 2026-05-18 14:42:52,229 log 28880 6212 "GET /static/css/basestyles.css HTTP/1.1" 200 30154
INFO 2026-05-18 14:42:52,231 log 28880 10580 "GET /static/images/logoSample.png HTTP/1.1" 200 38769
INFO 2026-05-18 14:42:52,240 log 28880 10580 "GET /static/css/login.css HTTP/1.1" 200 8727
WARNING 2026-05-18 14:42:52,390 log 28880 10580 "GET /static/training_institute_app/js/basestyles.js HTTP/1.1" 404 2044
INFO 2026-05-18 14:42:52,646 log 28880 6212 "GET /static/images/logo.png HTTP/1.1" 200 853147
WARNING 2026-05-18 14:42:52,669 log 28880 6212 "GET /static/images/logo.jpeg HTTP/1.1" 404 1975
INFO 2026-05-18 14:42:57,793 log 28880 26872 "GET /google-login/ HTTP/1.1" 200 1977
WARNING 2026-05-18 14:42:57,900 log 28880 26872 Not Found: /favicon.ico
WARNING 2026-05-18 14:42:57,901 log 28880 26872 "GET /favicon.ico HTTP/1.1" 404 6148
INFO 2026-05-18 14:43:00,009 log 28880 26872 "GET /login/ HTTP/1.1" 200 35590
INFO 2026-05-18 14:43:00,070 log 28880 30112 "GET /static/css/courses_details.css HTTP/1.1" 200 10744
INFO 2026-05-18 14:43:00,070 log 28880 26872 "GET /static/css/basestyles.css HTTP/1.1" 200 30154
INFO 2026-05-18 14:43:00,073 log 28880 26872 "GET /static/images/logoSample.png HTTP/1.1" 200 38769
INFO 2026-05-18 14:43:00,080 log 28880 26872 "GET /static/css/login.css HTTP/1.1" 200 8727
WARNING 2026-05-18 14:43:00,223 log 28880 26872 "GET /static/training_institute_app/js/basestyles.js HTTP/1.1" 404 2044
INFO 2026-05-18 14:43:00,405 log 28880 30112 "GET /static/images/logo.png HTTP/1.1" 200 853147
WARNING 2026-05-18 14:43:00,427 log 28880 30112 "GET /static/images/logo.jpeg HTTP/1.1" 404 1975
INFO 2026-05-18 14:43:04,013 log 28880 25520 "GET /google-login/ HTTP/1.1" 200 1977
WARNING 2026-05-18 14:43:04,142 log 28880 25520 Not Found: /favicon.ico
WARNING 2026-05-18 14:43:04,143 log 28880 25520 "GET /favicon.ico HTTP/1.1" 404 6148
INFO 2026-05-18 14:43:10,353 log 28880 25520 "GET /google-login/ HTTP/1.1" 200 1977
INFO 2026-05-18 14:44:31,717 autoreload 28880 29672 D:\Web Applications\training_institute\training_institute_app\views.py changed, reloading.
INFO 2026-05-18 14:44:32,642 autoreload 16684 3548 Watching for file changes with StatReloader
INFO 2026-05-18 14:44:44,261 autoreload 16684 3548 D:\Web Applications\training_institute\training_institute_app\urls.py changed, reloading.
INFO 2026-05-18 14:44:45,187 autoreload 30392 28572 Watching for file changes with StatReloader
INFO 2026-05-18 14:44:55,728 autoreload 30392 28572 D:\Web Applications\training_institute\training_institute_app\views.py changed, reloading.
INFO 2026-05-18 14:44:56,639 autoreload 21308 29424 Watching for file changes with StatReloader
INFO 2026-05-18 14:45:15,989 log 21308 27508 "GET /google-login/ HTTP/1.1" 302 0
INFO 2026-05-18 14:45:16,011 log 21308 27508 "GET /login/ HTTP/1.1" 200 35590
INFO 2026-05-18 14:45:16,117 log 21308 26852 "GET /static/css/courses_details.css HTTP/1.1" 200 10744
INFO 2026-05-18 14:45:16,117 log 21308 27508 "GET /static/css/basestyles.css HTTP/1.1" 200 30154
INFO 2026-05-18 14:45:16,137 log 21308 26852 "GET /static/images/logoSample.png HTTP/1.1" 200 38769
INFO 2026-05-18 14:45:16,201 log 21308 26852 "GET /static/css/login.css HTTP/1.1" 200 8727
WARNING 2026-05-18 14:45:16,251 log 21308 26852 "GET /static/training_institute_app/js/basestyles.js HTTP/1.1" 404 2044
INFO 2026-05-18 14:45:19,401 log 21308 27508 "GET /google-login/ HTTP/1.1" 302 0
INFO 2026-05-18 14:45:19,415 log 21308 27508 "GET /login/ HTTP/1.1" 200 35590
WARNING 2026-05-18 14:45:19,510 log 21308 27508 "GET /static/training_institute_app/js/basestyles.js HTTP/1.1" 404 2044
INFO 2026-05-18 14:45:22,376 log 21308 8956 "GET /google-login/ HTTP/1.1" 302 0
INFO 2026-05-18 14:45:22,385 log 21308 8956 "GET /login/ HTTP/1.1" 200 35590
WARNING 2026-05-18 14:45:22,457 log 21308 8956 "GET /static/training_institute_app/js/basestyles.js HTTP/1.1" 404 2044
INFO 2026-05-18 14:45:31,483 autoreload 21308 29424 D:\Web Applications\training_institute\training_institute_app\views.py changed, reloading.
INFO 2026-05-18 14:45:34,336 autoreload 19032 29760 Watching for file changes with StatReloader
INFO 2026-05-18 14:45:36,939 autoreload 19032 29760 D:\Web Applications\training_institute\training_institute_app\urls.py changed, reloading.
INFO 2026-05-18 14:45:40,214 autoreload 29836 27796 Watching for file changes with StatReloader
INFO 2026-05-18 14:45:41,912 autoreload 29836 27796 D:\Web Applications\training_institute\training_institute_app\views.py changed, reloading.
INFO 2026-05-18 14:45:44,053 autoreload 22760 28648 Watching for file changes with StatReloader
INFO 2026-05-18 14:45:44,490 log 22760 30712 "GET /login/ HTTP/1.1" 200 35590
INFO 2026-05-18 14:45:44,570 log 22760 30712 "GET /static/css/basestyles.css HTTP/1.1" 200 30154
INFO 2026-05-18 14:45:44,572 log 22760 30712 "GET /static/css/courses_details.css HTTP/1.1" 200 10744
INFO 2026-05-18 14:45:44,575 log 22760 30712 "GET /static/images/logoSample.png HTTP/1.1" 200 38769
INFO 2026-05-18 14:45:44,586 log 22760 30712 "GET /static/css/login.css HTTP/1.1" 200 8727
WARNING 2026-05-18 14:45:44,701 log 22760 30712 "GET /static/training_institute_app/js/basestyles.js HTTP/1.1" 404 2044
INFO 2026-05-18 14:45:44,889 log 22760 1800 "GET /static/images/logo.png HTTP/1.1" 200 853147
WARNING 2026-05-18 14:45:44,913 log 22760 1800 "GET /static/images/logo.jpeg HTTP/1.1" 404 1975
INFO 2026-05-18 14:45:47,694 log 22760 23328 "GET /google-login/ HTTP/1.1" 302 0
INFO 2026-05-18 14:45:47,716 log 22760 23328 "GET /login/ HTTP/1.1" 200 35590
WARNING 2026-05-18 14:45:47,836 log 22760 23328 "GET /static/training_institute_app/js/basestyles.js HTTP/1.1" 404 2044
INFO 2026-05-18 14:45:57,310 log 22760 22672 "GET /login/ HTTP/1.1" 200 35613
INFO 2026-05-18 14:45:57,380 log 22760 22672 "GET /static/css/basestyles.css HTTP/1.1" 200 30154
INFO 2026-05-18 14:45:57,381 log 22760 22672 "GET /static/css/courses_details.css HTTP/1.1" 200 10744
INFO 2026-05-18 14:45:57,383 log 22760 22672 "GET /static/images/logoSample.png HTTP/1.1" 200 38769
INFO 2026-05-18 14:45:57,396 log 22760 22672 "GET /static/css/login.css HTTP/1.1" 200 8727
WARNING 2026-05-18 14:45:57,531 log 22760 22672 "GET /static/training_institute_app/js/basestyles.js HTTP/1.1" 404 2044
INFO 2026-05-18 14:45:57,686 log 22760 22184 "GET /static/images/logo.png HTTP/1.1" 200 853147
WARNING 2026-05-18 14:45:57,708 log 22760 22184 "GET /static/images/logo.jpeg HTTP/1.1" 404 1975
INFO 2026-05-18 14:46:00,799 log 22760 29828 "GET /accounts/google/login/?process=login HTTP/1.1" 200 1977
WARNING 2026-05-18 14:46:00,927 log 22760 29828 Not Found: /favicon.ico
WARNING 2026-05-18 14:46:00,928 log 22760 29828 "GET /favicon.ico HTTP/1.1" 404 6148
INFO 2026-05-18 14:47:45,632 log 22760 29828 "GET /accounts/google/login/?process=login HTTP/1.1" 200 1977
WARNING 2026-05-18 14:47:45,714 log 22760 29828 Not Found: /favicon.ico
WARNING 2026-05-18 14:47:45,715 log 22760 29828 "GET /favicon.ico HTTP/1.1" 404 6148
INFO 2026-05-18 14:47:46,852 log 22760 29828 "GET /accounts/google/login/?process=login HTTP/1.1" 200 1977
WARNING 2026-05-18 14:47:46,953 log 22760 29828 Not Found: /favicon.ico
WARNING 2026-05-18 14:47:46,954 log 22760 29828 "GET /favicon.ico HTTP/1.1" 404 6148
INFO 2026-05-18 14:47:52,607 log 22760 29828 "GET /login/ HTTP/1.1" 200 35613
INFO 2026-05-18 14:47:52,680 log 22760 21060 "GET /static/css/courses_details.css HTTP/1.1" 200 10744
INFO 2026-05-18 14:47:52,681 log 22760 29828 "GET /static/css/basestyles.css HTTP/1.1" 200 30154
INFO 2026-05-18 14:47:52,683 log 22760 21060 "GET /static/images/logoSample.png HTTP/1.1" 200 38769
INFO 2026-05-18 14:47:52,686 log 22760 21060 "GET /static/css/login.css HTTP/1.1" 200 8727
WARNING 2026-05-18 14:47:52,851 log 22760 21060 "GET /static/training_institute_app/js/basestyles.js HTTP/1.1" 404 2044
INFO 2026-05-18 14:47:53,096 log 22760 29828 "GET /static/images/logo.png HTTP/1.1" 200 853147
WARNING 2026-05-18 14:47:53,117 log 22760 29828 "GET /static/images/logo.jpeg HTTP/1.1" 404 1975
INFO 2026-05-18 14:47:55,922 log 22760 19944 "GET /accounts/google/login/?process=login HTTP/1.1" 200 1977
WARNING 2026-05-18 14:47:56,119 log 22760 19944 Not Found: /favicon.ico
WARNING 2026-05-18 14:47:56,120 log 22760 19944 "GET /favicon.ico HTTP/1.1" 404 6148
INFO 2026-05-18 14:49:02,952 log 22760 19944 "GET /login/ HTTP/1.1" 200 35590
INFO 2026-05-18 14:49:03,020 log 22760 19944 "GET /static/css/basestyles.css HTTP/1.1" 200 30154
INFO 2026-05-18 14:49:03,023 log 22760 19944 "GET /static/css/courses_details.css HTTP/1.1" 200 10744
INFO 2026-05-18 14:49:03,029 log 22760 19944 "GET /static/images/logoSample.png HTTP/1.1" 200 38769
INFO 2026-05-18 14:49:03,045 log 22760 19944 "GET /static/css/login.css HTTP/1.1" 200 8727
WARNING 2026-05-18 14:49:03,175 log 22760 19944 "GET /static/training_institute_app/js/basestyles.js HTTP/1.1" 404 2044
INFO 2026-05-18 14:49:03,459 log 22760 11944 "GET /static/images/logo.png HTTP/1.1" 200 853147
WARNING 2026-05-18 14:49:03,484 log 22760 11944 "GET /static/images/logo.jpeg HTTP/1.1" 404 1975
INFO 2026-05-18 14:49:06,079 log 22760 15716 "GET /google-login/ HTTP/1.1" 302 0
INFO 2026-05-18 14:49:06,090 log 22760 15716 "GET /login/ HTTP/1.1" 200 35590
WARNING 2026-05-18 14:49:06,189 log 22760 15716 "GET /static/training_institute_app/js/basestyles.js HTTP/1.1" 404 2044
INFO 2026-05-18 14:49:08,916 log 22760 29436 "GET /google-login/ HTTP/1.1" 302 0
INFO 2026-05-18 14:49:08,924 log 22760 29436 "GET /login/ HTTP/1.1" 200 35590
WARNING 2026-05-18 14:49:09,003 log 22760 29436 "GET /static/training_institute_app/js/basestyles.js HTTP/1.1" 404 2044
INFO 2026-05-18 14:49:14,078 log 22760 20860 "GET /google-login/ HTTP/1.1" 302 0
INFO 2026-05-18 14:49:14,088 log 22760 20860 "GET /login/ HTTP/1.1" 200 35590
WARNING 2026-05-18 14:49:14,179 log 22760 20860 "GET /static/training_institute_app/js/basestyles.js HTTP/1.1" 404 2044
INFO 2026-05-18 14:49:23,440 log 22760 30036 "GET /login/ HTTP/1.1" 200 35613
INFO 2026-05-18 14:49:23,498 log 22760 30036 "GET /static/css/basestyles.css HTTP/1.1" 200 30154
INFO 2026-05-18 14:49:23,500 log 22760 30036 "GET /static/css/courses_details.css HTTP/1.1" 200 10744
INFO 2026-05-18 14:49:23,503 log 22760 30036 "GET /static/images/logoSample.png HTTP/1.1" 200 38769
INFO 2026-05-18 14:49:23,507 log 22760 30036 "GET /static/css/login.css HTTP/1.1" 200 8727
WARNING 2026-05-18 14:49:23,645 log 22760 30036 "GET /static/training_institute_app/js/basestyles.js HTTP/1.1" 404 2044
INFO 2026-05-18 14:49:23,858 log 22760 29184 "GET /static/images/logo.png HTTP/1.1" 200 853147
WARNING 2026-05-18 14:49:23,885 log 22760 29184 "GET /static/images/logo.jpeg HTTP/1.1" 404 1975
INFO 2026-05-18 14:49:26,496 log 22760 18112 "GET /accounts/google/login/?process=login HTTP/1.1" 200 1977
WARNING 2026-05-18 14:49:26,741 log 22760 18112 Not Found: /favicon.ico
WARNING 2026-05-18 14:49:26,741 log 22760 18112 "GET /favicon.ico HTTP/1.1" 404 6148
INFO 2026-05-18 14:49:27,598 log 22760 18112 "POST /accounts/google/login/?process=login HTTP/1.1" 302 0
ERROR 2026-05-18 14:49:35,164 log 22760 18112 Internal Server Error: /accounts/google/login/callback/
Traceback (most recent call last):
  File "D:\Web Applications\training_institute\venv\Lib\site-packages\allauth\socialaccount\internal\jwtkit.py", line 92, in verify_and_decode
    data = jwt.decode(
           ^^^^^^^^^^
AttributeError: module 'jwt' has no attribute 'decode'

During handling of the above exception, another exception occurred:

Traceback (most recent call last):
  File "D:\Web Applications\training_institute\venv\Lib\site-packages\django\core\handlers\exception.py", line 55, in inner
    response = get_response(request)
  File "D:\Web Applications\training_institute\venv\Lib\site-packages\django\core\handlers\base.py", line 198, in _get_response
    response = wrapped_callback(request, *callback_args, **callback_kwargs)
  File "D:\Web Applications\training_institute\venv\Lib\site-packages\allauth\socialaccount\providers\oauth2\views.py", line 112, in view
    return self.dispatch(  # type:ignore[attr-defined]
           ~~~~~~~~~~~~~^^^^^^^^^^^^^^^^^^^^^^^^^^^^^^
        request, *args, **kwargs
        ^^^^^^^^^^^^^^^^^^^^^^^^
    )
    ^
  File "D:\Web Applications\training_institute\venv\Lib\site-packages\allauth\socialaccount\providers\oauth2\views.py", line 160, in dispatch
    login = self.adapter.complete_login(
        request, app, token, response=access_token
    )
  File "D:\Web Applications\training_institute\venv\Lib\site-packages\allauth\socialaccount\providers\google\views.py", line 90, in complete_login
    data = self._decode_id_token(app, id_token)
  File "D:\Web Applications\training_institute\venv\Lib\site-packages\allauth\socialaccount\providers\google\views.py", line 110, in _decode_id_token
    return _verify_and_decode(app, id_token, verify_signature=verify_signature)
  File "D:\Web Applications\training_institute\venv\Lib\site-packages\allauth\socialaccount\providers\google\views.py", line 67, in _verify_and_decode
    return jwtkit.verify_and_decode(
           ~~~~~~~~~~~~~~~~~~~~~~~~^
        credential=credential,
        ^^^^^^^^^^^^^^^^^^^^^^
    ...<4 lines>...
        verify_signature=verify_signature,
        ^^^^^^^^^^^^^^^^^^^^^^^^^^^^^^^^^^
    )
    ^
  File "D:\Web Applications\training_institute\venv\Lib\site-packages\allauth\socialaccount\internal\jwtkit.py", line 107, in verify_and_decode
    except jwt.PyJWTError as e:
           ^^^^^^^^^^^^^^
AttributeError: module 'jwt' has no attribute 'PyJWTError'
ERROR 2026-05-18 14:49:35,172 log 22760 18112 "GET /accounts/google/login/callback/?state=6WOAJv3iXJuoNCmY&iss=https%3A%2F%2Faccounts.google.com&code=4%2F0AeoWuM9FYzmzsj0Wi4r8jCX_My3bsx7hdaMMR3fT3SUYEJi8dZkzKRh2GzH3cd9bcVto4w&scope=email+profile+https%3A%2F%2Fwww.googleapis.com%2Fauth%2Fuserinfo.profile+https%3A%2F%2Fwww.googleapis.com%2Fauth%2Fuserinfo.email+openid&authuser=0&prompt=consent HTTP/1.1" 500 121523
INFO 2026-05-18 14:50:24,919 autoreload 13636 12072 Watching for file changes with StatReloader
INFO 2026-05-18 14:50:29,568 log 13636 27080 "GET /accounts/google/login/callback/?state=6WOAJv3iXJuoNCmY&iss=https%3A%2F%2Faccounts.google.com&code=4%2F0AeoWuM8GTBy3_8swqOVxCZr1kxcJIUpz_hlJeqbJUxsO8mkRzIXxYKP3CR2WEZScucdE0g&scope=email+profile+https%3A%2F%2Fwww.googleapis.com%2Fauth%2Fuserinfo.profile+https%3A%2F%2Fwww.googleapis.com%2Fauth%2Fuserinfo.email+openid&authuser=0&prompt=consent HTTP/1.1" 302 0
INFO 2026-05-18 14:50:29,579 log 13636 27080 "GET /dashboard/ HTTP/1.1" 200 26741
WARNING 2026-05-18 14:50:29,801 log 13636 27080 "GET /static/js/libs/%40preline/input-number/index.js HTTP/1.1" 404 2041
WARNING 2026-05-18 14:50:29,805 log 13636 18648 "GET /static/js/libs/%40preline/tooltip/index.js HTTP/1.1" 404 2026
WARNING 2026-05-18 14:50:30,124 log 13636 27128 "GET /static/js/libs/owl.carousel/dist/owl.carousel.min.js HTTP/1.1" 404 2062
WARNING 2026-05-18 14:50:30,124 log 13636 22320 "GET /static/js/libs/%40preline/stepper/index.js HTTP/1.1" 404 2026
WARNING 2026-05-18 14:50:30,125 log 13636 15688 "GET /static/js/libs/apexcharts/dist/apexcharts.min.js HTTP/1.1" 404 2050
WARNING 2026-05-18 14:50:31,934 log 13636 27856 "GET /static/js/libs/%40preline/input-number/index.js HTTP/1.1" 404 2041
WARNING 2026-05-18 14:50:31,949 log 13636 3020 "GET /static/js/libs/%40preline/stepper/index.js HTTP/1.1" 404 2026
WARNING 2026-05-18 14:50:31,950 log 13636 7048 "GET /static/js/libs/%40preline/tooltip/index.js HTTP/1.1" 404 2026
WARNING 2026-05-18 14:50:31,964 log 13636 4992 "GET /static/js/libs/owl.carousel/dist/owl.carousel.min.js HTTP/1.1" 404 2062
WARNING 2026-05-18 14:50:31,965 log 13636 20772 "GET /static/js/libs/apexcharts/dist/apexcharts.min.js HTTP/1.1" 404 2050
INFO 2026-05-18 14:52:23,451 autoreload 13636 12072 D:\Web Applications\training_institute\training_institute_app\views.py changed, reloading.
INFO 2026-05-18 14:52:24,407 autoreload 10124 29616 Watching for file changes with StatReloader
INFO 2026-05-18 14:52:47,680 log 10124 20348 "GET /dashboard/ HTTP/1.1" 200 32436
INFO 2026-05-18 14:52:47,788 log 10124 1800 "GET /static/libs/owl.carousel/dist/assets/owl.carousel.min.css HTTP/1.1" 200 3351
INFO 2026-05-18 14:52:47,791 log 10124 20348 "GET /static/css/theme.css HTTP/1.1" 200 82072
INFO 2026-05-18 14:52:47,810 log 10124 1800 "GET /static/images/profile/user-1.jpg HTTP/1.1" 200 30954
INFO 2026-05-18 14:52:47,822 log 10124 20348 "GET /static/js/vendor.min.js HTTP/1.1" 200 87444
INFO 2026-05-18 14:52:47,826 log 10124 1800 "GET /static/js/theme/app.init.js HTTP/1.1" 200 370
INFO 2026-05-18 14:52:47,827 log 10124 20348 "GET /static/js/theme/app.min.js HTTP/1.1" 200 12818
INFO 2026-05-18 14:52:47,830 log 10124 1800 "GET /static/js/theme.js HTTP/1.1" 200 432
INFO 2026-05-18 14:52:47,834 log 10124 20348 "GET /static/libs/simplebar/dist/simplebar.min.js HTTP/1.1" 200 27518
WARNING 2026-05-18 14:52:47,845 log 10124 20348 "GET /static/js/libs/%40preline/input-number/index.js HTTP/1.1" 404 2041
INFO 2026-05-18 14:52:47,847 log 10124 1800 "GET /static/libs/preline/dist/preline.js HTTP/1.1" 200 363204
WARNING 2026-05-18 14:52:47,854 log 10124 1800 "GET /static/js/libs/%40preline/tooltip/index.js HTTP/1.1" 404 2026
WARNING 2026-05-18 14:52:47,907 log 10124 9048 "GET /static/js/libs/%40preline/stepper/index.js HTTP/1.1" 404 2026
WARNING 2026-05-18 14:52:48,020 log 10124 29088 "GET /static/js/libs/owl.carousel/dist/owl.carousel.min.js HTTP/1.1" 404 2062
WARNING 2026-05-18 14:52:48,055 log 10124 29780 "GET /static/js/libs/apexcharts/dist/apexcharts.min.js HTTP/1.1" 404 2050
INFO 2026-05-18 14:52:48,057 log 10124 26860 "GET /static/js/dashboards/dashboard.js HTTP/1.1" 200 5546
INFO 2026-05-18 14:52:48,126 log 10124 26860 "GET /static/images/logoSample.png HTTP/1.1" 200 38769
WARNING 2026-05-18 14:52:48,762 log 10124 29060 "GET /static/js/libs/%40preline/input-number/index.js HTTP/1.1" 404 2041
WARNING 2026-05-18 14:52:48,924 log 10124 23528 "GET /static/js/libs/%40preline/tooltip/index.js HTTP/1.1" 404 2026
WARNING 2026-05-18 14:52:49,431 log 10124 30696 "GET /static/js/libs/%40preline/stepper/index.js HTTP/1.1" 404 2026
WARNING 2026-05-18 14:52:49,748 log 10124 20192 "GET /static/js/libs/owl.carousel/dist/owl.carousel.min.js HTTP/1.1" 404 2062
WARNING 2026-05-18 14:52:49,748 log 10124 22104 "GET /static/js/libs/apexcharts/dist/apexcharts.min.js HTTP/1.1" 404 2050
INFO 2026-05-18 14:53:07,319 log 10124 26860 "GET /dashboard/ HTTP/1.1" 200 27717
INFO 2026-05-18 14:53:07,361 log 10124 23896 "GET /static/libs/owl.carousel/dist/assets/owl.carousel.min.css HTTP/1.1" 200 3351
INFO 2026-05-18 14:53:07,362 log 10124 26860 "GET /static/css/theme.css HTTP/1.1" 200 82072
INFO 2026-05-18 14:53:07,365 log 10124 23896 "GET /static/images/profile/user-1.jpg HTTP/1.1" 200 30954
INFO 2026-05-18 14:53:07,366 log 10124 26860 "GET /static/js/vendor.min.js HTTP/1.1" 200 87444
INFO 2026-05-18 14:53:07,378 log 10124 26860 "GET /static/js/theme/app.init.js HTTP/1.1" 200 370
INFO 2026-05-18 14:53:07,379 log 10124 23896 "GET /static/js/theme/app.min.js HTTP/1.1" 200 12818
INFO 2026-05-18 14:53:07,383 log 10124 26860 "GET /static/js/theme.js HTTP/1.1" 200 432
INFO 2026-05-18 14:53:07,386 log 10124 23896 "GET /static/libs/simplebar/dist/simplebar.min.js HTTP/1.1" 200 27518
WARNING 2026-05-18 14:53:07,392 log 10124 23896 "GET /static/js/libs/%40preline/input-number/index.js HTTP/1.1" 404 2041
INFO 2026-05-18 14:53:07,394 log 10124 26860 "GET /static/libs/preline/dist/preline.js HTTP/1.1" 200 363204
WARNING 2026-05-18 14:53:07,402 log 10124 26860 "GET /static/js/libs/%40preline/tooltip/index.js HTTP/1.1" 404 2026
WARNING 2026-05-18 14:53:07,684 log 10124 4596 "GET /static/js/libs/%40preline/stepper/index.js HTTP/1.1" 404 2026
WARNING 2026-05-18 14:53:07,695 log 10124 27156 "GET /static/js/libs/owl.carousel/dist/owl.carousel.min.js HTTP/1.1" 404 2062
WARNING 2026-05-18 14:53:07,705 log 10124 29428 "GET /static/js/libs/apexcharts/dist/apexcharts.min.js HTTP/1.1" 404 2050
INFO 2026-05-18 14:53:07,707 log 10124 28268 "GET /static/js/dashboards/dashboard.js HTTP/1.1" 200 5546
INFO 2026-05-18 14:53:07,742 log 10124 28268 "GET /static/images/logoSample.png HTTP/1.1" 200 38769
WARNING 2026-05-18 14:53:08,270 log 10124 26752 "GET /static/js/libs/%40preline/input-number/index.js HTTP/1.1" 404 2041
WARNING 2026-05-18 14:53:08,509 log 10124 17616 "GET /static/js/libs/%40preline/tooltip/index.js HTTP/1.1" 404 2026
WARNING 2026-05-18 14:53:09,060 log 10124 5044 "GET /static/js/libs/%40preline/stepper/index.js HTTP/1.1" 404 2026
WARNING 2026-05-18 14:53:09,522 log 10124 24040 "GET /static/js/libs/owl.carousel/dist/owl.carousel.min.js HTTP/1.1" 404 2062
WARNING 2026-05-18 14:53:09,522 log 10124 1628 "GET /static/js/libs/apexcharts/dist/apexcharts.min.js HTTP/1.1" 404 2050
INFO 2026-05-18 14:53:14,980 log 10124 28268 "GET /dashboard/ HTTP/1.1" 200 27712
INFO 2026-05-18 14:53:15,028 log 10124 5184 "GET /static/libs/owl.carousel/dist/assets/owl.carousel.min.css HTTP/1.1" 200 3351
INFO 2026-05-18 14:53:15,029 log 10124 28268 "GET /static/css/theme.css HTTP/1.1" 200 82072
INFO 2026-05-18 14:53:15,033 log 10124 5184 "GET /static/images/profile/user-1.jpg HTTP/1.1" 200 30954
INFO 2026-05-18 14:53:15,034 log 10124 28268 "GET /static/js/vendor.min.js HTTP/1.1" 200 87444
INFO 2026-05-18 14:53:15,039 log 10124 28268 "GET /static/js/theme/app.init.js HTTP/1.1" 200 370
INFO 2026-05-18 14:53:15,039 log 10124 5184 "GET /static/js/theme/app.min.js HTTP/1.1" 200 12818
INFO 2026-05-18 14:53:15,046 log 10124 28268 "GET /static/js/theme.js HTTP/1.1" 200 432
INFO 2026-05-18 14:53:15,047 log 10124 5184 "GET /static/libs/simplebar/dist/simplebar.min.js HTTP/1.1" 200 27518
WARNING 2026-05-18 14:53:15,055 log 10124 5184 "GET /static/js/libs/%40preline/input-number/index.js HTTP/1.1" 404 2041
INFO 2026-05-18 14:53:15,059 log 10124 28268 "GET /static/libs/preline/dist/preline.js HTTP/1.1" 200 363204
WARNING 2026-05-18 14:53:15,067 log 10124 28268 "GET /static/js/libs/%40preline/tooltip/index.js HTTP/1.1" 404 2026
WARNING 2026-05-18 14:53:15,352 log 10124 28652 "GET /static/js/libs/%40preline/stepper/index.js HTTP/1.1" 404 2026
WARNING 2026-05-18 14:53:15,356 log 10124 5340 "GET /static/js/libs/owl.carousel/dist/owl.carousel.min.js HTTP/1.1" 404 2062
WARNING 2026-05-18 14:53:15,370 log 10124 27496 "GET /static/js/libs/apexcharts/dist/apexcharts.min.js HTTP/1.1" 404 2050
INFO 2026-05-18 14:53:15,371 log 10124 21736 "GET /static/js/dashboards/dashboard.js HTTP/1.1" 200 5546
INFO 2026-05-18 14:53:15,417 log 10124 21736 "GET /static/images/logoSample.png HTTP/1.1" 200 38769
WARNING 2026-05-18 14:53:15,755 log 10124 30436 "GET /static/js/libs/%40preline/input-number/index.js HTTP/1.1" 404 2041
WARNING 2026-05-18 14:53:16,365 log 10124 27912 "GET /static/js/libs/%40preline/tooltip/index.js HTTP/1.1" 404 2026
WARNING 2026-05-18 14:53:16,801 log 10124 26916 "GET /static/js/libs/%40preline/stepper/index.js HTTP/1.1" 404 2026
WARNING 2026-05-18 14:53:17,129 log 10124 27928 "GET /static/js/libs/apexcharts/dist/apexcharts.min.js HTTP/1.1" 404 2050
WARNING 2026-05-18 14:53:17,130 log 10124 27384 "GET /static/js/libs/owl.carousel/dist/owl.carousel.min.js HTTP/1.1" 404 2062
INFO 2026-05-18 14:53:35,666 log 10124 21736 "GET /dashboard/ HTTP/1.1" 200 27591
INFO 2026-05-18 14:53:35,722 log 10124 6212 "GET /static/libs/owl.carousel/dist/assets/owl.carousel.min.css HTTP/1.1" 200 3351
INFO 2026-05-18 14:53:35,725 log 10124 21736 "GET /static/css/theme.css HTTP/1.1" 200 82072
INFO 2026-05-18 14:53:35,727 log 10124 6212 "GET /static/images/profile/user-1.jpg HTTP/1.1" 200 30954
INFO 2026-05-18 14:53:35,728 log 10124 21736 "GET /static/js/vendor.min.js HTTP/1.1" 200 87444
INFO 2026-05-18 14:53:35,744 log 10124 21736 "GET /static/js/theme/app.init.js HTTP/1.1" 200 370
INFO 2026-05-18 14:53:35,745 log 10124 6212 "GET /static/js/theme/app.min.js HTTP/1.1" 200 12818
INFO 2026-05-18 14:53:35,748 log 10124 21736 "GET /static/js/theme.js HTTP/1.1" 200 432
INFO 2026-05-18 14:53:35,749 log 10124 6212 "GET /static/libs/simplebar/dist/simplebar.min.js HTTP/1.1" 200 27518
WARNING 2026-05-18 14:53:35,755 log 10124 6212 "GET /static/js/libs/%40preline/input-number/index.js HTTP/1.1" 404 2041
INFO 2026-05-18 14:53:35,757 log 10124 21736 "GET /static/libs/preline/dist/preline.js HTTP/1.1" 200 363204
WARNING 2026-05-18 14:53:35,764 log 10124 21736 "GET /static/js/libs/%40preline/tooltip/index.js HTTP/1.1" 404 2026
WARNING 2026-05-18 14:53:36,034 log 10124 8784 "GET /static/js/libs/%40preline/stepper/index.js HTTP/1.1" 404 2026
WARNING 2026-05-18 14:53:36,034 log 10124 28176 "GET /static/js/libs/owl.carousel/dist/owl.carousel.min.js HTTP/1.1" 404 2062
WARNING 2026-05-18 14:53:36,067 log 10124 9012 "GET /static/js/libs/apexcharts/dist/apexcharts.min.js HTTP/1.1" 404 2050
INFO 2026-05-18 14:53:36,067 log 10124 9972 "GET /static/js/dashboards/dashboard.js HTTP/1.1" 200 5546
INFO 2026-05-18 14:53:36,087 log 10124 9972 "GET /static/images/logoSample.png HTTP/1.1" 200 38769
WARNING 2026-05-18 14:53:36,675 log 10124 29300 "GET /static/js/libs/%40preline/input-number/index.js HTTP/1.1" 404 2041
WARNING 2026-05-18 14:53:36,930 log 10124 21212 "GET /static/js/libs/%40preline/tooltip/index.js HTTP/1.1" 404 2026
WARNING 2026-05-18 14:53:36,999 log 10124 28548 "GET /static/js/libs/%40preline/stepper/index.js HTTP/1.1" 404 2026
WARNING 2026-05-18 14:53:37,000 log 10124 9936 "GET /static/js/libs/apexcharts/dist/apexcharts.min.js HTTP/1.1" 404 2050
WARNING 2026-05-18 14:53:37,001 log 10124 30620 "GET /static/js/libs/owl.carousel/dist/owl.carousel.min.js HTTP/1.1" 404 2062
INFO 2026-05-18 15:14:17,921 log 10124 28300 "GET /dashboard/ HTTP/1.1" 200 27560
INFO 2026-05-18 15:14:17,991 log 10124 29368 "GET /static/libs/owl.carousel/dist/assets/owl.carousel.min.css HTTP/1.1" 200 3351
INFO 2026-05-18 15:14:17,993 log 10124 28300 "GET /static/css/theme.css HTTP/1.1" 200 82072
INFO 2026-05-18 15:14:18,009 log 10124 29368 "GET /static/images/profile/user-1.jpg HTTP/1.1" 200 30954
INFO 2026-05-18 15:14:18,068 log 10124 28300 "GET /static/js/vendor.min.js HTTP/1.1" 200 87444
INFO 2026-05-18 15:14:18,145 log 10124 28300 "GET /static/js/theme/app.init.js HTTP/1.1" 200 370
INFO 2026-05-18 15:14:18,158 log 10124 29368 "GET /static/js/theme/app.min.js HTTP/1.1" 200 12818
INFO 2026-05-18 15:14:18,165 log 10124 28300 "GET /static/js/theme.js HTTP/1.1" 200 432
WARNING 2026-05-18 15:14:18,183 log 10124 28300 "GET /static/js/libs/%40preline/input-number/index.js HTTP/1.1" 404 2041
INFO 2026-05-18 15:14:18,244 log 10124 29368 "GET /static/libs/preline/dist/preline.js HTTP/1.1" 200 363204
WARNING 2026-05-18 15:14:18,249 log 10124 29368 "GET /static/js/libs/%40preline/tooltip/index.js HTTP/1.1" 404 2026
WARNING 2026-05-18 15:14:18,280 log 10124 20996 "GET /static/js/libs/%40preline/stepper/index.js HTTP/1.1" 404 2026
INFO 2026-05-18 15:14:18,393 log 10124 2260 "GET /static/libs/simplebar/dist/simplebar.min.js HTTP/1.1" 200 27518
WARNING 2026-05-18 15:14:18,398 log 10124 2260 "GET /static/js/libs/owl.carousel/dist/owl.carousel.min.js HTTP/1.1" 404 2062
WARNING 2026-05-18 15:14:18,439 log 10124 20592 "GET /static/js/libs/apexcharts/dist/apexcharts.min.js HTTP/1.1" 404 2050
INFO 2026-05-18 15:14:18,488 log 10124 29492 "GET /static/js/dashboards/dashboard.js HTTP/1.1" 200 5546
INFO 2026-05-18 15:14:18,524 log 10124 29492 "GET /static/images/logoSample.png HTTP/1.1" 200 38769
WARNING 2026-05-18 15:14:19,067 log 10124 12096 "GET /static/js/libs/%40preline/input-number/index.js HTTP/1.1" 404 2041
WARNING 2026-05-18 15:14:19,112 log 10124 14528 "GET /static/js/libs/%40preline/tooltip/index.js HTTP/1.1" 404 2026
WARNING 2026-05-18 15:14:19,808 log 10124 27080 "GET /static/js/libs/%40preline/stepper/index.js HTTP/1.1" 404 2026
WARNING 2026-05-18 15:14:20,117 log 10124 12252 "GET /static/js/libs/owl.carousel/dist/owl.carousel.min.js HTTP/1.1" 404 2062
WARNING 2026-05-18 15:14:20,118 log 10124 7936 "GET /static/js/libs/apexcharts/dist/apexcharts.min.js HTTP/1.1" 404 2050
INFO 2026-05-18 15:14:21,730 log 10124 29492 "GET /logout HTTP/1.1" 301 0
INFO 2026-05-18 15:14:21,746 log 10124 29492 "GET /logout/ HTTP/1.1" 302 0
INFO 2026-05-18 15:14:22,069 log 10124 29492 "GET / HTTP/1.1" 200 26492
WARNING 2026-05-18 15:14:22,147 log 10124 29492 "GET /static/training_institute_app/js/basestyles.js HTTP/1.1" 404 2044
INFO 2026-05-18 15:14:25,923 log 10124 22008 "GET /login/ HTTP/1.1" 200 35613
WARNING 2026-05-18 15:14:25,994 log 10124 22008 "GET /static/training_institute_app/js/basestyles.js HTTP/1.1" 404 2044
INFO 2026-05-18 15:14:33,882 log 10124 7000 "POST /signin/ HTTP/1.1" 200 82
INFO 2026-05-18 15:14:35,322 log 10124 7000 "GET /dashboard/ HTTP/1.1" 200 27548
WARNING 2026-05-18 15:14:35,402 log 10124 7000 "GET /static/js/libs/%40preline/input-number/index.js HTTP/1.1" 404 2041
WARNING 2026-05-18 15:14:35,627 log 10124 22644 "GET /static/js/libs/%40preline/tooltip/index.js HTTP/1.1" 404 2026
WARNING 2026-05-18 15:14:35,727 log 10124 17412 "GET /static/js/libs/owl.carousel/dist/owl.carousel.min.js HTTP/1.1" 404 2062
WARNING 2026-05-18 15:14:35,728 log 10124 19180 "GET /static/js/libs/%40preline/stepper/index.js HTTP/1.1" 404 2026
WARNING 2026-05-18 15:14:35,727 log 10124 23180 "GET /static/js/libs/apexcharts/dist/apexcharts.min.js HTTP/1.1" 404 2050
WARNING 2026-05-18 15:14:35,728 log 10124 11228 "GET /static/js/libs/%40preline/input-number/index.js HTTP/1.1" 404 2041
WARNING 2026-05-18 15:14:36,238 log 10124 30676 "GET /static/js/libs/%40preline/tooltip/index.js HTTP/1.1" 404 2026
WARNING 2026-05-18 15:14:36,558 log 10124 16120 "GET /static/js/libs/%40preline/stepper/index.js HTTP/1.1" 404 2026
WARNING 2026-05-18 15:14:36,560 log 10124 9012 "GET /static/js/libs/owl.carousel/dist/owl.carousel.min.js HTTP/1.1" 404 2062
WARNING 2026-05-18 15:14:36,569 log 10124 29844 "GET /static/js/libs/apexcharts/dist/apexcharts.min.js HTTP/1.1" 404 2050
INFO 2026-05-18 15:15:45,335 log 10124 27352 "GET /logout/ HTTP/1.1" 302 0
INFO 2026-05-18 15:15:45,344 log 10124 27352 "GET / HTTP/1.1" 200 26492
WARNING 2026-05-18 15:15:45,387 log 10124 27352 "GET /static/training_institute_app/js/basestyles.js HTTP/1.1" 404 2044
INFO 2026-05-18 15:15:52,545 log 10124 27828 "GET / HTTP/1.1" 200 26492
INFO 2026-05-18 15:15:52,632 log 10124 27984 "GET /static/css/courses_details.css HTTP/1.1" 200 10744
INFO 2026-05-18 15:15:52,632 log 10124 27828 "GET /static/css/basestyles.css HTTP/1.1" 200 30154
WARNING 2026-05-18 15:15:52,642 log 10124 27828 "GET /static/training_institute_app/images/image.jpeg HTTP/1.1" 404 2047
INFO 2026-05-18 15:15:52,643 log 10124 27984 "GET /static/images/logoSample.png HTTP/1.1" 200 38769
WARNING 2026-05-18 15:15:52,928 log 10124 27984 "GET /static/training_institute_app/images/image1.jpeg HTTP/1.1" 404 2050
WARNING 2026-05-18 15:15:52,933 log 10124 7120 "GET /static/training_institute_app/images/image2.jpeg HTTP/1.1" 404 2050
WARNING 2026-05-18 15:15:52,939 log 10124 29076 "GET /static/training_institute_app/images/image4.png HTTP/1.1" 404 2047
WARNING 2026-05-18 15:15:53,248 log 10124 29948 "GET /static/training_institute_app/js/basestyles.js HTTP/1.1" 404 2044
WARNING 2026-05-18 15:15:53,273 log 10124 23560 "GET /static/training_institute_app/images/image5.jpeg HTTP/1.1" 404 2050
INFO 2026-05-18 15:15:53,522 log 10124 28768 "GET /static/images/logo.png HTTP/1.1" 200 853147
WARNING 2026-05-18 15:15:53,545 log 10124 28768 "GET /static/images/logo.jpeg HTTP/1.1" 404 1975
INFO 2026-05-18 15:15:56,296 log 10124 25344 "GET /login HTTP/1.1" 301 0
INFO 2026-05-18 15:15:56,300 log 10124 25344 "GET /login/ HTTP/1.1" 200 35613
INFO 2026-05-18 15:15:56,523 log 10124 25344 "GET /static/css/login.css HTTP/1.1" 200 8727
WARNING 2026-05-18 15:15:56,531 log 10124 25344 "GET /static/training_institute_app/js/basestyles.js HTTP/1.1" 404 2044
INFO 2026-05-18 15:15:59,591 log 10124 10752 "GET /accounts/google/login/?process=login HTTP/1.1" 200 1412
WARNING 2026-05-18 15:15:59,922 log 10124 10752 Not Found: /favicon.ico
WARNING 2026-05-18 15:15:59,923 log 10124 10752 "GET /favicon.ico HTTP/1.1" 404 6148
INFO 2026-05-18 15:16:01,134 log 10124 10752 "POST /accounts/google/login/?process=login HTTP/1.1" 302 0
INFO 2026-05-18 15:16:09,382 log 10124 10752 "GET /accounts/google/login/callback/?state=opErFstOKI6HigVg&iss=https%3A%2F%2Faccounts.google.com&code=4%2F0AeoWuM_ockgXl8_uM7nM7gRJVcODMEHiwwWzRu3k4mAAGU67MrL8B5SK4Q4hwfT4vfMQoQ&scope=email+profile+https%3A%2F%2Fwww.googleapis.com%2Fauth%2Fuserinfo.profile+https%3A%2F%2Fwww.googleapis.com%2Fauth%2Fuserinfo.email+openid&authuser=0&prompt=consent HTTP/1.1" 302 0
INFO 2026-05-18 15:16:09,393 log 10124 10752 "GET /dashboard/ HTTP/1.1" 200 27560
INFO 2026-05-18 15:16:09,446 log 10124 29920 "GET /static/libs/owl.carousel/dist/assets/owl.carousel.min.css HTTP/1.1" 200 3351
INFO 2026-05-18 15:16:09,448 log 10124 10752 "GET /static/css/theme.css HTTP/1.1" 200 82072
INFO 2026-05-18 15:16:09,451 log 10124 29920 "GET /static/images/profile/user-1.jpg HTTP/1.1" 200 30954
INFO 2026-05-18 15:16:09,453 log 10124 10752 "GET /static/js/vendor.min.js HTTP/1.1" 200 87444
INFO 2026-05-18 15:16:09,681 log 10124 10752 "GET /static/js/theme/app.init.js HTTP/1.1" 200 370
INFO 2026-05-18 15:16:09,685 log 10124 10752 "GET /static/js/theme.js HTTP/1.1" 200 432
INFO 2026-05-18 15:16:09,685 log 10124 29920 "GET /static/js/theme/app.min.js HTTP/1.1" 200 12818
INFO 2026-05-18 15:16:09,690 log 10124 10752 "GET /static/libs/simplebar/dist/simplebar.min.js HTTP/1.1" 200 27518
WARNING 2026-05-18 15:16:09,702 log 10124 10752 "GET /static/js/libs/%40preline/input-number/index.js HTTP/1.1" 404 2041
INFO 2026-05-18 15:16:09,703 log 10124 29920 "GET /static/libs/preline/dist/preline.js HTTP/1.1" 200 363204
WARNING 2026-05-18 15:16:09,713 log 10124 29920 "GET /static/js/libs/%40preline/tooltip/index.js HTTP/1.1" 404 2026
WARNING 2026-05-18 15:16:09,757 log 10124 28808 "GET /static/js/libs/%40preline/stepper/index.js HTTP/1.1" 404 2026
WARNING 2026-05-18 15:16:09,757 log 10124 12036 "GET /static/js/libs/owl.carousel/dist/owl.carousel.min.js HTTP/1.1" 404 2062
WARNING 2026-05-18 15:16:09,992 log 10124 25256 "GET /static/js/libs/apexcharts/dist/apexcharts.min.js HTTP/1.1" 404 2050
INFO 2026-05-18 15:16:09,993 log 10124 17868 "GET /static/js/dashboards/dashboard.js HTTP/1.1" 200 5546
INFO 2026-05-18 15:16:15,521 log 10124 17868 "GET /logout HTTP/1.1" 301 0
INFO 2026-05-18 15:16:15,550 log 10124 17868 "GET /logout/ HTTP/1.1" 302 0
INFO 2026-05-18 15:16:15,558 log 10124 17868 "GET / HTTP/1.1" 200 26492
WARNING 2026-05-18 15:16:15,609 log 10124 17868 "GET /static/training_institute_app/images/image.jpeg HTTP/1.1" 404 2047
WARNING 2026-05-18 15:16:15,700 log 10124 29324 "GET /static/training_institute_app/images/image1.jpeg HTTP/1.1" 404 2050
WARNING 2026-05-18 15:16:16,006 log 10124 27776 "GET /static/training_institute_app/images/image2.jpeg HTTP/1.1" 404 2050
WARNING 2026-05-18 15:16:16,022 log 10124 30052 "GET /static/training_institute_app/images/image4.png HTTP/1.1" 404 2047
WARNING 2026-05-18 15:16:16,022 log 10124 29488 "GET /static/training_institute_app/images/image5.jpeg HTTP/1.1" 404 2050
WARNING 2026-05-18 15:16:16,022 log 10124 14480 "GET /static/training_institute_app/js/basestyles.js HTTP/1.1" 404 2044
INFO 2026-05-18 15:17:29,066 autoreload 10124 29616 D:\Web Applications\training_institute\training_institute_app\models.py changed, reloading.
INFO 2026-05-18 15:17:30,615 autoreload 29296 7324 Watching for file changes with StatReloader
INFO 2026-05-18 15:18:23,114 autoreload 19552 29436 Watching for file changes with StatReloader
INFO 2026-05-18 15:18:51,284 autoreload 19552 29436 D:\Web Applications\training_institute\training_institute_app\views.py changed, reloading.
INFO 2026-05-18 15:18:52,233 autoreload 5820 29596 Watching for file changes with StatReloader
INFO 2026-05-18 15:19:10,089 autoreload 5820 29596 D:\Web Applications\training_institute\training_institute_app\views.py changed, reloading.
INFO 2026-05-18 15:19:11,060 autoreload 30004 3592 Watching for file changes with StatReloader
INFO 2026-05-18 15:19:15,471 autoreload 30004 3592 D:\Web Applications\training_institute\training_institute_app\views.py changed, reloading.
INFO 2026-05-18 15:19:16,318 autoreload 9700 29480 Watching for file changes with StatReloader
INFO 2026-05-18 15:20:01,511 log 9700 27116 "GET / HTTP/1.1" 200 26492
INFO 2026-05-18 15:20:01,653 log 9700 27116 "GET /static/css/basestyles.css HTTP/1.1" 200 30154
INFO 2026-05-18 15:20:01,654 log 9700 29680 "GET /static/css/courses_details.css HTTP/1.1" 200 10744
WARNING 2026-05-18 15:20:01,676 log 9700 29680 "GET /static/training_institute_app/images/image.jpeg HTTP/1.1" 404 2047
INFO 2026-05-18 15:20:01,678 log 9700 27116 "GET /static/images/logoSample.png HTTP/1.1" 200 38769
WARNING 2026-05-18 15:20:01,740 log 9700 27116 "GET /static/training_institute_app/images/image1.jpeg HTTP/1.1" 404 2050
WARNING 2026-05-18 15:20:01,740 log 9700 27752 "GET /static/training_institute_app/images/image2.jpeg HTTP/1.1" 404 2050
WARNING 2026-05-18 15:20:01,874 log 9700 28156 "GET /static/training_institute_app/images/image4.png HTTP/1.1" 404 2047
WARNING 2026-05-18 15:20:02,045 log 9700 28632 "GET /static/training_institute_app/js/basestyles.js HTTP/1.1" 404 2044
WARNING 2026-05-18 15:20:02,046 log 9700 26992 "GET /static/training_institute_app/images/image5.jpeg HTTP/1.1" 404 2050
INFO 2026-05-18 15:20:02,069 log 9700 20960 "GET /static/images/logo.png HTTP/1.1" 200 853147
WARNING 2026-05-18 15:20:02,093 log 9700 20960 "GET /static/images/logo.jpeg HTTP/1.1" 404 1975
INFO 2026-05-18 15:20:05,261 log 9700 21248 "GET /login/ HTTP/1.1" 200 35613
WARNING 2026-05-18 15:20:05,319 log 9700 21248 "GET /static/training_institute_app/js/basestyles.js HTTP/1.1" 404 2044
INFO 2026-05-18 15:20:08,535 log 9700 3260 "GET /accounts/google/login/?process=login HTTP/1.1" 200 1634
WARNING 2026-05-18 15:20:08,664 log 9700 3260 Not Found: /favicon.ico
WARNING 2026-05-18 15:20:08,665 log 9700 3260 "GET /favicon.ico HTTP/1.1" 404 6148
INFO 2026-05-18 15:20:09,791 log 9700 3260 "POST /accounts/google/login/?process=login HTTP/1.1" 302 0
INFO 2026-05-18 15:20:10,780 log 9700 3260 "GET /accounts/google/login/callback/?state=AyE55zQmMRhSOCr5&iss=https%3A%2F%2Faccounts.google.com&code=4%2F0AeoWuM_LhsPQj7I5v7kpZcod9vzLL8rFsQrZUOoblrZjcC6WVXYhvlRyWJDI4mVHuqIJEQ&scope=email+profile+https%3A%2F%2Fwww.googleapis.com%2Fauth%2Fuserinfo.profile+openid+https%3A%2F%2Fwww.googleapis.com%2Fauth%2Fuserinfo.email&authuser=0&prompt=none HTTP/1.1" 302 0
INFO 2026-05-18 15:20:10,808 log 9700 3260 "GET /dashboard/ HTTP/1.1" 200 28010
WARNING 2026-05-18 15:20:10,860 log 9700 16984 "GET /static/js/libs/%40preline/tooltip/index.js HTTP/1.1" 404 2026
WARNING 2026-05-18 15:20:10,860 log 9700 3260 "GET /static/js/libs/%40preline/input-number/index.js HTTP/1.1" 404 2041
WARNING 2026-05-18 15:20:11,170 log 9700 10124 "GET /static/js/libs/owl.carousel/dist/owl.carousel.min.js HTTP/1.1" 404 2062
WARNING 2026-05-18 15:20:11,175 log 9700 26876 "GET /static/js/libs/%40preline/stepper/index.js HTTP/1.1" 404 2026
WARNING 2026-05-18 15:20:11,176 log 9700 15636 "GET /static/js/libs/apexcharts/dist/apexcharts.min.js HTTP/1.1" 404 2050
WARNING 2026-05-18 15:20:12,856 log 9700 29180 "GET /static/js/libs/%40preline/stepper/index.js HTTP/1.1" 404 2026
WARNING 2026-05-18 15:20:12,877 log 9700 28916 "GET /static/js/libs/%40preline/tooltip/index.js HTTP/1.1" 404 2026
WARNING 2026-05-18 15:20:12,878 log 9700 3292 "GET /static/js/libs/owl.carousel/dist/owl.carousel.min.js HTTP/1.1" 404 2062
WARNING 2026-05-18 15:20:12,879 log 9700 12672 "GET /static/js/libs/%40preline/input-number/index.js HTTP/1.1" 404 2041
WARNING 2026-05-18 15:20:12,889 log 9700 30480 "GET /static/js/libs/apexcharts/dist/apexcharts.min.js HTTP/1.1" 404 2050
INFO 2026-05-18 15:20:36,274 log 9700 24800 "GET /dashboard/ HTTP/1.1" 200 28298
INFO 2026-05-18 15:20:36,324 log 9700 7120 "GET /static/libs/owl.carousel/dist/assets/owl.carousel.min.css HTTP/1.1" 200 3351
INFO 2026-05-18 15:20:36,326 log 9700 24800 "GET /static/css/theme.css HTTP/1.1" 200 82072
INFO 2026-05-18 15:20:36,329 log 9700 24800 "GET /static/js/theme/app.init.js HTTP/1.1" 200 370
INFO 2026-05-18 15:20:36,331 log 9700 7120 "GET /static/js/vendor.min.js HTTP/1.1" 200 87444
INFO 2026-05-18 15:20:36,334 log 9700 7120 "GET /static/js/theme.js HTTP/1.1" 200 432
INFO 2026-05-18 15:20:36,334 log 9700 24800 "GET /static/js/theme/app.min.js HTTP/1.1" 200 12818
INFO 2026-05-18 15:20:36,338 log 9700 7120 "GET /static/libs/simplebar/dist/simplebar.min.js HTTP/1.1" 200 27518
INFO 2026-05-18 15:20:36,341 log 9700 24800 "GET /static/libs/preline/dist/preline.js HTTP/1.1" 200 363204
WARNING 2026-05-18 15:20:36,350 log 9700 7120 "GET /static/js/libs/%40preline/input-number/index.js HTTP/1.1" 404 2041
WARNING 2026-05-18 15:20:36,354 log 9700 24800 "GET /static/js/libs/%40preline/tooltip/index.js HTTP/1.1" 404 2026
WARNING 2026-05-18 15:20:36,517 log 9700 24184 "GET /static/js/libs/%40preline/stepper/index.js HTTP/1.1" 404 2026
WARNING 2026-05-18 15:20:36,649 log 9700 13968 "GET /static/js/libs/apexcharts/dist/apexcharts.min.js HTTP/1.1" 404 2050
INFO 2026-05-18 15:20:36,650 log 9700 24640 "GET /static/js/dashboards/dashboard.js HTTP/1.1" 200 5546
WARNING 2026-05-18 15:20:36,651 log 9700 27828 "GET /static/js/libs/owl.carousel/dist/owl.carousel.min.js HTTP/1.1" 404 2062
INFO 2026-05-18 15:20:36,693 log 9700 24640 "GET /static/images/logoSample.png HTTP/1.1" 200 38769
WARNING 2026-05-18 15:20:36,972 log 9700 26112 "GET /static/js/libs/%40preline/input-number/index.js HTTP/1.1" 404 2041
WARNING 2026-05-18 15:20:37,312 log 9700 19184 "GET /static/js/libs/%40preline/stepper/index.js HTTP/1.1" 404 2026
WARNING 2026-05-18 15:20:37,314 log 9700 26720 "GET /static/js/libs/%40preline/tooltip/index.js HTTP/1.1" 404 2026
WARNING 2026-05-18 15:20:37,314 log 9700 1968 "GET /static/js/libs/apexcharts/dist/apexcharts.min.js HTTP/1.1" 404 2050
WARNING 2026-05-18 15:20:38,500 log 9700 27984 "GET /static/js/libs/owl.carousel/dist/owl.carousel.min.js HTTP/1.1" 404 2062
INFO 2026-05-18 15:20:51,742 log 9700 24640 "GET /logout/ HTTP/1.1" 302 0
INFO 2026-05-18 15:20:51,760 log 9700 24640 "GET / HTTP/1.1" 200 26492
WARNING 2026-05-18 15:20:51,814 log 9700 24640 "GET /static/training_institute_app/images/image.jpeg HTTP/1.1" 404 2047
WARNING 2026-05-18 15:20:52,027 log 9700 29416 "GET /static/training_institute_app/images/image1.jpeg HTTP/1.1" 404 2050
WARNING 2026-05-18 15:20:52,159 log 9700 20592 "GET /static/training_institute_app/images/image2.jpeg HTTP/1.1" 404 2050
WARNING 2026-05-18 15:20:52,159 log 9700 10372 "GET /static/training_institute_app/images/image4.png HTTP/1.1" 404 2047
WARNING 2026-05-18 15:20:52,166 log 9700 25116 "GET /static/training_institute_app/js/basestyles.js HTTP/1.1" 404 2044
WARNING 2026-05-18 15:20:52,166 log 9700 28972 "GET /static/training_institute_app/images/image5.jpeg HTTP/1.1" 404 2050
INFO 2026-05-18 15:20:56,818 log 9700 2636 "GET /courses HTTP/1.1" 301 0
INFO 2026-05-18 15:20:56,888 log 9700 2636 "GET /courses/ HTTP/1.1" 200 33408
WARNING 2026-05-18 15:20:56,935 log 9700 2636 "GET /static/training_institute_app/js/basestyles.js HTTP/1.1" 404 2044
WARNING 2026-05-18 15:20:57,257 log 9700 29996 "GET /static/images/logo.jpeg HTTP/1.1" 404 1975
ERROR 2026-05-18 15:21:27,548 log 9700 27680 Internal Server Error: /courses/
Traceback (most recent call last):
  File "D:\Web Applications\training_institute\venv\Lib\site-packages\django\template\backends\django.py", line 107, in render
    return self.template.render(context)
           ~~~~~~~~~~~~~~~~~~~~^^^^^^^^^
  File "D:\Web Applications\training_institute\venv\Lib\site-packages\django\template\base.py", line 174, in render
    return self._render(context)
           ~~~~~~~~~~~~^^^^^^^^^
  File "D:\Web Applications\training_institute\venv\Lib\site-packages\django\template\base.py", line 166, in _render
    return self.nodelist.render(context)
           ~~~~~~~~~~~~~~~~~~~~^^^^^^^^^
  File "D:\Web Applications\training_institute\venv\Lib\site-packages\django\template\base.py", line 1091, in render
    return SafeString("".join([node.render_annotated(context) for node in self]))
                               ~~~~~~~~~~~~~~~~~~~~~^^^^^^^^^
  File "D:\Web Applications\training_institute\venv\Lib\site-packages\django\template\base.py", line 1052, in render_annotated
    return self.render(context)
           ~~~~~~~~~~~^^^^^^^^^
  File "D:\Web Applications\training_institute\venv\Lib\site-packages\django\template\loader_tags.py", line 135, in render
    compiled_parent = self.get_parent(context)
  File "D:\Web Applications\training_institute\venv\Lib\site-packages\django\template\loader_tags.py", line 132, in get_parent
    return self.find_template(parent, context)
           ~~~~~~~~~~~~~~~~~~^^^^^^^^^^^^^^^^^
  File "D:\Web Applications\training_institute\venv\Lib\site-packages\django\template\loader_tags.py", line 110, in find_template
    template, origin = context.template.engine.find_template(
                       ~~~~~~~~~~~~~~~~~~~~~~~~~~~~~~~~~~~~~^
        template_name,
        ^^^^^^^^^^^^^^
        skip=history,
        ^^^^^^^^^^^^^
    )
    ^
  File "D:\Web Applications\training_institute\venv\Lib\site-packages\django\template\engine.py", line 163, in find_template
    raise TemplateDoesNotExist(name, tried=tried)
django.template.exceptions.TemplateDoesNotExist: base.html

The above exception was the direct cause of the following exception:

Traceback (most recent call last):
  File "D:\Web Applications\training_institute\venv\Lib\site-packages\django\core\handlers\exception.py", line 55, in inner
    response = get_response(request)
  File "D:\Web Applications\training_institute\venv\Lib\site-packages\django\core\handlers\base.py", line 198, in _get_response
    response = wrapped_callback(request, *callback_args, **callback_kwargs)
  File "D:\Web Applications\training_institute\training_institute_app\views.py", line 19, in courses
    return render(request, 'training_institute_app/courses.html')
  File "D:\Web Applications\training_institute\venv\Lib\site-packages\django\shortcuts.py", line 25, in render
    content = loader.render_to_string(template_name, context, request, using=using)
  File "D:\Web Applications\training_institute\venv\Lib\site-packages\django\template\loader.py", line 62, in render_to_string
    return template.render(context, request)
           ~~~~~~~~~~~~~~~^^^^^^^^^^^^^^^^^^
  File "D:\Web Applications\training_institute\venv\Lib\site-packages\django\template\backends\django.py", line 109, in render
    reraise(exc, self.backend)
    ~~~~~~~^^^^^^^^^^^^^^^^^^^
  File "D:\Web Applications\training_institute\venv\Lib\site-packages\django\template\backends\django.py", line 130, in reraise
    raise new from exc
django.template.exceptions.TemplateDoesNotExist: base.html
ERROR 2026-05-18 15:21:27,556 log 9700 27680 "GET /courses/ HTTP/1.1" 500 138745
WARNING 2026-05-18 15:21:27,850 log 9700 27680 Not Found: /favicon.ico
WARNING 2026-05-18 15:21:27,851 log 9700 27680 "GET /favicon.ico HTTP/1.1" 404 6148
ERROR 2026-05-18 15:21:33,294 log 9700 27680 Internal Server Error: /courses/
Traceback (most recent call last):
  File "D:\Web Applications\training_institute\venv\Lib\site-packages\django\template\backends\django.py", line 107, in render
    return self.template.render(context)
           ~~~~~~~~~~~~~~~~~~~~^^^^^^^^^
  File "D:\Web Applications\training_institute\venv\Lib\site-packages\django\template\base.py", line 174, in render
    return self._render(context)
           ~~~~~~~~~~~~^^^^^^^^^
  File "D:\Web Applications\training_institute\venv\Lib\site-packages\django\template\base.py", line 166, in _render
    return self.nodelist.render(context)
           ~~~~~~~~~~~~~~~~~~~~^^^^^^^^^
  File "D:\Web Applications\training_institute\venv\Lib\site-packages\django\template\base.py", line 1091, in render
    return SafeString("".join([node.render_annotated(context) for node in self]))
                               ~~~~~~~~~~~~~~~~~~~~~^^^^^^^^^
  File "D:\Web Applications\training_institute\venv\Lib\site-packages\django\template\base.py", line 1052, in render_annotated
    return self.render(context)
           ~~~~~~~~~~~^^^^^^^^^
  File "D:\Web Applications\training_institute\venv\Lib\site-packages\django\template\loader_tags.py", line 160, in render
    return compiled_parent._render(context)
           ~~~~~~~~~~~~~~~~~~~~~~~^^^^^^^^^
  File "D:\Web Applications\training_institute\venv\Lib\site-packages\django\template\base.py", line 166, in _render
    return self.nodelist.render(context)
           ~~~~~~~~~~~~~~~~~~~~^^^^^^^^^
  File "D:\Web Applications\training_institute\venv\Lib\site-packages\django\template\base.py", line 1091, in render
    return SafeString("".join([node.render_annotated(context) for node in self]))
                               ~~~~~~~~~~~~~~~~~~~~~^^^^^^^^^
  File "D:\Web Applications\training_institute\venv\Lib\site-packages\django\template\base.py", line 1052, in render_annotated
    return self.render(context)
           ~~~~~~~~~~~^^^^^^^^^
  File "D:\Web Applications\training_institute\venv\Lib\site-packages\django\template\loader_tags.py", line 66, in render
    result = block.nodelist.render(context)
  File "D:\Web Applications\training_institute\venv\Lib\site-packages\django\template\base.py", line 1091, in render
    return SafeString("".join([node.render_annotated(context) for node in self]))
                               ~~~~~~~~~~~~~~~~~~~~~^^^^^^^^^
  File "D:\Web Applications\training_institute\venv\Lib\site-packages\django\template\base.py", line 1052, in render_annotated
    return self.render(context)
           ~~~~~~~~~~~^^^^^^^^^
  File "D:\Web Applications\training_institute\venv\Lib\site-packages\django\template\loader_tags.py", line 200, in render
    template = context.template.engine.select_template(template_name)
  File "D:\Web Applications\training_institute\venv\Lib\site-packages\django\template\engine.py", line 234, in select_template
    raise TemplateDoesNotExist(", ".join(not_found))
django.template.exceptions.TemplateDoesNotExist: components/nav.html

The above exception was the direct cause of the following exception:

Traceback (most recent call last):
  File "D:\Web Applications\training_institute\venv\Lib\site-packages\django\core\handlers\exception.py", line 55, in inner
    response = get_response(request)
  File "D:\Web Applications\training_institute\venv\Lib\site-packages\django\core\handlers\base.py", line 198, in _get_response
    response = wrapped_callback(request, *callback_args, **callback_kwargs)
  File "D:\Web Applications\training_institute\training_institute_app\views.py", line 19, in courses
    return render(request, 'training_institute_app/courses.html')
  File "D:\Web Applications\training_institute\venv\Lib\site-packages\django\shortcuts.py", line 25, in render
    content = loader.render_to_string(template_name, context, request, using=using)
  File "D:\Web Applications\training_institute\venv\Lib\site-packages\django\template\loader.py", line 62, in render_to_string
    return template.render(context, request)
           ~~~~~~~~~~~~~~~^^^^^^^^^^^^^^^^^^
  File "D:\Web Applications\training_institute\venv\Lib\site-packages\django\template\backends\django.py", line 109, in render
    reraise(exc, self.backend)
    ~~~~~~~^^^^^^^^^^^^^^^^^^^
  File "D:\Web Applications\training_institute\venv\Lib\site-packages\django\template\backends\django.py", line 130, in reraise
    raise new from exc
django.template.exceptions.TemplateDoesNotExist: components/nav.html
ERROR 2026-05-18 15:21:33,298 log 9700 27680 "GET /courses/ HTTP/1.1" 500 160660
WARNING 2026-05-18 15:21:33,527 log 9700 27680 Not Found: /favicon.ico
WARNING 2026-05-18 15:21:33,528 log 9700 27680 "GET /favicon.ico HTTP/1.1" 404 6148
INFO 2026-05-18 15:21:39,898 log 9700 27680 "GET /courses/ HTTP/1.1" 200 33408
INFO 2026-05-18 15:21:39,944 log 9700 4336 "GET /static/css/courses_details.css HTTP/1.1" 200 10744
INFO 2026-05-18 15:21:39,945 log 9700 27680 "GET /static/css/basestyles.css HTTP/1.1" 200 30154
INFO 2026-05-18 15:21:39,947 log 9700 27680 "GET /static/images/logoSample.png HTTP/1.1" 200 38769
WARNING 2026-05-18 15:21:39,963 log 9700 27680 "GET /static/training_institute_app/js/basestyles.js HTTP/1.1" 404 2044
INFO 2026-05-18 15:21:40,458 log 9700 4336 "GET /static/images/logo.png HTTP/1.1" 200 853147
WARNING 2026-05-18 15:21:40,483 log 9700 4336 "GET /static/images/logo.jpeg HTTP/1.1" 404 1975
INFO 2026-05-18 15:22:37,756 autoreload 9700 29480 D:\Web Applications\training_institute\training_institute_app\views.py changed, reloading.
INFO 2026-05-18 15:22:38,820 autoreload 19248 4332 Watching for file changes with StatReloader
ERROR 2026-05-18 15:22:39,076 log 19248 26256 Internal Server Error: /courses/
Traceback (most recent call last):
  File "D:\Web Applications\training_institute\venv\Lib\site-packages\django\core\handlers\exception.py", line 55, in inner
    response = get_response(request)
  File "D:\Web Applications\training_institute\venv\Lib\site-packages\django\core\handlers\base.py", line 198, in _get_response
    response = wrapped_callback(request, *callback_args, **callback_kwargs)
  File "D:\Web Applications\training_institute\training_institute_app\views.py", line 19, in courses
    return render(request, 'courses.html')
  File "D:\Web Applications\training_institute\venv\Lib\site-packages\django\shortcuts.py", line 25, in render
    content = loader.render_to_string(template_name, context, request, using=using)
  File "D:\Web Applications\training_institute\venv\Lib\site-packages\django\template\loader.py", line 61, in render_to_string
    template = get_template(template_name, using=using)
  File "D:\Web Applications\training_institute\venv\Lib\site-packages\django\template\loader.py", line 19, in get_template
    raise TemplateDoesNotExist(template_name, chain=chain)
django.template.exceptions.TemplateDoesNotExist: courses.html
ERROR 2026-05-18 15:22:39,078 log 19248 26256 "GET /courses/ HTTP/1.1" 500 92272
WARNING 2026-05-18 15:22:39,251 log 19248 26256 Not Found: /favicon.ico
WARNING 2026-05-18 15:22:39,252 log 19248 26256 "GET /favicon.ico HTTP/1.1" 404 6148
INFO 2026-05-18 15:22:43,257 autoreload 19248 4332 D:\Web Applications\training_institute\training_institute_app\views.py changed, reloading.
INFO 2026-05-18 15:22:44,188 autoreload 12096 28536 Watching for file changes with StatReloader
INFO 2026-05-18 15:22:45,328 log 12096 30036 "GET /courses/ HTTP/1.1" 200 33408
INFO 2026-05-18 15:22:45,419 log 12096 26828 "GET /static/css/courses_details.css HTTP/1.1" 200 10744
INFO 2026-05-18 15:22:45,422 log 12096 26828 "GET /static/images/logoSample.png HTTP/1.1" 200 38769
INFO 2026-05-18 15:22:45,423 log 12096 30036 "GET /static/css/basestyles.css HTTP/1.1" 200 30154
WARNING 2026-05-18 15:22:45,429 log 12096 30036 "GET /static/training_institute_app/js/basestyles.js HTTP/1.1" 404 2044
INFO 2026-05-18 15:22:45,900 log 12096 26828 "GET /static/images/logo.png HTTP/1.1" 200 853147
WARNING 2026-05-18 15:22:45,924 log 12096 26828 "GET /static/images/logo.jpeg HTTP/1.1" 404 1975
WARNING 2026-05-18 15:22:49,965 log 12096 27312 Not Found: /.well-known/appspecific/com.chrome.devtools.json
WARNING 2026-05-18 15:22:49,966 log 12096 27312 "GET /.well-known/appspecific/com.chrome.devtools.json HTTP/1.1" 404 6259
INFO 2026-05-18 15:23:24,742 log 12096 27312 "GET /courses/ HTTP/1.1" 200 33431
WARNING 2026-05-18 15:23:24,809 log 12096 27312 Not Found: /.well-known/appspecific/com.chrome.devtools.json
WARNING 2026-05-18 15:23:24,810 log 12096 27312 "GET /.well-known/appspecific/com.chrome.devtools.json HTTP/1.1" 404 6259
WARNING 2026-05-18 15:23:24,815 log 12096 27312 "GET /static/training_institute_app/css/basestyles.css HTTP/1.1" 404 2050
INFO 2026-05-18 15:23:25,037 log 12096 28072 "GET /static/css/courses_details.css HTTP/1.1" 200 10744
INFO 2026-05-18 15:23:25,040 log 12096 28072 "GET /static/images/logoSample.png HTTP/1.1" 200 38769
WARNING 2026-05-18 15:23:25,049 log 12096 28072 "GET /static/training_institute_app/js/basestyles.js HTTP/1.1" 404 2044
INFO 2026-05-18 15:23:25,514 log 12096 25836 "GET /static/images/logo.png HTTP/1.1" 200 853147
WARNING 2026-05-18 15:23:25,537 log 12096 25836 "GET /static/images/logo.jpeg HTTP/1.1" 404 1975
INFO 2026-05-18 15:23:36,484 log 12096 7468 "GET /courses/ HTTP/1.1" 200 33454
WARNING 2026-05-18 15:23:36,522 log 12096 7468 "GET /static/training_institute_app/css/basestyles.css HTTP/1.1" 404 2050
WARNING 2026-05-18 15:23:36,523 log 12096 29580 "GET /static/training_institute_app/css/courses_details.css HTTP/1.1" 404 2065
INFO 2026-05-18 15:23:36,827 log 12096 1456 "GET /static/images/logoSample.png HTTP/1.1" 200 38769
WARNING 2026-05-18 15:23:36,836 log 12096 1456 "GET /static/training_institute_app/js/basestyles.js HTTP/1.1" 404 2044
INFO 2026-05-18 15:23:36,994 log 12096 22936 "GET /static/images/logo.png HTTP/1.1" 200 853147
WARNING 2026-05-18 15:23:37,033 log 12096 22936 "GET /static/images/logo.jpeg HTTP/1.1" 404 1975
INFO 2026-05-18 15:24:03,485 log 12096 12172 "GET /courses/ HTTP/1.1" 200 33431
WARNING 2026-05-18 15:24:03,545 log 12096 12172 "GET /static/training_institute_app/css/basestyles.css HTTP/1.1" 404 2050
WARNING 2026-05-18 15:24:03,799 log 12096 26852 "GET /static/training_institute_app/css/courses_details.css HTTP/1.1" 404 2065
INFO 2026-05-18 15:24:03,853 log 12096 30544 "GET /static/images/logoSample.png HTTP/1.1" 200 38769
INFO 2026-05-18 15:24:03,910 log 12096 30544 "GET /static/js/basestyles.js HTTP/1.1" 200 7312
INFO 2026-05-18 15:24:03,939 log 12096 30544 "GET /static/images/logo.png HTTP/1.1" 200 853147
WARNING 2026-05-18 15:24:03,959 log 12096 30544 "GET /static/images/logo.jpeg HTTP/1.1" 404 1975
INFO 2026-05-18 15:24:04,515 log 12096 23592 "GET /static/js/basestyles.js HTTP/1.1" 200 7312
WARNING 2026-05-18 15:24:08,103 log 12096 30008 "GET /static/training_institute_app/css/basestyles.css HTTP/1.1" 404 2050
WARNING 2026-05-18 15:24:08,420 log 12096 21816 "GET /static/training_institute_app/css/courses_details.css HTTP/1.1" 404 2065
WARNING 2026-05-18 15:24:08,436 log 12096 9488 Not Found: /.well-known/appspecific/com.chrome.devtools.json
WARNING 2026-05-18 15:24:08,438 log 12096 9488 "GET /.well-known/appspecific/com.chrome.devtools.json HTTP/1.1" 404 6259
INFO 2026-05-18 15:24:52,143 log 12096 9488 "GET /courses/ HTTP/1.1" 200 33408
INFO 2026-05-18 15:24:52,234 log 12096 9488 "GET /static/css/basestyles.css HTTP/1.1" 200 30154
INFO 2026-05-18 15:24:52,237 log 12096 9488 "GET /static/css/courses_details.css HTTP/1.1" 200 10744
INFO 2026-05-18 15:24:52,242 log 12096 9488 "GET /static/images/logoSample.png HTTP/1.1" 200 38769
WARNING 2026-05-18 15:24:52,249 log 12096 9488 Not Found: /.well-known/appspecific/com.chrome.devtools.json
WARNING 2026-05-18 15:24:52,249 log 12096 9488 "GET /.well-known/appspecific/com.chrome.devtools.json HTTP/1.1" 404 6259
WARNING 2026-05-18 15:24:52,373 log 12096 9488 "GET /static/training_institute_app/js/basestyles.js HTTP/1.1" 404 2044
INFO 2026-05-18 15:24:52,718 log 12096 28752 "GET /static/images/logo.png HTTP/1.1" 200 853147
WARNING 2026-05-18 15:24:52,739 log 12096 28752 "GET /static/images/logo.jpeg HTTP/1.1" 404 1975
INFO 2026-05-18 15:25:11,090 log 12096 28852 "GET /courses/ HTTP/1.1" 200 33385
WARNING 2026-05-18 15:25:11,158 log 12096 28852 Not Found: /.well-known/appspecific/com.chrome.devtools.json
WARNING 2026-05-18 15:25:11,159 log 12096 28852 "GET /.well-known/appspecific/com.chrome.devtools.json HTTP/1.1" 404 6259
INFO 2026-05-18 15:25:11,163 log 12096 29468 "GET /static/css/basestyles.css HTTP/1.1" 200 30154
INFO 2026-05-18 15:25:11,166 log 12096 28852 "GET /static/css/courses_details.css HTTP/1.1" 200 10744
INFO 2026-05-18 15:25:11,167 log 12096 29468 "GET /static/images/logoSample.png HTTP/1.1" 200 38769
INFO 2026-05-18 15:25:11,301 log 12096 29468 "GET /static/js/basestyles.js HTTP/1.1" 200 7312
INFO 2026-05-18 15:25:11,619 log 12096 29468 "GET /static/images/logo.png HTTP/1.1" 200 853147
WARNING 2026-05-18 15:25:11,652 log 12096 29468 "GET /static/images/logo.jpeg HTTP/1.1" 404 1975
INFO 2026-05-18 15:27:50,129 log 12096 28852 "GET /courses/ HTTP/1.1" 200 33385
INFO 2026-05-18 15:27:50,211 log 12096 28852 "GET /static/css/basestyles.css HTTP/1.1" 200 30154
INFO 2026-05-18 15:27:50,218 log 12096 28852 "GET /static/css/courses_details.css HTTP/1.1" 200 10744
INFO 2026-05-18 15:27:50,221 log 12096 28852 "GET /static/images/logoSample.png HTTP/1.1" 200 38769
INFO 2026-05-18 15:27:50,223 log 12096 28852 "GET /static/js/basestyles.js HTTP/1.1" 200 7312
WARNING 2026-05-18 15:27:50,231 log 12096 28852 Not Found: /.well-known/appspecific/com.chrome.devtools.json
WARNING 2026-05-18 15:27:50,232 log 12096 28852 "GET /.well-known/appspecific/com.chrome.devtools.json HTTP/1.1" 404 6259
INFO 2026-05-18 15:27:50,797 log 12096 28852 "GET /static/images/logo.png HTTP/1.1" 200 853147
WARNING 2026-05-18 15:27:50,824 log 12096 28852 "GET /static/images/logo.jpeg HTTP/1.1" 404 1975
INFO 2026-05-18 15:29:20,252 log 12096 25980 "GET /courses/ HTTP/1.1" 200 33385
WARNING 2026-05-18 15:29:20,336 log 12096 25980 Not Found: /.well-known/appspecific/com.chrome.devtools.json
WARNING 2026-05-18 15:29:20,338 log 12096 25980 "GET /.well-known/appspecific/com.chrome.devtools.json HTTP/1.1" 404 6259
INFO 2026-05-18 15:29:20,339 log 12096 28908 "GET /static/css/basestyles.css HTTP/1.1" 200 30154
INFO 2026-05-18 15:29:20,341 log 12096 25980 "GET /static/css/courses_details.css HTTP/1.1" 200 10744
INFO 2026-05-18 15:29:20,342 log 12096 28908 "GET /static/images/logoSample.png HTTP/1.1" 200 38769
INFO 2026-05-18 15:29:20,344 log 12096 25980 "GET /static/js/basestyles.js HTTP/1.1" 200 6950
INFO 2026-05-18 15:29:20,934 log 12096 25980 "GET /static/images/logo.png HTTP/1.1" 200 853147
WARNING 2026-05-18 15:29:20,970 log 12096 25980 "GET /static/images/logo.jpeg HTTP/1.1" 404 1975
WARNING 2026-05-18 15:29:32,147 log 12096 28908 Not Found: /courses-details
WARNING 2026-05-18 15:29:32,148 log 12096 28908 "GET /courses-details HTTP/1.1" 404 6160
WARNING 2026-05-18 15:29:32,447 log 12096 28908 Not Found: /favicon.ico
WARNING 2026-05-18 15:29:32,448 log 12096 28908 "GET /favicon.ico HTTP/1.1" 404 6148
INFO 2026-05-18 15:30:03,746 log 12096 28908 "GET /courses/ HTTP/1.1" 200 33386
INFO 2026-05-18 15:30:03,807 log 12096 10124 "GET /static/css/courses_details.css HTTP/1.1" 200 10744
INFO 2026-05-18 15:30:03,809 log 12096 28908 "GET /static/css/basestyles.css HTTP/1.1" 200 30154
INFO 2026-05-18 15:30:03,809 log 12096 12868 "GET /static/js/basestyles.js HTTP/1.1" 200 6950
INFO 2026-05-18 15:30:03,810 log 12096 27116 "GET /static/images/logoSample.png HTTP/1.1" 200 38769
INFO 2026-05-18 15:30:04,323 log 12096 12868 "GET /static/images/logo.png HTTP/1.1" 200 853147
WARNING 2026-05-18 15:30:04,353 log 12096 12868 "GET /static/images/logo.jpeg HTTP/1.1" 404 1975
INFO 2026-05-18 15:30:07,614 log 12096 27116 "GET /courses/details/ HTTP/1.1" 200 36959
WARNING 2026-05-18 15:30:07,664 log 12096 27116 "GET /static/training_institute_app/css/courses_details.css HTTP/1.1" 404 2065
INFO 2026-05-18 15:30:21,697 log 12096 28908 "GET /about HTTP/1.1" 301 0
INFO 2026-05-18 15:30:21,703 log 12096 28908 "GET /about/ HTTP/1.1" 200 28907
INFO 2026-05-18 15:30:21,743 log 12096 28908 "GET /static/js/basestyles.js HTTP/1.1" 304 0
INFO 2026-05-18 15:30:26,706 log 12096 28908 "GET /contact HTTP/1.1" 301 0
INFO 2026-05-18 15:30:26,714 log 12096 28908 "GET /contact/ HTTP/1.1" 200 0
WARNING 2026-05-18 15:30:26,838 log 12096 28908 Not Found: /favicon.ico
WARNING 2026-05-18 15:30:26,839 log 12096 28908 "GET /favicon.ico HTTP/1.1" 404 6148
INFO 2026-05-18 15:30:38,406 log 12096 28908 "GET /login/ HTTP/1.1" 200 35590
INFO 2026-05-18 15:30:38,446 log 12096 28908 "GET /static/js/basestyles.js HTTP/1.1" 304 0
INFO 2026-05-18 15:30:50,357 log 12096 28908 "POST /signin/ HTTP/1.1" 200 82
INFO 2026-05-18 15:30:51,386 log 12096 28908 "GET /dashboard/ HTTP/1.1" 200 28274
WARNING 2026-05-18 15:30:51,487 log 12096 10124 "GET /static/js/libs/%40preline/tooltip/index.js HTTP/1.1" 404 2026
WARNING 2026-05-18 15:30:51,487 log 12096 28908 "GET /static/js/libs/%40preline/input-number/index.js HTTP/1.1" 404 2041
WARNING 2026-05-18 15:30:51,794 log 12096 18776 "GET /static/js/libs/owl.carousel/dist/owl.carousel.min.js HTTP/1.1" 404 2062
WARNING 2026-05-18 15:30:51,794 log 12096 11864 "GET /static/js/libs/%40preline/stepper/index.js HTTP/1.1" 404 2026
WARNING 2026-05-18 15:30:51,794 log 12096 28572 "GET /static/js/libs/apexcharts/dist/apexcharts.min.js HTTP/1.1" 404 2050
WARNING 2026-05-18 15:30:51,817 log 12096 25160 "GET /static/js/libs/%40preline/tooltip/index.js HTTP/1.1" 404 2026
WARNING 2026-05-18 15:30:51,884 log 12096 27328 "GET /static/js/libs/%40preline/input-number/index.js HTTP/1.1" 404 2041
WARNING 2026-05-18 15:30:52,395 log 12096 8256 "GET /static/js/libs/owl.carousel/dist/owl.carousel.min.js HTTP/1.1" 404 2062
WARNING 2026-05-18 15:30:52,721 log 12096 27848 "GET /static/js/libs/%40preline/stepper/index.js HTTP/1.1" 404 2026
WARNING 2026-05-18 15:30:52,722 log 12096 4084 "GET /static/js/libs/apexcharts/dist/apexcharts.min.js HTTP/1.1" 404 2050
INFO 2026-05-18 15:41:48,144 log 12096 17548 "GET /dashboard/ HTTP/1.1" 200 29560
INFO 2026-05-18 15:41:48,196 log 12096 24612 "GET /static/libs/owl.carousel/dist/assets/owl.carousel.min.css HTTP/1.1" 200 3351
INFO 2026-05-18 15:41:48,197 log 12096 17548 "GET /static/css/theme.css HTTP/1.1" 200 82072
INFO 2026-05-18 15:41:48,199 log 12096 17548 "GET /static/js/theme/app.init.js HTTP/1.1" 200 370
INFO 2026-05-18 15:41:48,200 log 12096 24612 "GET /static/js/vendor.min.js HTTP/1.1" 200 87444
INFO 2026-05-18 15:41:48,203 log 12096 24612 "GET /static/js/theme.js HTTP/1.1" 200 432
INFO 2026-05-18 15:41:48,204 log 12096 17548 "GET /static/js/theme/app.min.js HTTP/1.1" 200 12818
INFO 2026-05-18 15:41:48,209 log 12096 17548 "GET /static/libs/simplebar/dist/simplebar.min.js HTTP/1.1" 200 27518
INFO 2026-05-18 15:41:48,211 log 12096 24612 "GET /static/libs/preline/dist/preline.js HTTP/1.1" 200 363204
WARNING 2026-05-18 15:41:48,224 log 12096 17548 "GET /static/js/libs/%40preline/input-number/index.js HTTP/1.1" 404 2041
WARNING 2026-05-18 15:41:48,224 log 12096 24612 "GET /static/js/libs/%40preline/tooltip/index.js HTTP/1.1" 404 2026
WARNING 2026-05-18 15:41:48,400 log 12096 6400 "GET /static/js/libs/%40preline/stepper/index.js HTTP/1.1" 404 2026
WARNING 2026-05-18 15:41:48,502 log 12096 28296 "GET /static/js/libs/owl.carousel/dist/owl.carousel.min.js HTTP/1.1" 404 2062
WARNING 2026-05-18 15:41:48,507 log 12096 8824 "GET /static/js/libs/apexcharts/dist/apexcharts.min.js HTTP/1.1" 404 2050
INFO 2026-05-18 15:41:48,508 log 12096 23360 "GET /static/js/dashboards/dashboard.js HTTP/1.1" 200 5546
INFO 2026-05-18 15:41:48,581 log 12096 23360 "GET /static/images/logoSample.png HTTP/1.1" 200 38769
WARNING 2026-05-18 15:41:49,268 log 12096 17736 "GET /static/js/libs/%40preline/input-number/index.js HTTP/1.1" 404 2041
WARNING 2026-05-18 15:41:49,269 log 12096 21136 "GET /static/js/libs/%40preline/tooltip/index.js HTTP/1.1" 404 2026
WARNING 2026-05-18 15:41:49,994 log 12096 29128 "GET /static/js/libs/%40preline/stepper/index.js HTTP/1.1" 404 2026
WARNING 2026-05-18 15:41:50,481 log 12096 25796 "GET /static/js/libs/owl.carousel/dist/owl.carousel.min.js HTTP/1.1" 404 2062
WARNING 2026-05-18 15:41:50,482 log 12096 28956 "GET /static/js/libs/apexcharts/dist/apexcharts.min.js HTTP/1.1" 404 2050
INFO 2026-05-18 15:41:55,496 log 12096 23360 "GET /logout/ HTTP/1.1" 302 0
INFO 2026-05-18 15:41:55,508 log 12096 23360 "GET / HTTP/1.1" 200 26469
WARNING 2026-05-18 15:41:55,563 log 12096 23360 "GET /static/training_institute_app/images/image.jpeg HTTP/1.1" 404 2047
INFO 2026-05-18 15:41:55,801 log 12096 24924 "GET /static/js/basestyles.js HTTP/1.1" 304 0
WARNING 2026-05-18 15:41:55,809 log 12096 24924 "GET /static/training_institute_app/images/image1.jpeg HTTP/1.1" 404 2050
WARNING 2026-05-18 15:41:55,898 log 12096 29216 "GET /static/training_institute_app/images/image2.jpeg HTTP/1.1" 404 2050
WARNING 2026-05-18 15:41:55,922 log 12096 22276 "GET /static/training_institute_app/images/image4.png HTTP/1.1" 404 2047
WARNING 2026-05-18 15:41:55,922 log 12096 744 "GET /static/training_institute_app/images/image5.jpeg HTTP/1.1" 404 2050
INFO 2026-05-18 15:41:59,356 log 12096 14660 "GET /login/ HTTP/1.1" 200 35590
INFO 2026-05-18 15:42:02,333 log 12096 14660 "GET /accounts/google/login/?process=login HTTP/1.1" 200 1634
WARNING 2026-05-18 15:42:02,558 log 12096 14660 Not Found: /favicon.ico
WARNING 2026-05-18 15:42:02,559 log 12096 14660 "GET /favicon.ico HTTP/1.1" 404 6148
WARNING 2026-05-18 15:42:03,791 log 12096 14660 Not Found: /.well-known/appspecific/com.chrome.devtools.json
WARNING 2026-05-18 15:42:03,792 log 12096 14660 "GET /.well-known/appspecific/com.chrome.devtools.json HTTP/1.1" 404 6259
INFO 2026-05-18 15:42:05,106 log 12096 14660 "POST /accounts/google/login/?process=login HTTP/1.1" 302 0
INFO 2026-05-18 15:42:06,127 log 12096 14660 "GET /accounts/google/login/callback/?state=C0BBzz0DqH5Ew5R9&iss=https%3A%2F%2Faccounts.google.com&code=4%2F0AeoWuM-E4BYQRvNMtfyZO4i-PloRBmiY3OYmnc0yqgHOmjeB75PCX56YCFhC0LSE_7zxkQ&scope=email+profile+https%3A%2F%2Fwww.googleapis.com%2Fauth%2Fuserinfo.profile+https%3A%2F%2Fwww.googleapis.com%2Fauth%2Fuserinfo.email+openid&authuser=0&prompt=none HTTP/1.1" 302 0
INFO 2026-05-18 15:42:06,139 log 12096 14660 "GET /dashboard/ HTTP/1.1" 200 29584
WARNING 2026-05-18 15:42:06,210 log 12096 14660 Not Found: /.well-known/appspecific/com.chrome.devtools.json
WARNING 2026-05-18 15:42:06,212 log 12096 14660 "GET /.well-known/appspecific/com.chrome.devtools.json HTTP/1.1" 404 6259
WARNING 2026-05-18 15:42:06,217 log 12096 17920 "GET /static/js/libs/%40preline/input-number/index.js HTTP/1.1" 404 2041
WARNING 2026-05-18 15:42:06,221 log 12096 14660 "GET /static/js/libs/%40preline/tooltip/index.js HTTP/1.1" 404 2026
WARNING 2026-05-18 15:42:06,524 log 12096 5872 "GET /static/js/libs/%40preline/stepper/index.js HTTP/1.1" 404 2026
WARNING 2026-05-18 15:42:06,524 log 12096 28324 "GET /static/js/libs/apexcharts/dist/apexcharts.min.js HTTP/1.1" 404 2050
WARNING 2026-05-18 15:42:06,524 log 12096 25976 "GET /static/js/libs/owl.carousel/dist/owl.carousel.min.js HTTP/1.1" 404 2062
WARNING 2026-05-18 15:42:06,864 log 12096 25420 "GET /static/js/libs/%40preline/input-number/index.js HTTP/1.1" 404 2041
WARNING 2026-05-18 15:42:07,179 log 12096 26988 "GET /static/js/libs/%40preline/tooltip/index.js HTTP/1.1" 404 2026
WARNING 2026-05-18 15:42:07,179 log 12096 7112 "GET /static/js/libs/%40preline/stepper/index.js HTTP/1.1" 404 2026
WARNING 2026-05-18 15:42:07,188 log 12096 29108 "GET /static/js/libs/apexcharts/dist/apexcharts.min.js HTTP/1.1" 404 2050
WARNING 2026-05-18 15:42:07,192 log 12096 12476 "GET /static/js/libs/owl.carousel/dist/owl.carousel.min.js HTTP/1.1" 404 2062
INFO 2026-05-18 15:43:33,564 autoreload 12096 28536 D:\Web Applications\training_institute\training_institute_app\views.py changed, reloading.
INFO 2026-05-18 15:43:34,541 autoreload 14904 4836 Watching for file changes with StatReloader
INFO 2026-05-18 15:43:42,110 log 14904 14900 "GET /dashboard/ HTTP/1.1" 200 28298
WARNING 2026-05-18 15:43:42,228 log 14904 14900 Not Found: /.well-known/appspecific/com.chrome.devtools.json
WARNING 2026-05-18 15:43:42,229 log 14904 14900 "GET /.well-known/appspecific/com.chrome.devtools.json HTTP/1.1" 404 6259
INFO 2026-05-18 15:43:42,300 log 14904 28064 "GET /static/css/theme.css HTTP/1.1" 200 82072
INFO 2026-05-18 15:43:42,302 log 14904 14900 "GET /static/libs/owl.carousel/dist/assets/owl.carousel.min.css HTTP/1.1" 200 3351
INFO 2026-05-18 15:43:42,304 log 14904 28064 "GET /static/js/vendor.min.js HTTP/1.1" 200 87444
INFO 2026-05-18 15:43:42,305 log 14904 14900 "GET /static/js/theme/app.init.js HTTP/1.1" 200 370
INFO 2026-05-18 15:43:42,319 log 14904 28064 "GET /static/js/theme/app.min.js HTTP/1.1" 200 12818
INFO 2026-05-18 15:43:42,319 log 14904 10004 "GET /static/js/theme.js HTTP/1.1" 200 432
INFO 2026-05-18 15:43:42,320 log 14904 14900 "GET /static/libs/simplebar/dist/simplebar.min.js HTTP/1.1" 200 27518
WARNING 2026-05-18 15:43:42,327 log 14904 10004 "GET /static/js/libs/%40preline/input-number/index.js HTTP/1.1" 404 2041
WARNING 2026-05-18 15:43:42,332 log 14904 14900 "GET /static/js/libs/%40preline/tooltip/index.js HTTP/1.1" 404 2026
INFO 2026-05-18 15:43:42,335 log 14904 28064 "GET /static/libs/preline/dist/preline.js HTTP/1.1" 200 363204
WARNING 2026-05-18 15:43:42,341 log 14904 28064 "GET /static/js/libs/%40preline/stepper/index.js HTTP/1.1" 404 2026
WARNING 2026-05-18 15:43:42,519 log 14904 22540 "GET /static/js/libs/owl.carousel/dist/owl.carousel.min.js HTTP/1.1" 404 2062
WARNING 2026-05-18 15:43:42,520 log 14904 28948 "GET /static/js/libs/apexcharts/dist/apexcharts.min.js HTTP/1.1" 404 2050
INFO 2026-05-18 15:43:42,521 log 14904 21308 "GET /static/js/dashboards/dashboard.js HTTP/1.1" 200 5546
INFO 2026-05-18 15:43:42,619 log 14904 21308 "GET /static/images/logoSample.png HTTP/1.1" 200 38769
WARNING 2026-05-18 15:43:43,476 log 14904 27804 "GET /static/js/libs/%40preline/tooltip/index.js HTTP/1.1" 404 2026
WARNING 2026-05-18 15:43:43,484 log 14904 18200 "GET /static/js/libs/%40preline/input-number/index.js HTTP/1.1" 404 2041
WARNING 2026-05-18 15:43:43,485 log 14904 30240 "GET /static/js/libs/owl.carousel/dist/owl.carousel.min.js HTTP/1.1" 404 2062
WARNING 2026-05-18 15:43:43,485 log 14904 29040 "GET /static/js/libs/%40preline/stepper/index.js HTTP/1.1" 404 2026
WARNING 2026-05-18 15:43:43,632 log 14904 27392 "GET /static/js/libs/apexcharts/dist/apexcharts.min.js HTTP/1.1" 404 2050
INFO 2026-05-18 15:44:12,521 log 14904 21308 "GET /dashboard/ HTTP/1.1" 200 27805
WARNING 2026-05-18 15:44:12,578 log 14904 21308 Not Found: /.well-known/appspecific/com.chrome.devtools.json
WARNING 2026-05-18 15:44:12,578 log 14904 21308 "GET /.well-known/appspecific/com.chrome.devtools.json HTTP/1.1" 404 6259
INFO 2026-05-18 15:44:12,585 log 14904 22448 "GET /static/libs/owl.carousel/dist/assets/owl.carousel.min.css HTTP/1.1" 200 3351
INFO 2026-05-18 15:44:12,585 log 14904 21308 "GET /static/css/theme.css HTTP/1.1" 200 82072
INFO 2026-05-18 15:44:12,590 log 14904 21308 "GET /static/js/theme/app.init.js HTTP/1.1" 200 370
INFO 2026-05-18 15:44:12,591 log 14904 22448 "GET /static/js/vendor.min.js HTTP/1.1" 200 87444
INFO 2026-05-18 15:44:12,594 log 14904 22448 "GET /static/js/theme.js HTTP/1.1" 200 432
INFO 2026-05-18 15:44:12,595 log 14904 21308 "GET /static/js/theme/app.min.js HTTP/1.1" 200 12818
INFO 2026-05-18 15:44:12,599 log 14904 22448 "GET /static/libs/simplebar/dist/simplebar.min.js HTTP/1.1" 200 27518
INFO 2026-05-18 15:44:13,015 log 14904 22448 "GET /static/images/logoSample.png HTTP/1.1" 200 38769
INFO 2026-05-18 15:44:19,583 log 14904 22448 "GET /dashboard/ HTTP/1.1" 200 28298
WARNING 2026-05-18 15:44:19,665 log 14904 22448 Not Found: /.well-known/appspecific/com.chrome.devtools.json
WARNING 2026-05-18 15:44:19,666 log 14904 22448 "GET /.well-known/appspecific/com.chrome.devtools.json HTTP/1.1" 404 6259
INFO 2026-05-18 15:44:19,674 log 14904 23252 "GET /static/libs/owl.carousel/dist/assets/owl.carousel.min.css HTTP/1.1" 200 3351
INFO 2026-05-18 15:44:19,676 log 14904 14936 "GET /static/js/theme/app.init.js HTTP/1.1" 200 370
INFO 2026-05-18 15:44:19,677 log 14904 22448 "GET /static/js/theme.js HTTP/1.1" 200 432
INFO 2026-05-18 15:44:19,677 log 14904 26968 "GET /static/js/theme/app.min.js HTTP/1.1" 200 12818
INFO 2026-05-18 15:44:19,679 log 14904 21308 "GET /static/css/theme.css HTTP/1.1" 200 82072
INFO 2026-05-18 15:44:19,680 log 14904 23252 "GET /static/libs/simplebar/dist/simplebar.min.js HTTP/1.1" 200 27518
INFO 2026-05-18 15:44:19,689 log 14904 29272 "GET /static/js/vendor.min.js HTTP/1.1" 200 87444
WARNING 2026-05-18 15:44:19,703 log 14904 22448 "GET /static/js/libs/%40preline/tooltip/index.js HTTP/1.1" 404 2026
WARNING 2026-05-18 15:44:19,704 log 14904 21308 "GET /static/js/libs/%40preline/stepper/index.js HTTP/1.1" 404 2026
WARNING 2026-05-18 15:44:19,709 log 14904 26968 "GET /static/js/libs/%40preline/input-number/index.js HTTP/1.1" 404 2041
WARNING 2026-05-18 15:44:19,715 log 14904 23252 "GET /static/js/libs/owl.carousel/dist/owl.carousel.min.js HTTP/1.1" 404 2062
WARNING 2026-05-18 15:44:19,716 log 14904 29272 "GET /static/js/libs/apexcharts/dist/apexcharts.min.js HTTP/1.1" 404 2050
INFO 2026-05-18 15:44:19,719 log 14904 14936 "GET /static/libs/preline/dist/preline.js HTTP/1.1" 200 363204
INFO 2026-05-18 15:44:19,722 log 14904 14936 "GET /static/js/dashboards/dashboard.js HTTP/1.1" 200 5546
INFO 2026-05-18 15:44:20,128 log 14904 14936 "GET /static/images/logoSample.png HTTP/1.1" 200 38769
WARNING 2026-05-18 15:44:20,211 log 14904 29516 "GET /static/js/libs/%40preline/tooltip/index.js HTTP/1.1" 404 2026
WARNING 2026-05-18 15:44:20,539 log 14904 30416 "GET /static/js/libs/%40preline/stepper/index.js HTTP/1.1" 404 2026
WARNING 2026-05-18 15:44:20,542 log 14904 1432 "GET /static/js/libs/%40preline/input-number/index.js HTTP/1.1" 404 2041
WARNING 2026-05-18 15:44:20,542 log 14904 6212 "GET /static/js/libs/owl.carousel/dist/owl.carousel.min.js HTTP/1.1" 404 2062
WARNING 2026-05-18 15:44:20,544 log 14904 29984 "GET /static/js/libs/apexcharts/dist/apexcharts.min.js HTTP/1.1" 404 2050
INFO 2026-05-18 15:44:39,234 autoreload 14904 4836 D:\Web Applications\training_institute\training_institute_app\views.py changed, reloading.
INFO 2026-05-18 15:44:40,257 autoreload 15388 19488 Watching for file changes with StatReloader
INFO 2026-05-18 16:01:30,518 autoreload 29388 29292 Watching for file changes with StatReloader
INFO 2026-05-18 16:01:33,389 log 29388 17480 "GET /logout/ HTTP/1.1" 302 0
INFO 2026-05-18 16:01:33,405 log 29388 17480 "GET / HTTP/1.1" 200 26469
WARNING 2026-05-18 16:01:33,459 log 29388 17480 Not Found: /.well-known/appspecific/com.chrome.devtools.json
WARNING 2026-05-18 16:01:33,461 log 29388 17480 "GET /.well-known/appspecific/com.chrome.devtools.json HTTP/1.1" 404 6259
WARNING 2026-05-18 16:01:33,466 log 29388 29248 "GET /static/training_institute_app/images/image.jpeg HTTP/1.1" 404 2047
WARNING 2026-05-18 16:01:33,614 log 29388 23612 "GET /static/training_institute_app/images/image2.jpeg HTTP/1.1" 404 2050
WARNING 2026-05-18 16:01:33,614 log 29388 17480 "GET /static/training_institute_app/images/image1.jpeg HTTP/1.1" 404 2050
INFO 2026-05-18 16:01:33,958 log 29388 28284 "GET /static/js/basestyles.js HTTP/1.1" 304 0
WARNING 2026-05-18 16:01:33,959 log 29388 14376 "GET /static/training_institute_app/images/image4.png HTTP/1.1" 404 2047
WARNING 2026-05-18 16:01:33,963 log 29388 28772 "GET /static/training_institute_app/images/image5.jpeg HTTP/1.1" 404 2050
INFO 2026-05-18 16:02:55,562 log 29388 29732 "GET / HTTP/1.1" 200 26377
INFO 2026-05-18 16:02:55,726 log 29388 29732 "GET /static/css/basestyles.css HTTP/1.1" 200 30154
INFO 2026-05-18 16:02:55,726 log 29388 9112 "GET /static/css/courses_details.css HTTP/1.1" 200 10744
INFO 2026-05-18 16:02:55,772 log 29388 29732 "GET /static/images/logoSample.png HTTP/1.1" 200 38769
INFO 2026-05-18 16:02:55,775 log 29388 9112 "GET /static/images/image.jpeg HTTP/1.1" 200 259498
INFO 2026-05-18 16:02:55,840 log 29388 9112 "GET /static/images/image1.jpeg HTTP/1.1" 200 316563
INFO 2026-05-18 16:02:55,841 log 29388 29732 "GET /static/images/image2.jpeg HTTP/1.1" 200 465238
INFO 2026-05-18 16:02:55,854 log 29388 9112 "GET /static/js/basestyles.js HTTP/1.1" 200 6950
INFO 2026-05-18 16:02:55,863 log 29388 29732 "GET /static/images/image4.png HTTP/1.1" 200 849487
WARNING 2026-05-18 16:02:55,875 log 29388 29732 "GET /static/training_institute_app/images/image5.jpeg HTTP/1.1" 404 2050
INFO 2026-05-18 16:02:56,248 log 29388 9112 "GET /static/images/logo.png HTTP/1.1" 200 853147
WARNING 2026-05-18 16:02:56,295 log 29388 9112 "GET /static/images/logo.jpeg HTTP/1.1" 404 1975
INFO 2026-05-18 16:03:08,643 log 29388 26076 "GET / HTTP/1.1" 200 26354
INFO 2026-05-18 16:03:08,688 log 29388 27024 "GET /static/css/courses_details.css HTTP/1.1" 200 10744
INFO 2026-05-18 16:03:08,689 log 29388 26076 "GET /static/css/basestyles.css HTTP/1.1" 200 30154
INFO 2026-05-18 16:03:08,692 log 29388 27024 "GET /static/images/logoSample.png HTTP/1.1" 200 38769
INFO 2026-05-18 16:03:08,695 log 29388 26076 "GET /static/images/image.jpeg HTTP/1.1" 200 259498
INFO 2026-05-18 16:03:08,718 log 29388 26076 "GET /static/images/image1.jpeg HTTP/1.1" 200 316563
INFO 2026-05-18 16:03:08,722 log 29388 27024 "GET /static/images/image2.jpeg HTTP/1.1" 200 465238
INFO 2026-05-18 16:03:08,734 log 29388 26076 "GET /static/js/basestyles.js HTTP/1.1" 200 6950
INFO 2026-05-18 16:03:08,748 log 29388 27024 "GET /static/images/image4.png HTTP/1.1" 200 849487
INFO 2026-05-18 16:03:08,869 log 29388 27024 "GET /static/images/image5.jpeg HTTP/1.1" 200 412659
INFO 2026-05-18 16:03:09,328 log 29388 27024 "GET /static/images/logo.png HTTP/1.1" 200 853147
WARNING 2026-05-18 16:03:09,364 log 29388 27024 "GET /static/images/logo.jpeg HTTP/1.1" 404 1975
INFO 2026-05-18 16:03:59,342 log 29388 26076 "GET / HTTP/1.1" 200 26354
INFO 2026-05-18 16:03:59,421 log 29388 26076 "GET /static/css/basestyles.css HTTP/1.1" 200 30154
INFO 2026-05-18 16:03:59,424 log 29388 12660 "GET /static/css/courses_details.css HTTP/1.1" 200 10744
INFO 2026-05-18 16:03:59,425 log 29388 27976 "GET /static/images/logoSample.png HTTP/1.1" 200 38769
INFO 2026-05-18 16:03:59,439 log 29388 26076 "GET /static/images/image.jpeg HTTP/1.1" 200 259498
INFO 2026-05-18 16:03:59,490 log 29388 27976 "GET /static/images/image1.jpeg HTTP/1.1" 200 316563
INFO 2026-05-18 16:03:59,503 log 29388 26076 "GET /static/images/image2.jpeg HTTP/1.1" 200 465238
INFO 2026-05-18 16:03:59,527 log 29388 27976 "GET /static/images/image4.png HTTP/1.1" 200 849487
INFO 2026-05-18 16:03:59,671 log 29388 27976 "GET /static/js/basestyles.js HTTP/1.1" 200 6950
INFO 2026-05-18 16:03:59,804 log 29388 27976 "GET /static/images/image5.jpeg HTTP/1.1" 200 412659
INFO 2026-05-18 16:04:00,453 log 29388 27976 "GET /static/images/logo.png HTTP/1.1" 200 853147
WARNING 2026-05-18 16:04:00,509 log 29388 27976 "GET /static/images/logo.jpeg HTTP/1.1" 404 1975
INFO 2026-05-18 16:07:01,937 log 29388 28148 "GET /login/ HTTP/1.1" 200 35590
INFO 2026-05-18 16:07:23,635 log 29388 28148 "POST /signin/ HTTP/1.1" 200 82
INFO 2026-05-18 16:07:25,709 log 29388 28148 "GET /dashboard/ HTTP/1.1" 200 28274
WARNING 2026-05-18 16:07:25,841 log 29388 28148 "GET /static/js/libs/%40preline/input-number/index.js HTTP/1.1" 404 2041
WARNING 2026-05-18 16:07:25,841 log 29388 16208 "GET /static/js/libs/%40preline/tooltip/index.js HTTP/1.1" 404 2026
WARNING 2026-05-18 16:07:25,842 log 29388 28604 "GET /static/js/libs/%40preline/stepper/index.js HTTP/1.1" 404 2026
WARNING 2026-05-18 16:07:26,127 log 29388 26660 "GET /static/js/libs/owl.carousel/dist/owl.carousel.min.js HTTP/1.1" 404 2062
WARNING 2026-05-18 16:07:26,128 log 29388 24948 "GET /static/js/libs/apexcharts/dist/apexcharts.min.js HTTP/1.1" 404 2050
WARNING 2026-05-18 16:07:29,170 log 29388 12104 "GET /static/js/libs/%40preline/input-number/index.js HTTP/1.1" 404 2041
WARNING 2026-05-18 16:07:29,172 log 29388 14796 "GET /static/js/libs/%40preline/stepper/index.js HTTP/1.1" 404 2026
WARNING 2026-05-18 16:07:29,175 log 29388 30256 "GET /static/js/libs/%40preline/tooltip/index.js HTTP/1.1" 404 2026
WARNING 2026-05-18 16:07:29,175 log 29388 30160 "GET /static/js/libs/owl.carousel/dist/owl.carousel.min.js HTTP/1.1" 404 2062
WARNING 2026-05-18 16:07:29,188 log 29388 17812 "GET /static/js/libs/apexcharts/dist/apexcharts.min.js HTTP/1.1" 404 2050
WARNING 2026-05-18 16:08:15,960 log 29388 25072 Not Found: /courses/list/
WARNING 2026-05-18 16:08:15,962 log 29388 25072 "GET /courses/list/ HTTP/1.1" 404 6154
WARNING 2026-05-18 16:08:16,103 log 29388 25072 Not Found: /favicon.ico
WARNING 2026-05-18 16:08:16,104 log 29388 25072 "GET /favicon.ico HTTP/1.1" 404 6148
INFO 2026-05-18 16:08:24,732 log 29388 25072 "GET /dashboard/ HTTP/1.1" 200 28274
WARNING 2026-05-18 16:08:25,064 log 29388 25072 "GET /static/js/libs/%40preline/input-number/index.js HTTP/1.1" 404 2041
WARNING 2026-05-18 16:08:25,071 log 29388 26888 "GET /static/js/libs/%40preline/tooltip/index.js HTTP/1.1" 404 2026
WARNING 2026-05-18 16:08:25,073 log 29388 18212 "GET /static/js/libs/%40preline/stepper/index.js HTTP/1.1" 404 2026
WARNING 2026-05-18 16:08:25,399 log 29388 20560 "GET /static/js/libs/owl.carousel/dist/owl.carousel.min.js HTTP/1.1" 404 2062
WARNING 2026-05-18 16:08:25,400 log 29388 28080 "GET /static/js/libs/apexcharts/dist/apexcharts.min.js HTTP/1.1" 404 2050
INFO 2026-05-18 16:08:26,492 log 29388 15688 "GET / HTTP/1.1" 200 26354
INFO 2026-05-18 16:08:26,827 log 29388 15688 "GET /static/js/basestyles.js HTTP/1.1" 304 0
INFO 2026-05-18 16:08:30,834 log 29388 15688 "GET /courses/ HTTP/1.1" 200 33386
INFO 2026-05-18 16:11:25,868 log 29388 15688 "GET / HTTP/1.1" 200 26354
INFO 2026-05-18 16:14:57,655 log 29388 28484 "GET /login/ HTTP/1.1" 200 35590
INFO 2026-05-18 16:14:57,889 log 29388 28484 "GET /static/js/basestyles.js HTTP/1.1" 304 0
INFO 2026-05-18 16:15:06,141 log 29388 28484 "POST /signin/ HTTP/1.1" 200 82
INFO 2026-05-18 16:15:08,249 log 29388 28484 "GET /dashboard/ HTTP/1.1" 200 28274
WARNING 2026-05-18 16:15:08,338 log 29388 28484 "GET /static/js/libs/%40preline/input-number/index.js HTTP/1.1" 404 2041
WARNING 2026-05-18 16:15:08,338 log 29388 29224 "GET /static/js/libs/%40preline/stepper/index.js HTTP/1.1" 404 2026
WARNING 2026-05-18 16:15:08,338 log 29388 14240 "GET /static/js/libs/%40preline/tooltip/index.js HTTP/1.1" 404 2026
WARNING 2026-05-18 16:15:08,636 log 29388 28820 "GET /static/js/libs/owl.carousel/dist/owl.carousel.min.js HTTP/1.1" 404 2062
WARNING 2026-05-18 16:15:08,636 log 29388 23448 "GET /static/js/libs/apexcharts/dist/apexcharts.min.js HTTP/1.1" 404 2050
WARNING 2026-05-18 16:15:11,471 log 29388 30560 "GET /static/js/libs/%40preline/input-number/index.js HTTP/1.1" 404 2041
WARNING 2026-05-18 16:15:11,471 log 29388 27128 "GET /static/js/libs/%40preline/stepper/index.js HTTP/1.1" 404 2026
WARNING 2026-05-18 16:15:11,471 log 29388 27716 "GET /static/js/libs/owl.carousel/dist/owl.carousel.min.js HTTP/1.1" 404 2062
WARNING 2026-05-18 16:15:11,472 log 29388 19620 "GET /static/js/libs/apexcharts/dist/apexcharts.min.js HTTP/1.1" 404 2050
WARNING 2026-05-18 16:15:11,472 log 29388 18220 "GET /static/js/libs/%40preline/tooltip/index.js HTTP/1.1" 404 2026
INFO 2026-05-18 16:17:40,976 autoreload 29388 29292 D:\Web Applications\training_institute\training_institute_app\views.py changed, reloading.
INFO 2026-05-18 16:17:41,959 autoreload 10704 19728 Watching for file changes with StatReloader
INFO 2026-05-18 16:17:44,358 autoreload 10704 19728 D:\Web Applications\training_institute\training_institute_app\views.py changed, reloading.
INFO 2026-05-18 16:17:45,283 autoreload 30392 28920 Watching for file changes with StatReloader
INFO 2026-05-18 16:17:46,630 autoreload 30392 28920 D:\Web Applications\training_institute\training_institute_app\views.py changed, reloading.
INFO 2026-05-18 16:17:47,524 autoreload 25740 28992 Watching for file changes with StatReloader
INFO 2026-05-18 16:18:14,565 autoreload 25740 28992 D:\Web Applications\training_institute\training_institute_app\urls.py changed, reloading.
INFO 2026-05-18 16:18:15,547 autoreload 1788 27848 Watching for file changes with StatReloader
INFO 2026-05-18 16:18:27,160 autoreload 1788 27848 D:\Web Applications\training_institute\training_institute_app\urls.py changed, reloading.
INFO 2026-05-18 16:18:28,102 autoreload 27704 1924 Watching for file changes with StatReloader
INFO 2026-05-18 16:18:30,480 autoreload 27704 1924 D:\Web Applications\training_institute\training_institute_app\urls.py changed, reloading.
INFO 2026-05-18 16:18:31,434 autoreload 27912 29260 Watching for file changes with StatReloader
INFO 2026-05-18 16:20:35,900 log 27912 27240 "GET /user-management/ HTTP/1.1" 200 0
INFO 2026-05-18 16:20:38,044 log 27912 27240 "GET /user-management/ HTTP/1.1" 200 0
WARNING 2026-05-18 16:20:38,152 log 27912 27240 Not Found: /favicon.ico
WARNING 2026-05-18 16:20:38,152 log 27912 27240 "GET /favicon.ico HTTP/1.1" 404 6421
INFO 2026-05-18 16:20:53,139 log 27912 27240 "GET /user-management/ HTTP/1.1" 200 27413
INFO 2026-05-18 16:20:53,251 log 27912 4260 "GET /static/js/vendor.min.js HTTP/1.1" 200 87444
INFO 2026-05-18 16:20:53,253 log 27912 20492 "GET /static/libs/owl.carousel/dist/assets/owl.carousel.min.css HTTP/1.1" 200 3351
INFO 2026-05-18 16:20:53,254 log 27912 27240 "GET /static/css/theme.css HTTP/1.1" 200 82072
INFO 2026-05-18 16:20:53,256 log 27912 4260 "GET /static/js/theme/app.init.js HTTP/1.1" 200 370
INFO 2026-05-18 16:20:53,261 log 27912 27240 "GET /static/js/theme.js HTTP/1.1" 200 432
INFO 2026-05-18 16:20:53,261 log 27912 20492 "GET /static/js/theme/app.min.js HTTP/1.1" 200 12818
INFO 2026-05-18 16:20:53,262 log 27912 4260 "GET /static/libs/simplebar/dist/simplebar.min.js HTTP/1.1" 200 27518
WARNING 2026-05-18 16:20:53,273 log 27912 4260 "GET /static/js/libs/%40preline/tooltip/index.js HTTP/1.1" 404 2026
WARNING 2026-05-18 16:20:53,274 log 27912 27240 "GET /static/js/libs/%40preline/input-number/index.js HTTP/1.1" 404 2041
INFO 2026-05-18 16:20:53,278 log 27912 20492 "GET /static/libs/preline/dist/preline.js HTTP/1.1" 200 363204
WARNING 2026-05-18 16:20:53,285 log 27912 20492 "GET /static/js/libs/%40preline/stepper/index.js HTTP/1.1" 404 2026
WARNING 2026-05-18 16:20:53,497 log 27912 2604 "GET /static/js/libs/apexcharts/dist/apexcharts.min.js HTTP/1.1" 404 2050
WARNING 2026-05-18 16:20:53,497 log 27912 15444 "GET /static/js/libs/owl.carousel/dist/owl.carousel.min.js HTTP/1.1" 404 2062
INFO 2026-05-18 16:20:53,498 log 27912 25244 "GET /static/js/dashboards/dashboard.js HTTP/1.1" 200 5546
WARNING 2026-05-18 16:20:54,052 log 27912 30076 "GET /static/js/libs/%40preline/tooltip/index.js HTTP/1.1" 404 2026
WARNING 2026-05-18 16:20:54,098 log 27912 26996 "GET /static/js/libs/%40preline/input-number/index.js HTTP/1.1" 404 2041
WARNING 2026-05-18 16:20:54,315 log 27912 20192 "GET /static/js/libs/%40preline/stepper/index.js HTTP/1.1" 404 2026
WARNING 2026-05-18 16:20:54,346 log 27912 26380 "GET /static/js/libs/apexcharts/dist/apexcharts.min.js HTTP/1.1" 404 2050
WARNING 2026-05-18 16:20:54,351 log 27912 23312 "GET /static/js/libs/owl.carousel/dist/owl.carousel.min.js HTTP/1.1" 404 2062
INFO 2026-05-18 16:25:33,737 autoreload 27912 29260 D:\Web Applications\training_institute\training_institute_app\views.py changed, reloading.
INFO 2026-05-18 16:25:34,659 autoreload 27264 15388 Watching for file changes with StatReloader
INFO 2026-05-18 16:25:36,126 log 27264 27652 "GET /user-management/ HTTP/1.1" 200 46575
INFO 2026-05-18 16:25:36,215 log 27264 27652 "GET /static/css/theme.css HTTP/1.1" 200 82072
INFO 2026-05-18 16:25:36,215 log 27264 16636 "GET /static/libs/owl.carousel/dist/assets/owl.carousel.min.css HTTP/1.1" 200 3351
INFO 2026-05-18 16:25:36,217 log 27264 27652 "GET /static/js/vendor.min.js HTTP/1.1" 200 87444
INFO 2026-05-18 16:25:36,218 log 27264 16636 "GET /static/js/theme/app.init.js HTTP/1.1" 200 370
INFO 2026-05-18 16:25:36,219 log 27264 27652 "GET /static/js/theme/app.min.js HTTP/1.1" 200 12818
INFO 2026-05-18 16:25:36,220 log 27264 16636 "GET /static/js/theme.js HTTP/1.1" 200 432
INFO 2026-05-18 16:25:36,222 log 27264 27652 "GET /static/libs/simplebar/dist/simplebar.min.js HTTP/1.1" 200 27518
WARNING 2026-05-18 16:25:36,229 log 27264 27652 "GET /static/js/libs/%40preline/input-number/index.js HTTP/1.1" 404 2041
INFO 2026-05-18 16:25:36,231 log 27264 16636 "GET /static/libs/preline/dist/preline.js HTTP/1.1" 200 363204
WARNING 2026-05-18 16:25:36,237 log 27264 16636 "GET /static/js/libs/%40preline/tooltip/index.js HTTP/1.1" 404 2026
WARNING 2026-05-18 16:25:36,346 log 27264 16816 "GET /static/js/libs/%40preline/stepper/index.js HTTP/1.1" 404 2026
WARNING 2026-05-18 16:25:36,472 log 27264 27112 "GET /static/js/libs/owl.carousel/dist/owl.carousel.min.js HTTP/1.1" 404 2062
WARNING 2026-05-18 16:25:36,472 log 27264 29828 "GET /static/js/libs/apexcharts/dist/apexcharts.min.js HTTP/1.1" 404 2050
INFO 2026-05-18 16:25:36,472 log 27264 27336 "GET /static/js/dashboards/dashboard.js HTTP/1.1" 200 5546
INFO 2026-05-18 16:25:36,654 log 27264 27336 "GET /static/images/logoSample.png HTTP/1.1" 200 38769
WARNING 2026-05-18 16:25:36,923 log 27264 29032 "GET /static/js/libs/%40preline/input-number/index.js HTTP/1.1" 404 2041
WARNING 2026-05-18 16:25:36,923 log 27264 28536 "GET /static/js/libs/%40preline/tooltip/index.js HTTP/1.1" 404 2026
WARNING 2026-05-18 16:25:37,046 log 27264 27004 "GET /static/js/libs/%40preline/stepper/index.js HTTP/1.1" 404 2026
WARNING 2026-05-18 16:25:37,240 log 27264 30052 "GET /static/js/libs/owl.carousel/dist/owl.carousel.min.js HTTP/1.1" 404 2062
WARNING 2026-05-18 16:25:37,551 log 27264 27824 "GET /static/js/libs/apexcharts/dist/apexcharts.min.js HTTP/1.1" 404 2050
INFO 2026-05-18 16:26:52,811 log 27264 27336 "GET /user-management/ HTTP/1.1" 200 42797
INFO 2026-05-18 16:26:52,856 log 27264 27336 "GET /static/css/theme.css HTTP/1.1" 200 82072
INFO 2026-05-18 16:26:52,858 log 27264 27336 "GET /static/libs/owl.carousel/dist/assets/owl.carousel.min.css HTTP/1.1" 200 3351
INFO 2026-05-18 16:26:52,862 log 27264 27336 "GET /static/js/vendor.min.js HTTP/1.1" 200 87444
INFO 2026-05-18 16:26:52,865 log 27264 27336 "GET /static/js/theme/app.init.js HTTP/1.1" 200 370
INFO 2026-05-18 16:26:52,868 log 27264 27336 "GET /static/js/theme/app.min.js HTTP/1.1" 200 12818
INFO 2026-05-18 16:26:52,871 log 27264 27336 "GET /static/js/theme.js HTTP/1.1" 200 432
INFO 2026-05-18 16:26:52,873 log 27264 27336 "GET /static/libs/simplebar/dist/simplebar.min.js HTTP/1.1" 200 27518
INFO 2026-05-18 16:26:52,878 log 27264 27336 "GET /static/libs/preline/dist/preline.js HTTP/1.1" 200 363204
WARNING 2026-05-18 16:26:52,884 log 27264 27336 "GET /static/js/libs/%40preline/input-number/index.js HTTP/1.1" 404 2041
WARNING 2026-05-18 16:26:53,110 log 27264 29128 "GET /static/js/libs/%40preline/tooltip/index.js HTTP/1.1" 404 2026
WARNING 2026-05-18 16:26:53,183 log 27264 26804 "GET /static/js/libs/owl.carousel/dist/owl.carousel.min.js HTTP/1.1" 404 2062
WARNING 2026-05-18 16:26:53,184 log 27264 27572 "GET /static/js/libs/%40preline/stepper/index.js HTTP/1.1" 404 2026
WARNING 2026-05-18 16:26:53,185 log 27264 11456 "GET /static/js/libs/apexcharts/dist/apexcharts.min.js HTTP/1.1" 404 2050
INFO 2026-05-18 16:26:53,187 log 27264 15868 "GET /static/js/dashboards/dashboard.js HTTP/1.1" 200 5546
INFO 2026-05-18 16:26:53,251 log 27264 15868 "GET /static/images/logoSample.png HTTP/1.1" 200 38769
WARNING 2026-05-18 16:26:53,718 log 27264 29040 "GET /static/js/libs/%40preline/input-number/index.js HTTP/1.1" 404 2041
WARNING 2026-05-18 16:26:54,526 log 27264 28332 "GET /static/js/libs/%40preline/tooltip/index.js HTTP/1.1" 404 2026
WARNING 2026-05-18 16:26:55,012 log 27264 30236 "GET /static/js/libs/%40preline/stepper/index.js HTTP/1.1" 404 2026
WARNING 2026-05-18 16:26:55,013 log 27264 28984 "GET /static/js/libs/apexcharts/dist/apexcharts.min.js HTTP/1.1" 404 2050
WARNING 2026-05-18 16:26:55,013 log 27264 14284 "GET /static/js/libs/owl.carousel/dist/owl.carousel.min.js HTTP/1.1" 404 2062
INFO 2026-05-18 16:36:40,761 autoreload 27264 15388 D:\Web Applications\training_institute\training_institute_app\views.py changed, reloading.
INFO 2026-05-18 16:36:41,619 autoreload 28132 25372 Watching for file changes with StatReloader
INFO 2026-05-18 16:36:48,888 log 28132 21328 "GET /user-management/ HTTP/1.1" 200 54534
INFO 2026-05-18 16:36:48,978 log 28132 28972 "GET /static/libs/owl.carousel/dist/assets/owl.carousel.min.css HTTP/1.1" 200 3351
INFO 2026-05-18 16:36:48,979 log 28132 21328 "GET /static/css/theme.css HTTP/1.1" 200 82072
INFO 2026-05-18 16:36:48,982 log 28132 21328 "GET /static/js/theme/app.init.js HTTP/1.1" 200 370
INFO 2026-05-18 16:36:48,983 log 28132 28972 "GET /static/js/vendor.min.js HTTP/1.1" 200 87444
INFO 2026-05-18 16:36:48,987 log 28132 28972 "GET /static/js/theme.js HTTP/1.1" 200 432
INFO 2026-05-18 16:36:48,987 log 28132 21328 "GET /static/js/theme/app.min.js HTTP/1.1" 200 12818
INFO 2026-05-18 16:36:48,991 log 28132 28972 "GET /static/libs/simplebar/dist/simplebar.min.js HTTP/1.1" 200 27518
WARNING 2026-05-18 16:36:48,999 log 28132 28972 "GET /static/js/libs/%40preline/input-number/index.js HTTP/1.1" 404 2041
INFO 2026-05-18 16:36:49,001 log 28132 21328 "GET /static/libs/preline/dist/preline.js HTTP/1.1" 200 363204
WARNING 2026-05-18 16:36:49,008 log 28132 21328 "GET /static/js/libs/%40preline/tooltip/index.js HTTP/1.1" 404 2026
WARNING 2026-05-18 16:36:49,114 log 28132 10212 "GET /static/js/libs/%40preline/stepper/index.js HTTP/1.1" 404 2026
WARNING 2026-05-18 16:36:49,227 log 28132 17056 "GET /static/js/libs/owl.carousel/dist/owl.carousel.min.js HTTP/1.1" 404 2062
WARNING 2026-05-18 16:36:49,228 log 28132 30564 "GET /static/js/libs/apexcharts/dist/apexcharts.min.js HTTP/1.1" 404 2050
INFO 2026-05-18 16:36:49,228 log 28132 29744 "GET /static/js/dashboards/dashboard.js HTTP/1.1" 200 5546
INFO 2026-05-18 16:36:49,322 log 28132 29744 "GET /static/images/logoSample.png HTTP/1.1" 200 38769
WARNING 2026-05-18 16:36:49,844 log 28132 29500 "GET /static/js/libs/%40preline/input-number/index.js HTTP/1.1" 404 2041
WARNING 2026-05-18 16:36:49,889 log 28132 15156 "GET /static/js/libs/%40preline/tooltip/index.js HTTP/1.1" 404 2026
WARNING 2026-05-18 16:36:50,755 log 28132 20384 "GET /static/js/libs/%40preline/stepper/index.js HTTP/1.1" 404 2026
WARNING 2026-05-18 16:36:51,075 log 28132 6824 "GET /static/js/libs/owl.carousel/dist/owl.carousel.min.js HTTP/1.1" 404 2062
WARNING 2026-05-18 16:36:51,076 log 28132 12884 "GET /static/js/libs/apexcharts/dist/apexcharts.min.js HTTP/1.1" 404 2050
INFO 2026-05-18 16:46:06,084 autoreload 28132 25372 D:\Web Applications\training_institute\training_institute_app\views.py changed, reloading.
INFO 2026-05-18 16:46:07,076 autoreload 23548 12252 Watching for file changes with StatReloader
ERROR 2026-05-18 16:46:09,891 log 23548 17364 Internal Server Error: /user-management/
Traceback (most recent call last):
  File "D:\Web Applications\training_institute\venv\Lib\site-packages\django\core\handlers\exception.py", line 55, in inner
    response = get_response(request)
  File "D:\Web Applications\training_institute\venv\Lib\site-packages\django\core\handlers\base.py", line 205, in _get_response
    self.check_response(response, callback)
    ~~~~~~~~~~~~~~~~~~~^^^^^^^^^^^^^^^^^^^^
  File "D:\Web Applications\training_institute\venv\Lib\site-packages\django\core\handlers\base.py", line 333, in check_response
    raise ValueError(
    ...<2 lines>...
    )
ValueError: The view training_institute_app.views.user_management didn't return an HttpResponse object. It returned None instead.
ERROR 2026-05-18 16:46:09,893 log 23548 17364 "GET /user-management/ HTTP/1.1" 500 77518
WARNING 2026-05-18 16:46:10,260 log 23548 17364 Not Found: /favicon.ico
WARNING 2026-05-18 16:46:10,261 log 23548 17364 "GET /favicon.ico HTTP/1.1" 404 6421
WARNING 2026-05-18 16:46:29,160 log 23548 27588 "GET /static/js/libs/%40preline/tooltip/index.js HTTP/1.1" 404 2026
WARNING 2026-05-18 16:46:29,160 log 23548 29492 "GET /static/js/libs/%40preline/stepper/index.js HTTP/1.1" 404 2026
WARNING 2026-05-18 16:46:29,160 log 23548 17056 "GET /static/js/libs/%40preline/input-number/index.js HTTP/1.1" 404 2041
WARNING 2026-05-18 16:46:29,376 log 23548 13716 "GET /static/js/libs/owl.carousel/dist/owl.carousel.min.js HTTP/1.1" 404 2062
ERROR 2026-05-18 16:46:29,979 log 23548 17364 Internal Server Error: /user-management/
Traceback (most recent call last):
  File "D:\Web Applications\training_institute\venv\Lib\site-packages\django\core\handlers\exception.py", line 55, in inner
    response = get_response(request)
  File "D:\Web Applications\training_institute\venv\Lib\site-packages\django\core\handlers\base.py", line 205, in _get_response
    self.check_response(response, callback)
    ~~~~~~~~~~~~~~~~~~~^^^^^^^^^^^^^^^^^^^^
  File "D:\Web Applications\training_institute\venv\Lib\site-packages\django\core\handlers\base.py", line 333, in check_response
    raise ValueError(
    ...<2 lines>...
    )
ValueError: The view training_institute_app.views.user_management didn't return an HttpResponse object. It returned None instead.
ERROR 2026-05-18 16:46:29,981 log 23548 17364 "GET /user-management/ HTTP/1.1" 500 77253
WARNING 2026-05-18 16:46:30,687 log 23548 11580 "GET /static/js/libs/apexcharts/dist/apexcharts.min.js HTTP/1.1" 404 2050
INFO 2026-05-18 16:50:22,660 autoreload 23548 12252 D:\Web Applications\training_institute\training_institute_app\views.py changed, reloading.
INFO 2026-05-18 16:50:23,630 autoreload 30564 20188 Watching for file changes with StatReloader
INFO 2026-05-18 16:50:26,950 log 30564 13308 "GET /user-management/ HTTP/1.1" 200 54534
INFO 2026-05-18 16:50:27,070 log 30564 13308 "GET /static/css/theme.css HTTP/1.1" 200 82072
INFO 2026-05-18 16:50:27,073 log 30564 22536 "GET /static/libs/owl.carousel/dist/assets/owl.carousel.min.css HTTP/1.1" 200 3351
INFO 2026-05-18 16:50:27,075 log 30564 13308 "GET /static/js/vendor.min.js HTTP/1.1" 200 87444
INFO 2026-05-18 16:50:27,078 log 30564 22536 "GET /static/js/theme/app.init.js HTTP/1.1" 200 370
INFO 2026-05-18 16:50:27,078 log 30564 13308 "GET /static/js/theme/app.min.js HTTP/1.1" 200 12818
INFO 2026-05-18 16:50:27,095 log 30564 22536 "GET /static/js/theme.js HTTP/1.1" 200 432
INFO 2026-05-18 16:50:27,096 log 30564 13308 "GET /static/libs/simplebar/dist/simplebar.min.js HTTP/1.1" 200 27518
WARNING 2026-05-18 16:50:27,103 log 30564 13308 "GET /static/js/libs/%40preline/input-number/index.js HTTP/1.1" 404 2041
INFO 2026-05-18 16:50:27,108 log 30564 22536 "GET /static/libs/preline/dist/preline.js HTTP/1.1" 200 363204
WARNING 2026-05-18 16:50:27,114 log 30564 22536 "GET /static/js/libs/%40preline/tooltip/index.js HTTP/1.1" 404 2026
WARNING 2026-05-18 16:50:27,187 log 30564 28264 "GET /static/js/libs/%40preline/stepper/index.js HTTP/1.1" 404 2026
WARNING 2026-05-18 16:50:27,311 log 30564 2636 "GET /static/js/libs/owl.carousel/dist/owl.carousel.min.js HTTP/1.1" 404 2062
WARNING 2026-05-18 16:50:27,311 log 30564 26720 "GET /static/js/libs/apexcharts/dist/apexcharts.min.js HTTP/1.1" 404 2050
INFO 2026-05-18 16:50:27,312 log 30564 9632 "GET /static/js/dashboards/dashboard.js HTTP/1.1" 200 5546
WARNING 2026-05-18 16:50:27,903 log 30564 28556 "GET /static/js/libs/%40preline/input-number/index.js HTTP/1.1" 404 2041
WARNING 2026-05-18 16:50:28,150 log 30564 27144 "GET /static/js/libs/%40preline/tooltip/index.js HTTP/1.1" 404 2026
WARNING 2026-05-18 16:50:28,150 log 30564 29032 "GET /static/js/libs/owl.carousel/dist/owl.carousel.min.js HTTP/1.1" 404 2062
WARNING 2026-05-18 16:50:28,151 log 30564 25848 "GET /static/js/libs/apexcharts/dist/apexcharts.min.js HTTP/1.1" 404 2050
WARNING 2026-05-18 16:50:28,151 log 30564 3084 "GET /static/js/libs/%40preline/stepper/index.js HTTP/1.1" 404 2026
INFO 2026-05-18 16:58:23,317 log 30564 23592 "GET /user-management/ HTTP/1.1" 200 52630
INFO 2026-05-18 16:58:23,361 log 30564 26800 "GET /static/libs/owl.carousel/dist/assets/owl.carousel.min.css HTTP/1.1" 200 3351
INFO 2026-05-18 16:58:23,362 log 30564 23592 "GET /static/css/theme.css HTTP/1.1" 200 82072
INFO 2026-05-18 16:58:23,367 log 30564 23592 "GET /static/js/theme/app.init.js HTTP/1.1" 200 370
INFO 2026-05-18 16:58:23,369 log 30564 26800 "GET /static/js/vendor.min.js HTTP/1.1" 200 87444
INFO 2026-05-18 16:58:23,373 log 30564 26800 "GET /static/js/theme.js HTTP/1.1" 200 432
INFO 2026-05-18 16:58:23,373 log 30564 23592 "GET /static/js/theme/app.min.js HTTP/1.1" 200 12818
INFO 2026-05-18 16:58:23,379 log 30564 23592 "GET /static/libs/simplebar/dist/simplebar.min.js HTTP/1.1" 200 27518
WARNING 2026-05-18 16:58:23,388 log 30564 23592 "GET /static/js/libs/%40preline/input-number/index.js HTTP/1.1" 404 2041
INFO 2026-05-18 16:58:23,389 log 30564 26800 "GET /static/libs/preline/dist/preline.js HTTP/1.1" 200 363204
WARNING 2026-05-18 16:58:23,394 log 30564 26800 "GET /static/js/libs/%40preline/tooltip/index.js HTTP/1.1" 404 2026
WARNING 2026-05-18 16:58:23,523 log 30564 25264 "GET /static/js/libs/%40preline/stepper/index.js HTTP/1.1" 404 2026
WARNING 2026-05-18 16:58:23,666 log 30564 29128 "GET /static/js/libs/apexcharts/dist/apexcharts.min.js HTTP/1.1" 404 2050
WARNING 2026-05-18 16:58:23,667 log 30564 27652 "GET /static/js/libs/owl.carousel/dist/owl.carousel.min.js HTTP/1.1" 404 2062
INFO 2026-05-18 16:58:23,667 log 30564 30512 "GET /static/js/dashboards/dashboard.js HTTP/1.1" 200 5546
INFO 2026-05-18 16:58:23,758 log 30564 30512 "GET /static/images/logoSample.png HTTP/1.1" 200 38769
WARNING 2026-05-18 16:58:24,920 log 30564 6500 "GET /static/js/libs/%40preline/input-number/index.js HTTP/1.1" 404 2041
WARNING 2026-05-18 16:58:24,921 log 30564 11540 "GET /static/js/libs/%40preline/tooltip/index.js HTTP/1.1" 404 2026
WARNING 2026-05-18 16:58:25,524 log 30564 24720 "GET /static/js/libs/%40preline/stepper/index.js HTTP/1.1" 404 2026
WARNING 2026-05-18 16:58:26,081 log 30564 27864 "GET /static/js/libs/apexcharts/dist/apexcharts.min.js HTTP/1.1" 404 2050
WARNING 2026-05-18 16:58:26,080 log 30564 29392 "GET /static/js/libs/owl.carousel/dist/owl.carousel.min.js HTTP/1.1" 404 2062
INFO 2026-05-19 09:28:09,273 autoreload 27400 21660 Watching for file changes with StatReloader
INFO 2026-05-19 09:28:20,908 log 27400 9028 "GET / HTTP/1.1" 200 26354
INFO 2026-05-19 09:28:21,121 log 27400 9028 "GET /static/css/basestyles.css HTTP/1.1" 304 0
INFO 2026-05-19 09:28:21,124 log 27400 9028 "GET /static/css/courses_details.css HTTP/1.1" 304 0
INFO 2026-05-19 09:28:21,142 log 27400 10568 "GET /static/images/image.jpeg HTTP/1.1" 304 0
INFO 2026-05-19 09:28:21,143 log 27400 9028 "GET /static/images/logoSample.png HTTP/1.1" 304 0
INFO 2026-05-19 09:28:21,152 log 27400 10568 "GET /static/images/image2.jpeg HTTP/1.1" 304 0
INFO 2026-05-19 09:28:21,152 log 27400 9028 "GET /static/images/image1.jpeg HTTP/1.1" 304 0
INFO 2026-05-19 09:28:21,160 log 27400 10568 "GET /static/js/basestyles.js HTTP/1.1" 304 0
INFO 2026-05-19 09:28:21,161 log 27400 9028 "GET /static/images/image4.png HTTP/1.1" 304 0
INFO 2026-05-19 09:28:21,163 log 27400 10568 "GET /static/images/image5.jpeg HTTP/1.1" 304 0
INFO 2026-05-19 09:28:23,121 log 27400 27632 "GET /static/js/basestyles.js HTTP/1.1" 200 6950
INFO 2026-05-19 09:50:00,178 log 27400 25072 "GET /login/ HTTP/1.1" 200 35590
INFO 2026-05-19 09:50:00,412 log 27400 25072 "GET /static/css/login.css HTTP/1.1" 304 0
INFO 2026-05-19 09:50:11,191 log 27400 25072 "POST /signin/ HTTP/1.1" 200 82
INFO 2026-05-19 09:50:13,383 log 27400 25072 "GET /dashboard/ HTTP/1.1" 200 28274
WARNING 2026-05-19 09:50:13,507 log 27400 3260 "GET /static/js/libs/%40preline/tooltip/index.js HTTP/1.1" 404 2026
WARNING 2026-05-19 09:50:13,507 log 27400 9608 "GET /static/js/libs/%40preline/stepper/index.js HTTP/1.1" 404 2026
WARNING 2026-05-19 09:50:13,507 log 27400 25072 "GET /static/js/libs/%40preline/input-number/index.js HTTP/1.1" 404 2041
WARNING 2026-05-19 09:50:13,779 log 27400 26284 "GET /static/js/libs/owl.carousel/dist/owl.carousel.min.js HTTP/1.1" 404 2062
WARNING 2026-05-19 09:50:13,779 log 27400 11376 "GET /static/js/libs/apexcharts/dist/apexcharts.min.js HTTP/1.1" 404 2050
WARNING 2026-05-19 09:50:17,952 log 27400 12996 "GET /static/js/libs/%40preline/stepper/index.js HTTP/1.1" 404 2026
WARNING 2026-05-19 09:50:17,954 log 27400 17132 "GET /static/js/libs/%40preline/tooltip/index.js HTTP/1.1" 404 2026
WARNING 2026-05-19 09:50:17,958 log 27400 20476 "GET /static/js/libs/owl.carousel/dist/owl.carousel.min.js HTTP/1.1" 404 2062
WARNING 2026-05-19 09:50:17,959 log 27400 16656 "GET /static/js/libs/%40preline/input-number/index.js HTTP/1.1" 404 2041
WARNING 2026-05-19 09:50:17,960 log 27400 17340 "GET /static/js/libs/apexcharts/dist/apexcharts.min.js HTTP/1.1" 404 2050
INFO 2026-05-19 09:50:21,147 log 27400 26204 "GET /user-management/ HTTP/1.1" 200 56313
WARNING 2026-05-19 09:50:21,208 log 27400 26204 "GET /static/js/libs/%40preline/input-number/index.js HTTP/1.1" 404 2041
WARNING 2026-05-19 09:50:21,211 log 27400 12732 "GET /static/js/libs/%40preline/tooltip/index.js HTTP/1.1" 404 2026
WARNING 2026-05-19 09:50:21,324 log 27400 7432 "GET /static/js/libs/%40preline/stepper/index.js HTTP/1.1" 404 2026
WARNING 2026-05-19 09:50:21,521 log 27400 19544 "GET /static/js/libs/apexcharts/dist/apexcharts.min.js HTTP/1.1" 404 2050
WARNING 2026-05-19 09:50:21,522 log 27400 29152 "GET /static/js/libs/owl.carousel/dist/owl.carousel.min.js HTTP/1.1" 404 2062
WARNING 2026-05-19 09:50:22,539 log 27400 26340 "GET /static/js/libs/%40preline/input-number/index.js HTTP/1.1" 404 2041
WARNING 2026-05-19 09:50:22,851 log 27400 16868 "GET /static/js/libs/%40preline/tooltip/index.js HTTP/1.1" 404 2026
WARNING 2026-05-19 09:50:22,853 log 27400 26332 "GET /static/js/libs/%40preline/stepper/index.js HTTP/1.1" 404 2026
WARNING 2026-05-19 09:50:22,853 log 27400 13972 "GET /static/js/libs/apexcharts/dist/apexcharts.min.js HTTP/1.1" 404 2050
WARNING 2026-05-19 09:50:22,860 log 27400 3016 "GET /static/js/libs/owl.carousel/dist/owl.carousel.min.js HTTP/1.1" 404 2062
INFO 2026-05-19 09:50:43,500 log 27400 25472 "GET /user-management/ HTTP/1.1" 200 52630
INFO 2026-05-19 09:50:43,549 log 27400 25472 "GET /static/css/theme.css HTTP/1.1" 200 82072
INFO 2026-05-19 09:50:43,565 log 27400 20876 "GET /static/libs/owl.carousel/dist/assets/owl.carousel.min.css HTTP/1.1" 200 3351
INFO 2026-05-19 09:50:43,569 log 27400 20876 "GET /static/js/theme/app.init.js HTTP/1.1" 200 370
INFO 2026-05-19 09:50:43,601 log 27400 20876 "GET /static/js/theme/app.min.js HTTP/1.1" 200 12818
INFO 2026-05-19 09:50:43,603 log 27400 20876 "GET /static/js/theme.js HTTP/1.1" 200 432
INFO 2026-05-19 09:50:43,632 log 27400 25472 "GET /static/js/vendor.min.js HTTP/1.1" 200 87444
INFO 2026-05-19 09:50:43,648 log 27400 25472 "GET /static/libs/preline/dist/preline.js HTTP/1.1" 200 363204
WARNING 2026-05-19 09:50:43,654 log 27400 25472 "GET /static/js/libs/%40preline/input-number/index.js HTTP/1.1" 404 2041
INFO 2026-05-19 09:50:43,703 log 27400 20876 "GET /static/libs/simplebar/dist/simplebar.min.js HTTP/1.1" 200 27518
WARNING 2026-05-19 09:50:43,708 log 27400 20876 "GET /static/js/libs/%40preline/tooltip/index.js HTTP/1.1" 404 2026
WARNING 2026-05-19 09:50:43,744 log 27400 8836 "GET /static/js/libs/%40preline/stepper/index.js HTTP/1.1" 404 2026
WARNING 2026-05-19 09:50:43,853 log 27400 13548 "GET /static/js/libs/owl.carousel/dist/owl.carousel.min.js HTTP/1.1" 404 2062
WARNING 2026-05-19 09:50:43,858 log 27400 23020 "GET /static/js/libs/apexcharts/dist/apexcharts.min.js HTTP/1.1" 404 2050
INFO 2026-05-19 09:50:43,858 log 27400 26316 "GET /static/js/dashboards/dashboard.js HTTP/1.1" 200 5546
INFO 2026-05-19 09:50:43,906 log 27400 26316 "GET /static/images/logoSample.png HTTP/1.1" 200 38769
WARNING 2026-05-19 09:50:44,673 log 27400 30500 "GET /static/js/libs/%40preline/input-number/index.js HTTP/1.1" 404 2041
WARNING 2026-05-19 09:50:45,170 log 27400 18816 "GET /static/js/libs/%40preline/tooltip/index.js HTTP/1.1" 404 2026
WARNING 2026-05-19 09:50:45,980 log 27400 26728 "GET /static/js/libs/%40preline/stepper/index.js HTTP/1.1" 404 2026
WARNING 2026-05-19 09:50:45,980 log 27400 17740 "GET /static/js/libs/owl.carousel/dist/owl.carousel.min.js HTTP/1.1" 404 2062
WARNING 2026-05-19 09:50:45,994 log 27400 12124 "GET /static/js/libs/apexcharts/dist/apexcharts.min.js HTTP/1.1" 404 2050
INFO 2026-05-19 09:50:53,519 log 27400 26316 "POST /user-management/ HTTP/1.1" 302 0
INFO 2026-05-19 09:50:53,553 log 27400 26316 "GET /user-management/ HTTP/1.1" 200 52658
WARNING 2026-05-19 09:50:53,615 log 27400 15468 "GET /static/js/libs/%40preline/tooltip/index.js HTTP/1.1" 404 2026
WARNING 2026-05-19 09:50:53,615 log 27400 26316 "GET /static/js/libs/%40preline/input-number/index.js HTTP/1.1" 404 2041
WARNING 2026-05-19 09:50:53,624 log 27400 21296 "GET /static/js/libs/%40preline/tooltip/index.js HTTP/1.1" 404 2026
WARNING 2026-05-19 09:50:53,928 log 27400 14472 "GET /static/js/libs/%40preline/stepper/index.js HTTP/1.1" 404 2026
WARNING 2026-05-19 09:50:53,940 log 27400 1616 "GET /static/js/libs/owl.carousel/dist/owl.carousel.min.js HTTP/1.1" 404 2062
WARNING 2026-05-19 09:50:53,941 log 27400 25932 "GET /static/js/libs/apexcharts/dist/apexcharts.min.js HTTP/1.1" 404 2050
WARNING 2026-05-19 09:50:53,952 log 27400 27480 "GET /static/js/libs/%40preline/input-number/index.js HTTP/1.1" 404 2041
WARNING 2026-05-19 09:50:54,251 log 27400 27612 "GET /static/js/libs/%40preline/stepper/index.js HTTP/1.1" 404 2026
WARNING 2026-05-19 09:50:54,262 log 27400 26988 "GET /static/js/libs/owl.carousel/dist/owl.carousel.min.js HTTP/1.1" 404 2062
WARNING 2026-05-19 09:50:54,272 log 27400 11748 "GET /static/js/libs/apexcharts/dist/apexcharts.min.js HTTP/1.1" 404 2050
INFO 2026-05-19 09:52:54,732 log 27400 15128 "GET /user-management/ HTTP/1.1" 200 52664
INFO 2026-05-19 09:52:54,782 log 27400 28932 "GET /static/libs/owl.carousel/dist/assets/owl.carousel.min.css HTTP/1.1" 200 3351
INFO 2026-05-19 09:52:54,783 log 27400 15128 "GET /static/css/theme.css HTTP/1.1" 200 82072
INFO 2026-05-19 09:52:54,788 log 27400 15128 "GET /static/js/theme/app.init.js HTTP/1.1" 200 370
INFO 2026-05-19 09:52:54,791 log 27400 28932 "GET /static/js/vendor.min.js HTTP/1.1" 200 87444
INFO 2026-05-19 09:52:54,793 log 27400 15128 "GET /static/js/theme/app.min.js HTTP/1.1" 200 12818
INFO 2026-05-19 09:52:54,794 log 27400 28932 "GET /static/js/theme.js HTTP/1.1" 200 432
INFO 2026-05-19 09:52:54,798 log 27400 15128 "GET /static/libs/simplebar/dist/simplebar.min.js HTTP/1.1" 200 27518
WARNING 2026-05-19 09:52:54,806 log 27400 15128 "GET /static/js/libs/%40preline/input-number/index.js HTTP/1.1" 404 2041
INFO 2026-05-19 09:52:54,808 log 27400 28932 "GET /static/libs/preline/dist/preline.js HTTP/1.1" 200 363204
WARNING 2026-05-19 09:52:54,814 log 27400 28932 "GET /static/js/libs/%40preline/tooltip/index.js HTTP/1.1" 404 2026
WARNING 2026-05-19 09:52:54,982 log 27400 11476 "GET /static/js/libs/%40preline/stepper/index.js HTTP/1.1" 404 2026
WARNING 2026-05-19 09:52:55,089 log 27400 6988 "GET /static/js/libs/owl.carousel/dist/owl.carousel.min.js HTTP/1.1" 404 2062
WARNING 2026-05-19 09:52:55,089 log 27400 28516 "GET /static/js/libs/apexcharts/dist/apexcharts.min.js HTTP/1.1" 404 2050
INFO 2026-05-19 09:52:55,090 log 27400 23908 "GET /static/js/dashboards/dashboard.js HTTP/1.1" 200 5546
INFO 2026-05-19 09:52:55,127 log 27400 23908 "GET /static/images/logoSample.png HTTP/1.1" 200 38769
WARNING 2026-05-19 09:52:55,895 log 27400 19664 "GET /static/js/libs/%40preline/tooltip/index.js HTTP/1.1" 404 2026
WARNING 2026-05-19 09:52:55,896 log 27400 9668 "GET /static/js/libs/%40preline/stepper/index.js HTTP/1.1" 404 2026
WARNING 2026-05-19 09:52:55,897 log 27400 12036 "GET /static/js/libs/%40preline/input-number/index.js HTTP/1.1" 404 2041
WARNING 2026-05-19 09:52:56,778 log 27400 8672 "GET /static/js/libs/owl.carousel/dist/owl.carousel.min.js HTTP/1.1" 404 2062
WARNING 2026-05-19 09:52:57,098 log 27400 12532 "GET /static/js/libs/apexcharts/dist/apexcharts.min.js HTTP/1.1" 404 2050
INFO 2026-05-19 09:53:21,577 log 27400 23908 "GET /user-management/ HTTP/1.1" 200 52676
INFO 2026-05-19 09:53:21,622 log 27400 6220 "GET /static/libs/owl.carousel/dist/assets/owl.carousel.min.css HTTP/1.1" 200 3351
INFO 2026-05-19 09:53:21,623 log 27400 23908 "GET /static/css/theme.css HTTP/1.1" 200 82072
INFO 2026-05-19 09:53:21,627 log 27400 23908 "GET /static/js/theme/app.init.js HTTP/1.1" 200 370
INFO 2026-05-19 09:53:21,628 log 27400 6220 "GET /static/js/vendor.min.js HTTP/1.1" 200 87444
INFO 2026-05-19 09:53:21,630 log 27400 23908 "GET /static/js/theme/app.min.js HTTP/1.1" 200 12818
INFO 2026-05-19 09:53:21,631 log 27400 6220 "GET /static/js/theme.js HTTP/1.1" 200 432
INFO 2026-05-19 09:53:21,634 log 27400 23908 "GET /static/libs/simplebar/dist/simplebar.min.js HTTP/1.1" 200 27518
WARNING 2026-05-19 09:53:21,639 log 27400 23908 "GET /static/js/libs/%40preline/input-number/index.js HTTP/1.1" 404 2041
INFO 2026-05-19 09:53:21,642 log 27400 6220 "GET /static/libs/preline/dist/preline.js HTTP/1.1" 200 363204
WARNING 2026-05-19 09:53:21,647 log 27400 6220 "GET /static/js/libs/%40preline/tooltip/index.js HTTP/1.1" 404 2026
WARNING 2026-05-19 09:53:21,945 log 27400 25324 "GET /static/js/libs/owl.carousel/dist/owl.carousel.min.js HTTP/1.1" 404 2062
WARNING 2026-05-19 09:53:21,945 log 27400 18024 "GET /static/js/libs/%40preline/stepper/index.js HTTP/1.1" 404 2026
WARNING 2026-05-19 09:53:21,946 log 27400 20888 "GET /static/js/libs/apexcharts/dist/apexcharts.min.js HTTP/1.1" 404 2050
INFO 2026-05-19 09:53:21,948 log 27400 21788 "GET /static/js/dashboards/dashboard.js HTTP/1.1" 200 5546
INFO 2026-05-19 09:53:21,989 log 27400 21788 "GET /static/images/logoSample.png HTTP/1.1" 200 38769
WARNING 2026-05-19 09:53:22,669 log 27400 24872 "GET /static/js/libs/%40preline/input-number/index.js HTTP/1.1" 404 2041
WARNING 2026-05-19 09:53:22,918 log 27400 30480 "GET /static/js/libs/%40preline/tooltip/index.js HTTP/1.1" 404 2026
WARNING 2026-05-19 09:53:22,925 log 27400 28812 "GET /static/js/libs/owl.carousel/dist/owl.carousel.min.js HTTP/1.1" 404 2062
WARNING 2026-05-19 09:53:23,507 log 27400 24548 "GET /static/js/libs/%40preline/stepper/index.js HTTP/1.1" 404 2026
WARNING 2026-05-19 09:53:23,995 log 27400 28188 "GET /static/js/libs/apexcharts/dist/apexcharts.min.js HTTP/1.1" 404 2050
INFO 2026-05-19 09:58:07,420 log 27400 21788 "GET /user-management/ HTTP/1.1" 200 53045
INFO 2026-05-19 09:58:07,464 log 27400 21788 "GET /static/css/theme.css HTTP/1.1" 200 82072
INFO 2026-05-19 09:58:07,467 log 27400 21788 "GET /static/libs/owl.carousel/dist/assets/owl.carousel.min.css HTTP/1.1" 200 3351
INFO 2026-05-19 09:58:07,471 log 27400 21788 "GET /static/js/vendor.min.js HTTP/1.1" 200 87444
INFO 2026-05-19 09:58:07,472 log 27400 21788 "GET /static/js/theme/app.init.js HTTP/1.1" 200 370
INFO 2026-05-19 09:58:07,475 log 27400 21788 "GET /static/js/theme/app.min.js HTTP/1.1" 200 12818
INFO 2026-05-19 09:58:07,477 log 27400 21788 "GET /static/js/theme.js HTTP/1.1" 200 432
INFO 2026-05-19 09:58:07,480 log 27400 21788 "GET /static/libs/simplebar/dist/simplebar.min.js HTTP/1.1" 200 27518
INFO 2026-05-19 09:58:07,484 log 27400 21788 "GET /static/libs/preline/dist/preline.js HTTP/1.1" 200 363204
WARNING 2026-05-19 09:58:07,491 log 27400 21788 "GET /static/js/libs/%40preline/input-number/index.js HTTP/1.1" 404 2041
WARNING 2026-05-19 09:58:07,695 log 27400 14572 "GET /static/js/libs/%40preline/tooltip/index.js HTTP/1.1" 404 2026
WARNING 2026-05-19 09:58:07,786 log 27400 24708 "GET /static/js/libs/%40preline/stepper/index.js HTTP/1.1" 404 2026
WARNING 2026-05-19 09:58:07,786 log 27400 18152 "GET /static/js/libs/owl.carousel/dist/owl.carousel.min.js HTTP/1.1" 404 2062
WARNING 2026-05-19 09:58:07,787 log 27400 13928 "GET /static/js/libs/apexcharts/dist/apexcharts.min.js HTTP/1.1" 404 2050
INFO 2026-05-19 09:58:07,787 log 27400 20324 "GET /static/js/dashboards/dashboard.js HTTP/1.1" 200 5546
INFO 2026-05-19 09:58:07,858 log 27400 20324 "GET /static/images/logoSample.png HTTP/1.1" 200 38769
WARNING 2026-05-19 09:58:08,266 log 27400 5824 "GET /static/js/libs/%40preline/input-number/index.js HTTP/1.1" 404 2041
WARNING 2026-05-19 09:58:08,934 log 27400 21936 "GET /static/js/libs/%40preline/tooltip/index.js HTTP/1.1" 404 2026
WARNING 2026-05-19 09:58:09,251 log 27400 26772 "GET /static/js/libs/%40preline/stepper/index.js HTTP/1.1" 404 2026
WARNING 2026-05-19 09:58:09,257 log 27400 17272 "GET /static/js/libs/apexcharts/dist/apexcharts.min.js HTTP/1.1" 404 2050
WARNING 2026-05-19 09:58:09,259 log 27400 17868 "GET /static/js/libs/owl.carousel/dist/owl.carousel.min.js HTTP/1.1" 404 2062
INFO 2026-05-19 10:24:46,383 log 27400 23992 "GET /user-management/ HTTP/1.1" 200 60405
INFO 2026-05-19 10:24:46,428 log 27400 17256 "GET /static/libs/owl.carousel/dist/assets/owl.carousel.min.css HTTP/1.1" 200 3351
INFO 2026-05-19 10:24:46,430 log 27400 23992 "GET /static/css/theme.css HTTP/1.1" 200 82072
INFO 2026-05-19 10:24:46,431 log 27400 23992 "GET /static/js/theme/app.init.js HTTP/1.1" 200 370
INFO 2026-05-19 10:24:46,432 log 27400 17256 "GET /static/js/vendor.min.js HTTP/1.1" 200 87444
INFO 2026-05-19 10:24:46,435 log 27400 23992 "GET /static/js/theme/app.min.js HTTP/1.1" 200 12818
INFO 2026-05-19 10:24:46,435 log 27400 17256 "GET /static/js/theme.js HTTP/1.1" 200 432
INFO 2026-05-19 10:24:46,439 log 27400 17256 "GET /static/libs/simplebar/dist/simplebar.min.js HTTP/1.1" 200 27518
INFO 2026-05-19 10:24:46,443 log 27400 23992 "GET /static/libs/preline/dist/preline.js HTTP/1.1" 200 363204
WARNING 2026-05-19 10:24:46,447 log 27400 17256 "GET /static/js/libs/%40preline/input-number/index.js HTTP/1.1" 404 2041
WARNING 2026-05-19 10:24:46,451 log 27400 23992 "GET /static/js/libs/%40preline/tooltip/index.js HTTP/1.1" 404 2026
WARNING 2026-05-19 10:24:46,635 log 27400 22472 "GET /static/js/libs/%40preline/stepper/index.js HTTP/1.1" 404 2026
WARNING 2026-05-19 10:24:46,745 log 27400 7728 "GET /static/js/libs/owl.carousel/dist/owl.carousel.min.js HTTP/1.1" 404 2062
WARNING 2026-05-19 10:24:46,745 log 27400 5732 "GET /static/js/libs/apexcharts/dist/apexcharts.min.js HTTP/1.1" 404 2050
INFO 2026-05-19 10:24:46,748 log 27400 22720 "GET /static/js/dashboards/dashboard.js HTTP/1.1" 200 5546
INFO 2026-05-19 10:24:46,814 log 27400 22720 "GET /static/images/logoSample.png HTTP/1.1" 200 38769
WARNING 2026-05-19 10:24:47,466 log 27400 13212 "GET /static/js/libs/%40preline/input-number/index.js HTTP/1.1" 404 2041
WARNING 2026-05-19 10:24:47,467 log 27400 12032 "GET /static/js/libs/%40preline/tooltip/index.js HTTP/1.1" 404 2026
WARNING 2026-05-19 10:24:47,717 log 27400 13116 "GET /static/js/libs/%40preline/stepper/index.js HTTP/1.1" 404 2026
WARNING 2026-05-19 10:24:50,705 log 27400 27824 "GET /static/js/libs/owl.carousel/dist/owl.carousel.min.js HTTP/1.1" 404 2062
WARNING 2026-05-19 10:24:51,038 log 27400 12672 "GET /static/js/libs/apexcharts/dist/apexcharts.min.js HTTP/1.1" 404 2050
INFO 2026-05-19 10:25:23,328 log 27400 22720 "GET /user-management/ HTTP/1.1" 200 60396
INFO 2026-05-19 10:25:23,382 log 27400 22720 "GET /static/css/theme.css HTTP/1.1" 200 82072
INFO 2026-05-19 10:25:23,384 log 27400 22720 "GET /static/libs/owl.carousel/dist/assets/owl.carousel.min.css HTTP/1.1" 200 3351
INFO 2026-05-19 10:25:23,386 log 27400 22720 "GET /static/js/vendor.min.js HTTP/1.1" 200 87444
INFO 2026-05-19 10:25:23,388 log 27400 22720 "GET /static/js/theme/app.init.js HTTP/1.1" 200 370
INFO 2026-05-19 10:25:23,391 log 27400 22720 "GET /static/js/theme/app.min.js HTTP/1.1" 200 12818
INFO 2026-05-19 10:25:23,393 log 27400 22720 "GET /static/js/theme.js HTTP/1.1" 200 432
INFO 2026-05-19 10:25:23,395 log 27400 22720 "GET /static/libs/simplebar/dist/simplebar.min.js HTTP/1.1" 200 27518
INFO 2026-05-19 10:25:23,399 log 27400 22720 "GET /static/libs/preline/dist/preline.js HTTP/1.1" 200 363204
WARNING 2026-05-19 10:25:23,404 log 27400 22720 "GET /static/js/libs/%40preline/input-number/index.js HTTP/1.1" 404 2041
WARNING 2026-05-19 10:25:23,628 log 27400 15544 "GET /static/js/libs/%40preline/tooltip/index.js HTTP/1.1" 404 2026
WARNING 2026-05-19 10:25:23,703 log 27400 28948 "GET /static/js/libs/%40preline/stepper/index.js HTTP/1.1" 404 2026
WARNING 2026-05-19 10:25:23,704 log 27400 23812 "GET /static/js/libs/owl.carousel/dist/owl.carousel.min.js HTTP/1.1" 404 2062
WARNING 2026-05-19 10:25:23,705 log 27400 11676 "GET /static/js/libs/apexcharts/dist/apexcharts.min.js HTTP/1.1" 404 2050
INFO 2026-05-19 10:25:23,705 log 27400 10236 "GET /static/js/dashboards/dashboard.js HTTP/1.1" 200 5546
INFO 2026-05-19 10:25:23,748 log 27400 10236 "GET /static/images/logoSample.png HTTP/1.1" 200 38769
WARNING 2026-05-19 10:25:24,631 log 27400 23820 "GET /static/js/libs/%40preline/input-number/index.js HTTP/1.1" 404 2041
WARNING 2026-05-19 10:25:25,146 log 27400 12536 "GET /static/js/libs/%40preline/tooltip/index.js HTTP/1.1" 404 2026
WARNING 2026-05-19 10:25:25,464 log 27400 21600 "GET /static/js/libs/%40preline/stepper/index.js HTTP/1.1" 404 2026
WARNING 2026-05-19 10:25:25,464 log 27400 3936 "GET /static/js/libs/owl.carousel/dist/owl.carousel.min.js HTTP/1.1" 404 2062
WARNING 2026-05-19 10:25:25,464 log 27400 15200 "GET /static/js/libs/apexcharts/dist/apexcharts.min.js HTTP/1.1" 404 2050
INFO 2026-05-19 10:25:31,624 log 27400 10236 "GET /user-management/ HTTP/1.1" 200 60396
WARNING 2026-05-19 10:25:31,670 log 27400 10236 "GET /static/js/libs/%40preline/input-number/index.js HTTP/1.1" 404 2041
WARNING 2026-05-19 10:25:31,919 log 27400 18264 "GET /static/js/libs/%40preline/tooltip/index.js HTTP/1.1" 404 2026
WARNING 2026-05-19 10:25:32,004 log 27400 28492 "GET /static/js/libs/%40preline/stepper/index.js HTTP/1.1" 404 2026
WARNING 2026-05-19 10:25:32,005 log 27400 20964 "GET /static/js/libs/owl.carousel/dist/owl.carousel.min.js HTTP/1.1" 404 2062
WARNING 2026-05-19 10:25:32,006 log 27400 25744 "GET /static/js/libs/apexcharts/dist/apexcharts.min.js HTTP/1.1" 404 2050
WARNING 2026-05-19 10:25:32,014 log 27400 30504 "GET /static/js/libs/%40preline/input-number/index.js HTTP/1.1" 404 2041
WARNING 2026-05-19 10:25:32,237 log 27400 27448 "GET /static/js/libs/%40preline/tooltip/index.js HTTP/1.1" 404 2026
WARNING 2026-05-19 10:25:32,266 log 27400 26376 "GET /static/js/libs/%40preline/stepper/index.js HTTP/1.1" 404 2026
WARNING 2026-05-19 10:25:32,358 log 27400 23824 "GET /static/js/libs/apexcharts/dist/apexcharts.min.js HTTP/1.1" 404 2050
WARNING 2026-05-19 10:25:32,358 log 27400 3884 "GET /static/js/libs/owl.carousel/dist/owl.carousel.min.js HTTP/1.1" 404 2062
INFO 2026-05-19 10:25:40,402 log 27400 9196 "GET /user-management/ HTTP/1.1" 200 60396
WARNING 2026-05-19 10:25:40,461 log 27400 10724 "GET /static/js/libs/%40preline/tooltip/index.js HTTP/1.1" 404 2026
WARNING 2026-05-19 10:25:40,461 log 27400 9196 "GET /static/js/libs/%40preline/input-number/index.js HTTP/1.1" 404 2041
WARNING 2026-05-19 10:25:40,476 log 27400 23948 "GET /static/js/libs/%40preline/tooltip/index.js HTTP/1.1" 404 2026
WARNING 2026-05-19 10:25:40,631 log 27400 13924 "GET /static/js/libs/%40preline/stepper/index.js HTTP/1.1" 404 2026
WARNING 2026-05-19 10:25:40,774 log 27400 18356 "GET /static/js/libs/apexcharts/dist/apexcharts.min.js HTTP/1.1" 404 2050
WARNING 2026-05-19 10:25:40,775 log 27400 24400 "GET /static/js/libs/owl.carousel/dist/owl.carousel.min.js HTTP/1.1" 404 2062
WARNING 2026-05-19 10:25:40,784 log 27400 26940 "GET /static/js/libs/%40preline/input-number/index.js HTTP/1.1" 404 2041
WARNING 2026-05-19 10:25:40,951 log 27400 2828 "GET /static/js/libs/%40preline/stepper/index.js HTTP/1.1" 404 2026
WARNING 2026-05-19 10:25:41,093 log 27400 23904 "GET /static/js/libs/apexcharts/dist/apexcharts.min.js HTTP/1.1" 404 2050
WARNING 2026-05-19 10:25:41,096 log 27400 17192 "GET /static/js/libs/owl.carousel/dist/owl.carousel.min.js HTTP/1.1" 404 2062
INFO 2026-05-19 10:25:55,968 log 27400 21632 "GET /user-management/ HTTP/1.1" 200 60399
INFO 2026-05-19 10:25:56,014 log 27400 26488 "GET /static/libs/owl.carousel/dist/assets/owl.carousel.min.css HTTP/1.1" 200 3351
INFO 2026-05-19 10:25:56,015 log 27400 21632 "GET /static/css/theme.css HTTP/1.1" 200 82072
INFO 2026-05-19 10:25:56,016 log 27400 21632 "GET /static/js/theme/app.init.js HTTP/1.1" 200 370
INFO 2026-05-19 10:25:56,017 log 27400 26488 "GET /static/js/vendor.min.js HTTP/1.1" 200 87444
INFO 2026-05-19 10:25:56,021 log 27400 21632 "GET /static/js/theme/app.min.js HTTP/1.1" 200 12818
INFO 2026-05-19 10:25:56,022 log 27400 26488 "GET /static/js/theme.js HTTP/1.1" 200 432
INFO 2026-05-19 10:25:56,025 log 27400 21632 "GET /static/libs/simplebar/dist/simplebar.min.js HTTP/1.1" 200 27518
WARNING 2026-05-19 10:25:56,032 log 27400 21632 "GET /static/js/libs/%40preline/input-number/index.js HTTP/1.1" 404 2041
INFO 2026-05-19 10:25:56,033 log 27400 26488 "GET /static/libs/preline/dist/preline.js HTTP/1.1" 200 363204
WARNING 2026-05-19 10:25:56,039 log 27400 26488 "GET /static/js/libs/%40preline/tooltip/index.js HTTP/1.1" 404 2026
WARNING 2026-05-19 10:25:56,211 log 27400 16632 "GET /static/js/libs/%40preline/stepper/index.js HTTP/1.1" 404 2026
WARNING 2026-05-19 10:25:56,337 log 27400 25916 "GET /static/js/libs/owl.carousel/dist/owl.carousel.min.js HTTP/1.1" 404 2062
WARNING 2026-05-19 10:25:56,339 log 27400 30508 "GET /static/js/libs/apexcharts/dist/apexcharts.min.js HTTP/1.1" 404 2050
INFO 2026-05-19 10:25:56,340 log 27400 27344 "GET /static/js/dashboards/dashboard.js HTTP/1.1" 200 5546
INFO 2026-05-19 10:25:56,379 log 27400 27344 "GET /static/images/logoSample.png HTTP/1.1" 200 38769
WARNING 2026-05-19 10:25:56,985 log 27400 29060 "GET /static/js/libs/%40preline/input-number/index.js HTTP/1.1" 404 2041
WARNING 2026-05-19 10:25:57,015 log 27400 25044 "GET /static/js/libs/%40preline/tooltip/index.js HTTP/1.1" 404 2026
WARNING 2026-05-19 10:25:57,804 log 27400 24100 "GET /static/js/libs/%40preline/stepper/index.js HTTP/1.1" 404 2026
WARNING 2026-05-19 10:25:58,125 log 27400 8108 "GET /static/js/libs/apexcharts/dist/apexcharts.min.js HTTP/1.1" 404 2050
WARNING 2026-05-19 10:25:58,125 log 27400 19872 "GET /static/js/libs/owl.carousel/dist/owl.carousel.min.js HTTP/1.1" 404 2062
INFO 2026-05-19 10:26:03,335 log 27400 27344 "GET /user-management/ HTTP/1.1" 200 60402
INFO 2026-05-19 10:26:03,379 log 27400 27868 "GET /static/libs/owl.carousel/dist/assets/owl.carousel.min.css HTTP/1.1" 200 3351
INFO 2026-05-19 10:26:03,380 log 27400 27344 "GET /static/css/theme.css HTTP/1.1" 200 82072
INFO 2026-05-19 10:26:03,384 log 27400 27344 "GET /static/js/theme/app.init.js HTTP/1.1" 200 370
INFO 2026-05-19 10:26:03,385 log 27400 27868 "GET /static/js/vendor.min.js HTTP/1.1" 200 87444
INFO 2026-05-19 10:26:03,390 log 27400 27868 "GET /static/js/theme.js HTTP/1.1" 200 432
INFO 2026-05-19 10:26:03,392 log 27400 27344 "GET /static/js/theme/app.min.js HTTP/1.1" 200 12818
INFO 2026-05-19 10:26:03,397 log 27400 27868 "GET /static/libs/simplebar/dist/simplebar.min.js HTTP/1.1" 200 27518
WARNING 2026-05-19 10:26:03,403 log 27400 27868 "GET /static/js/libs/%40preline/input-number/index.js HTTP/1.1" 404 2041
INFO 2026-05-19 10:26:03,405 log 27400 27344 "GET /static/libs/preline/dist/preline.js HTTP/1.1" 200 363204
WARNING 2026-05-19 10:26:03,413 log 27400 27344 "GET /static/js/libs/%40preline/tooltip/index.js HTTP/1.1" 404 2026
WARNING 2026-05-19 10:26:03,720 log 27400 25988 "GET /static/js/libs/%40preline/stepper/index.js HTTP/1.1" 404 2026
WARNING 2026-05-19 10:26:03,721 log 27400 22100 "GET /static/js/libs/owl.carousel/dist/owl.carousel.min.js HTTP/1.1" 404 2062
INFO 2026-05-19 10:26:03,722 log 27400 12736 "GET /static/js/dashboards/dashboard.js HTTP/1.1" 200 5546
WARNING 2026-05-19 10:26:03,720 log 27400 7432 "GET /static/js/libs/apexcharts/dist/apexcharts.min.js HTTP/1.1" 404 2050
INFO 2026-05-19 10:26:03,779 log 27400 12736 "GET /static/images/logoSample.png HTTP/1.1" 200 38769
WARNING 2026-05-19 10:26:04,315 log 27400 27028 "GET /static/js/libs/%40preline/input-number/index.js HTTP/1.1" 404 2041
WARNING 2026-05-19 10:26:04,316 log 27400 8104 "GET /static/js/libs/%40preline/tooltip/index.js HTTP/1.1" 404 2026
WARNING 2026-05-19 10:26:05,075 log 27400 7132 "GET /static/js/libs/%40preline/stepper/index.js HTTP/1.1" 404 2026
WARNING 2026-05-19 10:26:05,576 log 27400 19436 "GET /static/js/libs/apexcharts/dist/apexcharts.min.js HTTP/1.1" 404 2050
WARNING 2026-05-19 10:26:05,576 log 27400 11756 "GET /static/js/libs/owl.carousel/dist/owl.carousel.min.js HTTP/1.1" 404 2062
INFO 2026-05-19 10:26:18,354 log 27400 12736 "GET /user-management/ HTTP/1.1" 200 60402
INFO 2026-05-19 10:26:18,404 log 27400 18808 "GET /static/libs/owl.carousel/dist/assets/owl.carousel.min.css HTTP/1.1" 200 3351
INFO 2026-05-19 10:26:18,405 log 27400 12736 "GET /static/css/theme.css HTTP/1.1" 200 82072
INFO 2026-05-19 10:26:18,408 log 27400 12736 "GET /static/js/theme/app.init.js HTTP/1.1" 200 370
INFO 2026-05-19 10:26:18,410 log 27400 18808 "GET /static/js/vendor.min.js HTTP/1.1" 200 87444
INFO 2026-05-19 10:26:18,413 log 27400 18808 "GET /static/js/theme.js HTTP/1.1" 200 432
INFO 2026-05-19 10:26:18,413 log 27400 12736 "GET /static/js/theme/app.min.js HTTP/1.1" 200 12818
INFO 2026-05-19 10:26:18,418 log 27400 12736 "GET /static/libs/simplebar/dist/simplebar.min.js HTTP/1.1" 200 27518
WARNING 2026-05-19 10:26:18,426 log 27400 12736 "GET /static/js/libs/%40preline/input-number/index.js HTTP/1.1" 404 2041
INFO 2026-05-19 10:26:18,429 log 27400 18808 "GET /static/libs/preline/dist/preline.js HTTP/1.1" 200 363204
WARNING 2026-05-19 10:26:18,438 log 27400 18808 "GET /static/js/libs/%40preline/tooltip/index.js HTTP/1.1" 404 2026
WARNING 2026-05-19 10:26:18,726 log 27400 15140 "GET /static/js/libs/%40preline/stepper/index.js HTTP/1.1" 404 2026
WARNING 2026-05-19 10:26:18,727 log 27400 18612 "GET /static/js/libs/owl.carousel/dist/owl.carousel.min.js HTTP/1.1" 404 2062
WARNING 2026-05-19 10:26:18,727 log 27400 25680 "GET /static/js/libs/apexcharts/dist/apexcharts.min.js HTTP/1.1" 404 2050
INFO 2026-05-19 10:26:18,729 log 27400 27356 "GET /static/js/dashboards/dashboard.js HTTP/1.1" 200 5546
INFO 2026-05-19 10:26:18,777 log 27400 27356 "GET /static/images/logoSample.png HTTP/1.1" 200 38769
WARNING 2026-05-19 10:26:19,046 log 27400 26948 "GET /static/js/libs/%40preline/input-number/index.js HTTP/1.1" 404 2041
WARNING 2026-05-19 10:26:19,554 log 27400 14416 "GET /static/js/libs/%40preline/tooltip/index.js HTTP/1.1" 404 2026
WARNING 2026-05-19 10:26:19,560 log 27400 25052 "GET /static/js/libs/%40preline/stepper/index.js HTTP/1.1" 404 2026
WARNING 2026-05-19 10:26:19,560 log 27400 26264 "GET /static/js/libs/owl.carousel/dist/owl.carousel.min.js HTTP/1.1" 404 2062
WARNING 2026-05-19 10:26:19,566 log 27400 10204 "GET /static/js/libs/apexcharts/dist/apexcharts.min.js HTTP/1.1" 404 2050
INFO 2026-05-19 10:26:34,990 log 27400 27356 "GET /user-management/ HTTP/1.1" 200 60327
INFO 2026-05-19 10:26:35,048 log 27400 27892 "GET /static/libs/owl.carousel/dist/assets/owl.carousel.min.css HTTP/1.1" 200 3351
INFO 2026-05-19 10:26:35,048 log 27400 27356 "GET /static/css/theme.css HTTP/1.1" 200 82072
INFO 2026-05-19 10:26:35,050 log 27400 27356 "GET /static/js/theme/app.init.js HTTP/1.1" 200 370
INFO 2026-05-19 10:26:35,051 log 27400 27892 "GET /static/js/vendor.min.js HTTP/1.1" 200 87444
INFO 2026-05-19 10:26:35,053 log 27400 27356 "GET /static/js/theme/app.min.js HTTP/1.1" 200 12818
INFO 2026-05-19 10:26:35,054 log 27400 27892 "GET /static/js/theme.js HTTP/1.1" 200 432
INFO 2026-05-19 10:26:35,057 log 27400 27356 "GET /static/libs/simplebar/dist/simplebar.min.js HTTP/1.1" 200 27518
WARNING 2026-05-19 10:26:35,061 log 27400 27356 "GET /static/js/libs/%40preline/input-number/index.js HTTP/1.1" 404 2041
INFO 2026-05-19 10:26:35,064 log 27400 27892 "GET /static/libs/preline/dist/preline.js HTTP/1.1" 200 363204
WARNING 2026-05-19 10:26:35,071 log 27400 27892 "GET /static/js/libs/%40preline/tooltip/index.js HTTP/1.1" 404 2026
WARNING 2026-05-19 10:26:35,372 log 27400 13300 "GET /static/js/libs/owl.carousel/dist/owl.carousel.min.js HTTP/1.1" 404 2062
WARNING 2026-05-19 10:26:35,372 log 27400 23296 "GET /static/js/libs/%40preline/stepper/index.js HTTP/1.1" 404 2026
WARNING 2026-05-19 10:26:35,378 log 27400 27288 "GET /static/js/libs/apexcharts/dist/apexcharts.min.js HTTP/1.1" 404 2050
INFO 2026-05-19 10:26:35,379 log 27400 10468 "GET /static/js/dashboards/dashboard.js HTTP/1.1" 200 5546
INFO 2026-05-19 10:26:35,433 log 27400 10468 "GET /static/images/logoSample.png HTTP/1.1" 200 38769
WARNING 2026-05-19 10:26:35,713 log 27400 17904 "GET /static/js/libs/%40preline/input-number/index.js HTTP/1.1" 404 2041
WARNING 2026-05-19 10:26:36,060 log 27400 18068 "GET /static/js/libs/%40preline/tooltip/index.js HTTP/1.1" 404 2026
WARNING 2026-05-19 10:26:36,886 log 27400 22104 "GET /static/js/libs/owl.carousel/dist/owl.carousel.min.js HTTP/1.1" 404 2062
WARNING 2026-05-19 10:26:37,199 log 27400 24176 "GET /static/js/libs/%40preline/stepper/index.js HTTP/1.1" 404 2026
WARNING 2026-05-19 10:26:37,383 log 27400 19596 "GET /static/js/libs/apexcharts/dist/apexcharts.min.js HTTP/1.1" 404 2050
INFO 2026-05-19 10:28:11,598 log 27400 10468 "GET /user-management/ HTTP/1.1" 200 60858
INFO 2026-05-19 10:28:11,626 log 27400 10468 "GET /static/css/theme.css HTTP/1.1" 200 82072
INFO 2026-05-19 10:28:11,634 log 27400 10468 "GET /static/libs/owl.carousel/dist/assets/owl.carousel.min.css HTTP/1.1" 200 3351
INFO 2026-05-19 10:28:11,637 log 27400 10468 "GET /static/js/vendor.min.js HTTP/1.1" 200 87444
INFO 2026-05-19 10:28:11,640 log 27400 10468 "GET /static/js/theme/app.init.js HTTP/1.1" 200 370
INFO 2026-05-19 10:28:11,643 log 27400 10468 "GET /static/js/theme/app.min.js HTTP/1.1" 200 12818
INFO 2026-05-19 10:28:11,649 log 27400 10468 "GET /static/js/theme.js HTTP/1.1" 200 432
INFO 2026-05-19 10:28:11,654 log 27400 10468 "GET /static/libs/simplebar/dist/simplebar.min.js HTTP/1.1" 200 27518
INFO 2026-05-19 10:28:11,661 log 27400 10468 "GET /static/libs/preline/dist/preline.js HTTP/1.1" 200 363204
WARNING 2026-05-19 10:28:11,667 log 27400 10468 "GET /static/js/libs/%40preline/input-number/index.js HTTP/1.1" 404 2041
WARNING 2026-05-19 10:28:11,903 log 27400 15956 "GET /static/js/libs/%40preline/tooltip/index.js HTTP/1.1" 404 2026
WARNING 2026-05-19 10:28:11,945 log 27400 20724 "GET /static/js/libs/%40preline/stepper/index.js HTTP/1.1" 404 2026
WARNING 2026-05-19 10:28:11,946 log 27400 23980 "GET /static/js/libs/owl.carousel/dist/owl.carousel.min.js HTTP/1.1" 404 2062
WARNING 2026-05-19 10:28:11,946 log 27400 28408 "GET /static/js/libs/apexcharts/dist/apexcharts.min.js HTTP/1.1" 404 2050
INFO 2026-05-19 10:28:11,947 log 27400 25440 "GET /static/js/dashboards/dashboard.js HTTP/1.1" 200 5546
INFO 2026-05-19 10:28:12,014 log 27400 25440 "GET /static/images/logoSample.png HTTP/1.1" 200 38769
WARNING 2026-05-19 10:28:12,582 log 27400 26368 "GET /static/js/libs/%40preline/input-number/index.js HTTP/1.1" 404 2041
WARNING 2026-05-19 10:28:13,295 log 27400 25784 "GET /static/js/libs/%40preline/tooltip/index.js HTTP/1.1" 404 2026
WARNING 2026-05-19 10:28:13,619 log 27400 22952 "GET /static/js/libs/%40preline/stepper/index.js HTTP/1.1" 404 2026
WARNING 2026-05-19 10:28:13,619 log 27400 5668 "GET /static/js/libs/apexcharts/dist/apexcharts.min.js HTTP/1.1" 404 2050
WARNING 2026-05-19 10:28:13,620 log 27400 11192 "GET /static/js/libs/owl.carousel/dist/owl.carousel.min.js HTTP/1.1" 404 2062
INFO 2026-05-19 10:28:28,435 log 27400 25440 "GET /user-management/ HTTP/1.1" 200 60843
INFO 2026-05-19 10:28:28,470 log 27400 25440 "GET /static/css/theme.css HTTP/1.1" 200 82072
INFO 2026-05-19 10:28:28,473 log 27400 25440 "GET /static/libs/owl.carousel/dist/assets/owl.carousel.min.css HTTP/1.1" 200 3351
INFO 2026-05-19 10:28:28,476 log 27400 25440 "GET /static/js/vendor.min.js HTTP/1.1" 200 87444
INFO 2026-05-19 10:28:28,478 log 27400 25440 "GET /static/js/theme/app.init.js HTTP/1.1" 200 370
INFO 2026-05-19 10:28:28,482 log 27400 25440 "GET /static/js/theme/app.min.js HTTP/1.1" 200 12818
INFO 2026-05-19 10:28:28,486 log 27400 25440 "GET /static/js/theme.js HTTP/1.1" 200 432
INFO 2026-05-19 10:28:28,491 log 27400 25440 "GET /static/libs/simplebar/dist/simplebar.min.js HTTP/1.1" 200 27518
INFO 2026-05-19 10:28:28,496 log 27400 25440 "GET /static/libs/preline/dist/preline.js HTTP/1.1" 200 363204
WARNING 2026-05-19 10:28:28,502 log 27400 25440 "GET /static/js/libs/%40preline/input-number/index.js HTTP/1.1" 404 2041
WARNING 2026-05-19 10:28:28,738 log 27400 21832 "GET /static/js/libs/%40preline/tooltip/index.js HTTP/1.1" 404 2026
WARNING 2026-05-19 10:28:28,799 log 27400 19200 "GET /static/js/libs/%40preline/stepper/index.js HTTP/1.1" 404 2026
WARNING 2026-05-19 10:28:28,799 log 27400 12284 "GET /static/js/libs/apexcharts/dist/apexcharts.min.js HTTP/1.1" 404 2050
WARNING 2026-05-19 10:28:28,800 log 27400 27384 "GET /static/js/libs/owl.carousel/dist/owl.carousel.min.js HTTP/1.1" 404 2062
INFO 2026-05-19 10:28:28,800 log 27400 20004 "GET /static/js/dashboards/dashboard.js HTTP/1.1" 200 5546
INFO 2026-05-19 10:28:28,840 log 27400 20004 "GET /static/images/logoSample.png HTTP/1.1" 200 38769
WARNING 2026-05-19 10:28:30,149 log 27400 28008 "GET /static/js/libs/%40preline/input-number/index.js HTTP/1.1" 404 2041
WARNING 2026-05-19 10:28:31,057 log 27400 15152 "GET /static/js/libs/%40preline/tooltip/index.js HTTP/1.1" 404 2026
WARNING 2026-05-19 10:28:31,376 log 27400 22948 "GET /static/js/libs/owl.carousel/dist/owl.carousel.min.js HTTP/1.1" 404 2062
WARNING 2026-05-19 10:28:31,377 log 27400 17224 "GET /static/js/libs/apexcharts/dist/apexcharts.min.js HTTP/1.1" 404 2050
INFO 2026-05-19 10:28:59,533 log 27400 20004 "GET /user-management/ HTTP/1.1" 200 60396
INFO 2026-05-19 10:28:59,593 log 27400 20004 "GET /static/css/theme.css HTTP/1.1" 200 82072
INFO 2026-05-19 10:28:59,597 log 27400 20004 "GET /static/libs/owl.carousel/dist/assets/owl.carousel.min.css HTTP/1.1" 200 3351
INFO 2026-05-19 10:28:59,600 log 27400 20004 "GET /static/js/vendor.min.js HTTP/1.1" 200 87444
INFO 2026-05-19 10:28:59,602 log 27400 20004 "GET /static/js/theme/app.init.js HTTP/1.1" 200 370
INFO 2026-05-19 10:28:59,605 log 27400 20004 "GET /static/js/theme/app.min.js HTTP/1.1" 200 12818
INFO 2026-05-19 10:28:59,609 log 27400 20004 "GET /static/js/theme.js HTTP/1.1" 200 432
INFO 2026-05-19 10:28:59,613 log 27400 20004 "GET /static/libs/simplebar/dist/simplebar.min.js HTTP/1.1" 200 27518
INFO 2026-05-19 10:28:59,618 log 27400 20004 "GET /static/libs/preline/dist/preline.js HTTP/1.1" 200 363204
WARNING 2026-05-19 10:28:59,623 log 27400 20004 "GET /static/js/libs/%40preline/input-number/index.js HTTP/1.1" 404 2041
WARNING 2026-05-19 10:28:59,804 log 27400 12340 "GET /static/js/libs/%40preline/tooltip/index.js HTTP/1.1" 404 2026
WARNING 2026-05-19 10:28:59,916 log 27400 2292 "GET /static/js/libs/%40preline/stepper/index.js HTTP/1.1" 404 2026
WARNING 2026-05-19 10:28:59,916 log 27400 18132 "GET /static/js/libs/owl.carousel/dist/owl.carousel.min.js HTTP/1.1" 404 2062
WARNING 2026-05-19 10:28:59,917 log 27400 22132 "GET /static/js/libs/apexcharts/dist/apexcharts.min.js HTTP/1.1" 404 2050
INFO 2026-05-19 10:28:59,918 log 27400 29208 "GET /static/js/dashboards/dashboard.js HTTP/1.1" 200 5546
INFO 2026-05-19 10:28:59,962 log 27400 29208 "GET /static/images/logoSample.png HTTP/1.1" 200 38769
WARNING 2026-05-19 10:29:00,623 log 27400 10716 "GET /static/js/libs/%40preline/input-number/index.js HTTP/1.1" 404 2041
WARNING 2026-05-19 10:29:00,652 log 27400 18764 "GET /static/js/libs/%40preline/tooltip/index.js HTTP/1.1" 404 2026
WARNING 2026-05-19 10:29:01,536 log 27400 9952 "GET /static/js/libs/%40preline/stepper/index.js HTTP/1.1" 404 2026
WARNING 2026-05-19 10:29:01,848 log 27400 19940 "GET /static/js/libs/owl.carousel/dist/owl.carousel.min.js HTTP/1.1" 404 2062
WARNING 2026-05-19 10:29:01,848 log 27400 13508 "GET /static/js/libs/apexcharts/dist/apexcharts.min.js HTTP/1.1" 404 2050
INFO 2026-05-19 10:29:43,034 log 27400 29208 "GET /user-management/ HTTP/1.1" 200 60405
INFO 2026-05-19 10:29:43,087 log 27400 29208 "GET /static/css/theme.css HTTP/1.1" 200 82072
INFO 2026-05-19 10:29:43,090 log 27400 29208 "GET /static/libs/owl.carousel/dist/assets/owl.carousel.min.css HTTP/1.1" 200 3351
INFO 2026-05-19 10:29:43,092 log 27400 29208 "GET /static/js/vendor.min.js HTTP/1.1" 200 87444
INFO 2026-05-19 10:29:43,094 log 27400 29208 "GET /static/js/theme/app.init.js HTTP/1.1" 200 370
INFO 2026-05-19 10:29:43,098 log 27400 29208 "GET /static/js/theme/app.min.js HTTP/1.1" 200 12818
INFO 2026-05-19 10:29:43,100 log 27400 29208 "GET /static/js/theme.js HTTP/1.1" 200 432
INFO 2026-05-19 10:29:43,103 log 27400 29208 "GET /static/libs/simplebar/dist/simplebar.min.js HTTP/1.1" 200 27518
INFO 2026-05-19 10:29:43,109 log 27400 29208 "GET /static/libs/preline/dist/preline.js HTTP/1.1" 200 363204
WARNING 2026-05-19 10:29:43,116 log 27400 29208 "GET /static/js/libs/%40preline/input-number/index.js HTTP/1.1" 404 2041
WARNING 2026-05-19 10:29:43,321 log 27400 13008 "GET /static/js/libs/%40preline/tooltip/index.js HTTP/1.1" 404 2026
WARNING 2026-05-19 10:29:43,418 log 27400 10740 "GET /static/js/libs/%40preline/stepper/index.js HTTP/1.1" 404 2026
WARNING 2026-05-19 10:29:43,418 log 27400 3408 "GET /static/js/libs/owl.carousel/dist/owl.carousel.min.js HTTP/1.1" 404 2062
WARNING 2026-05-19 10:29:43,418 log 27400 6216 "GET /static/js/libs/apexcharts/dist/apexcharts.min.js HTTP/1.1" 404 2050
INFO 2026-05-19 10:29:43,423 log 27400 12036 "GET /static/js/dashboards/dashboard.js HTTP/1.1" 200 5546
INFO 2026-05-19 10:29:43,485 log 27400 12036 "GET /static/images/logoSample.png HTTP/1.1" 200 38769
WARNING 2026-05-19 10:29:43,961 log 27400 21952 "GET /static/js/libs/%40preline/input-number/index.js HTTP/1.1" 404 2041
WARNING 2026-05-19 10:29:44,794 log 27400 12856 "GET /static/js/libs/%40preline/tooltip/index.js HTTP/1.1" 404 2026
WARNING 2026-05-19 10:29:45,288 log 27400 30352 "GET /static/js/libs/apexcharts/dist/apexcharts.min.js HTTP/1.1" 404 2050
WARNING 2026-05-19 10:29:45,288 log 27400 28704 "GET /static/js/libs/owl.carousel/dist/owl.carousel.min.js HTTP/1.1" 404 2062
WARNING 2026-05-19 10:29:45,288 log 27400 20108 "GET /static/js/libs/%40preline/stepper/index.js HTTP/1.1" 404 2026
INFO 2026-05-19 10:30:09,940 log 27400 12036 "GET /user-management/ HTTP/1.1" 200 60399
INFO 2026-05-19 10:30:09,981 log 27400 12036 "GET /static/css/theme.css HTTP/1.1" 200 82072
INFO 2026-05-19 10:30:09,984 log 27400 12036 "GET /static/libs/owl.carousel/dist/assets/owl.carousel.min.css HTTP/1.1" 200 3351
INFO 2026-05-19 10:30:10,013 log 27400 12036 "GET /static/js/vendor.min.js HTTP/1.1" 200 87444
INFO 2026-05-19 10:30:10,019 log 27400 12036 "GET /static/js/theme/app.init.js HTTP/1.1" 200 370
INFO 2026-05-19 10:30:10,021 log 27400 12036 "GET /static/js/theme/app.min.js HTTP/1.1" 200 12818
INFO 2026-05-19 10:30:10,025 log 27400 12036 "GET /static/js/theme.js HTTP/1.1" 200 432
INFO 2026-05-19 10:30:10,028 log 27400 12036 "GET /static/libs/simplebar/dist/simplebar.min.js HTTP/1.1" 200 27518
INFO 2026-05-19 10:30:10,032 log 27400 12036 "GET /static/libs/preline/dist/preline.js HTTP/1.1" 200 363204
WARNING 2026-05-19 10:30:10,038 log 27400 12036 "GET /static/js/libs/%40preline/input-number/index.js HTTP/1.1" 404 2041
WARNING 2026-05-19 10:30:10,227 log 27400 25028 "GET /static/js/libs/%40preline/tooltip/index.js HTTP/1.1" 404 2026
WARNING 2026-05-19 10:30:10,355 log 27400 6988 "GET /static/js/libs/%40preline/stepper/index.js HTTP/1.1" 404 2026
WARNING 2026-05-19 10:30:10,355 log 27400 24632 "GET /static/js/libs/apexcharts/dist/apexcharts.min.js HTTP/1.1" 404 2050
WARNING 2026-05-19 10:30:10,357 log 27400 23956 "GET /static/js/libs/owl.carousel/dist/owl.carousel.min.js HTTP/1.1" 404 2062
INFO 2026-05-19 10:30:10,359 log 27400 26468 "GET /static/js/dashboards/dashboard.js HTTP/1.1" 200 5546
INFO 2026-05-19 10:30:10,409 log 27400 26468 "GET /static/images/logoSample.png HTTP/1.1" 200 38769
WARNING 2026-05-19 10:30:10,752 log 27400 19760 "GET /static/js/libs/%40preline/input-number/index.js HTTP/1.1" 404 2041
WARNING 2026-05-19 10:30:12,251 log 27400 6372 "GET /static/js/libs/owl.carousel/dist/owl.carousel.min.js HTTP/1.1" 404 2062
WARNING 2026-05-19 10:30:12,251 log 27400 27456 "GET /static/js/libs/%40preline/tooltip/index.js HTTP/1.1" 404 2026
WARNING 2026-05-19 10:30:12,252 log 27400 26076 "GET /static/js/libs/%40preline/stepper/index.js HTTP/1.1" 404 2026
WARNING 2026-05-19 10:30:12,253 log 27400 1848 "GET /static/js/libs/apexcharts/dist/apexcharts.min.js HTTP/1.1" 404 2050
INFO 2026-05-19 10:30:55,199 log 27400 26468 "GET /user-management/ HTTP/1.1" 200 60424
INFO 2026-05-19 10:30:55,243 log 27400 26468 "GET /static/css/theme.css HTTP/1.1" 200 82072
INFO 2026-05-19 10:30:55,245 log 27400 26468 "GET /static/libs/owl.carousel/dist/assets/owl.carousel.min.css HTTP/1.1" 200 3351
INFO 2026-05-19 10:30:55,247 log 27400 26468 "GET /static/js/vendor.min.js HTTP/1.1" 200 87444
INFO 2026-05-19 10:30:55,249 log 27400 26468 "GET /static/js/theme/app.init.js HTTP/1.1" 200 370
INFO 2026-05-19 10:30:55,252 log 27400 26468 "GET /static/js/theme/app.min.js HTTP/1.1" 200 12818
INFO 2026-05-19 10:30:55,255 log 27400 26468 "GET /static/js/theme.js HTTP/1.1" 200 432
INFO 2026-05-19 10:30:55,257 log 27400 26468 "GET /static/libs/simplebar/dist/simplebar.min.js HTTP/1.1" 200 27518
INFO 2026-05-19 10:30:55,262 log 27400 26468 "GET /static/libs/preline/dist/preline.js HTTP/1.1" 200 363204
WARNING 2026-05-19 10:30:55,273 log 27400 26468 "GET /static/js/libs/%40preline/input-number/index.js HTTP/1.1" 404 2041
WARNING 2026-05-19 10:30:55,494 log 27400 11280 "GET /static/js/libs/%40preline/tooltip/index.js HTTP/1.1" 404 2026
WARNING 2026-05-19 10:30:55,570 log 27400 18280 "GET /static/js/libs/owl.carousel/dist/owl.carousel.min.js HTTP/1.1" 404 2062
INFO 2026-05-19 10:30:55,571 log 27400 29224 "GET /static/js/dashboards/dashboard.js HTTP/1.1" 200 5546
WARNING 2026-05-19 10:30:55,571 log 27400 27608 "GET /static/js/libs/apexcharts/dist/apexcharts.min.js HTTP/1.1" 404 2050
WARNING 2026-05-19 10:30:55,571 log 27400 26128 "GET /static/js/libs/%40preline/stepper/index.js HTTP/1.1" 404 2026
INFO 2026-05-19 10:30:55,649 log 27400 29224 "GET /static/images/logoSample.png HTTP/1.1" 200 38769
WARNING 2026-05-19 10:30:56,195 log 27400 13092 "GET /static/js/libs/%40preline/input-number/index.js HTTP/1.1" 404 2041
WARNING 2026-05-19 10:30:57,349 log 27400 4932 "GET /static/js/libs/%40preline/tooltip/index.js HTTP/1.1" 404 2026
WARNING 2026-05-19 10:30:57,350 log 27400 27112 "GET /static/js/libs/%40preline/stepper/index.js HTTP/1.1" 404 2026
WARNING 2026-05-19 10:30:57,350 log 27400 1824 "GET /static/js/libs/owl.carousel/dist/owl.carousel.min.js HTTP/1.1" 404 2062
WARNING 2026-05-19 10:30:57,357 log 27400 10120 "GET /static/js/libs/apexcharts/dist/apexcharts.min.js HTTP/1.1" 404 2050
INFO 2026-05-19 10:31:52,561 log 27400 29224 "GET /user-management/ HTTP/1.1" 200 57975
INFO 2026-05-19 10:31:52,605 log 27400 29224 "GET /static/css/theme.css HTTP/1.1" 200 82072
INFO 2026-05-19 10:31:52,607 log 27400 29224 "GET /static/libs/owl.carousel/dist/assets/owl.carousel.min.css HTTP/1.1" 200 3351
INFO 2026-05-19 10:31:52,610 log 27400 29224 "GET /static/js/vendor.min.js HTTP/1.1" 200 87444
INFO 2026-05-19 10:31:52,612 log 27400 29224 "GET /static/js/theme/app.init.js HTTP/1.1" 200 370
INFO 2026-05-19 10:31:52,617 log 27400 29224 "GET /static/js/theme/app.min.js HTTP/1.1" 200 12818
INFO 2026-05-19 10:31:52,620 log 27400 29224 "GET /static/js/theme.js HTTP/1.1" 200 432
INFO 2026-05-19 10:31:52,625 log 27400 29224 "GET /static/libs/simplebar/dist/simplebar.min.js HTTP/1.1" 200 27518
INFO 2026-05-19 10:31:52,629 log 27400 29224 "GET /static/libs/preline/dist/preline.js HTTP/1.1" 200 363204
WARNING 2026-05-19 10:31:52,635 log 27400 29224 "GET /static/js/libs/%40preline/input-number/index.js HTTP/1.1" 404 2041
WARNING 2026-05-19 10:31:52,843 log 27400 12056 "GET /static/js/libs/%40preline/tooltip/index.js HTTP/1.1" 404 2026
WARNING 2026-05-19 10:31:52,916 log 27400 27120 "GET /static/js/libs/%40preline/stepper/index.js HTTP/1.1" 404 2026
WARNING 2026-05-19 10:31:52,921 log 27400 18808 "GET /static/js/libs/apexcharts/dist/apexcharts.min.js HTTP/1.1" 404 2050
WARNING 2026-05-19 10:31:52,921 log 27400 12736 "GET /static/js/libs/owl.carousel/dist/owl.carousel.min.js HTTP/1.1" 404 2062
INFO 2026-05-19 10:31:52,922 log 27400 15140 "GET /static/js/dashboards/dashboard.js HTTP/1.1" 200 5546
INFO 2026-05-19 10:31:53,031 log 27400 15140 "GET /static/images/logoSample.png HTTP/1.1" 200 38769
WARNING 2026-05-19 10:31:53,149 log 27400 28620 "GET /static/js/libs/%40preline/input-number/index.js HTTP/1.1" 404 2041
WARNING 2026-05-19 10:31:54,615 log 27400 23972 "GET /static/js/libs/%40preline/tooltip/index.js HTTP/1.1" 404 2026
WARNING 2026-05-19 10:31:54,616 log 27400 25052 "GET /static/js/libs/apexcharts/dist/apexcharts.min.js HTTP/1.1" 404 2050
WARNING 2026-05-19 10:31:54,616 log 27400 14416 "GET /static/js/libs/%40preline/stepper/index.js HTTP/1.1" 404 2026
WARNING 2026-05-19 10:31:54,616 log 27400 26264 "GET /static/js/libs/owl.carousel/dist/owl.carousel.min.js HTTP/1.1" 404 2062
INFO 2026-05-19 10:32:07,432 log 27400 15140 "GET /user-management/ HTTP/1.1" 200 57934
INFO 2026-05-19 10:32:07,470 log 27400 15140 "GET /static/css/theme.css HTTP/1.1" 200 82072
INFO 2026-05-19 10:32:07,473 log 27400 15140 "GET /static/libs/owl.carousel/dist/assets/owl.carousel.min.css HTTP/1.1" 200 3351
INFO 2026-05-19 10:32:07,514 log 27400 15140 "GET /static/js/vendor.min.js HTTP/1.1" 200 87444
INFO 2026-05-19 10:32:07,517 log 27400 15140 "GET /static/js/theme/app.init.js HTTP/1.1" 200 370
INFO 2026-05-19 10:32:07,522 log 27400 15140 "GET /static/js/theme/app.min.js HTTP/1.1" 200 12818
INFO 2026-05-19 10:32:07,525 log 27400 15140 "GET /static/js/theme.js HTTP/1.1" 200 432
INFO 2026-05-19 10:32:07,527 log 27400 15140 "GET /static/libs/simplebar/dist/simplebar.min.js HTTP/1.1" 200 27518
INFO 2026-05-19 10:32:07,531 log 27400 15140 "GET /static/libs/preline/dist/preline.js HTTP/1.1" 200 363204
WARNING 2026-05-19 10:32:07,538 log 27400 15140 "GET /static/js/libs/%40preline/input-number/index.js HTTP/1.1" 404 2041
WARNING 2026-05-19 10:32:07,729 log 27400 27668 "GET /static/js/libs/%40preline/tooltip/index.js HTTP/1.1" 404 2026
WARNING 2026-05-19 10:32:07,841 log 27400 12184 "GET /static/js/libs/%40preline/stepper/index.js HTTP/1.1" 404 2026
WARNING 2026-05-19 10:32:07,841 log 27400 2356 "GET /static/js/libs/owl.carousel/dist/owl.carousel.min.js HTTP/1.1" 404 2062
WARNING 2026-05-19 10:32:07,842 log 27400 23028 "GET /static/js/libs/apexcharts/dist/apexcharts.min.js HTTP/1.1" 404 2050
INFO 2026-05-19 10:32:07,843 log 27400 12680 "GET /static/js/dashboards/dashboard.js HTTP/1.1" 200 5546
INFO 2026-05-19 10:32:07,901 log 27400 12680 "GET /static/images/logoSample.png HTTP/1.1" 200 38769
WARNING 2026-05-19 10:32:08,199 log 27400 10204 "GET /static/js/libs/%40preline/input-number/index.js HTTP/1.1" 404 2041
WARNING 2026-05-19 10:32:09,625 log 27400 6888 "GET /static/js/libs/%40preline/tooltip/index.js HTTP/1.1" 404 2026
WARNING 2026-05-19 10:32:09,810 log 27400 27256 "GET /static/js/libs/%40preline/stepper/index.js HTTP/1.1" 404 2026
WARNING 2026-05-19 10:32:09,810 log 27400 14376 "GET /static/js/libs/apexcharts/dist/apexcharts.min.js HTTP/1.1" 404 2050
WARNING 2026-05-19 10:32:09,810 log 27400 26604 "GET /static/js/libs/owl.carousel/dist/owl.carousel.min.js HTTP/1.1" 404 2062
INFO 2026-05-19 10:32:19,862 log 27400 12680 "GET /user-management/ HTTP/1.1" 200 57938
INFO 2026-05-19 10:32:19,902 log 27400 12680 "GET /static/css/theme.css HTTP/1.1" 200 82072
INFO 2026-05-19 10:32:19,904 log 27400 12680 "GET /static/libs/owl.carousel/dist/assets/owl.carousel.min.css HTTP/1.1" 200 3351
INFO 2026-05-19 10:32:19,908 log 27400 12680 "GET /static/js/vendor.min.js HTTP/1.1" 200 87444
INFO 2026-05-19 10:32:19,910 log 27400 12680 "GET /static/js/theme/app.init.js HTTP/1.1" 200 370
INFO 2026-05-19 10:32:19,913 log 27400 12680 "GET /static/js/theme/app.min.js HTTP/1.1" 200 12818
INFO 2026-05-19 10:32:19,917 log 27400 12680 "GET /static/js/theme.js HTTP/1.1" 200 432
INFO 2026-05-19 10:32:19,919 log 27400 12680 "GET /static/libs/simplebar/dist/simplebar.min.js HTTP/1.1" 200 27518
INFO 2026-05-19 10:32:19,925 log 27400 12680 "GET /static/libs/preline/dist/preline.js HTTP/1.1" 200 363204
WARNING 2026-05-19 10:32:19,933 log 27400 12680 "GET /static/js/libs/%40preline/input-number/index.js HTTP/1.1" 404 2041
WARNING 2026-05-19 10:32:20,172 log 27400 13704 "GET /static/js/libs/%40preline/tooltip/index.js HTTP/1.1" 404 2026
WARNING 2026-05-19 10:32:20,243 log 27400 26508 "GET /static/js/libs/%40preline/stepper/index.js HTTP/1.1" 404 2026
WARNING 2026-05-19 10:32:20,246 log 27400 20832 "GET /static/js/libs/owl.carousel/dist/owl.carousel.min.js HTTP/1.1" 404 2062
WARNING 2026-05-19 10:32:20,248 log 27400 25832 "GET /static/js/libs/apexcharts/dist/apexcharts.min.js HTTP/1.1" 404 2050
INFO 2026-05-19 10:32:20,249 log 27400 28068 "GET /static/js/dashboards/dashboard.js HTTP/1.1" 200 5546
INFO 2026-05-19 10:32:20,308 log 27400 28068 "GET /static/images/logoSample.png HTTP/1.1" 200 38769
WARNING 2026-05-19 10:32:20,550 log 27400 1732 "GET /static/js/libs/%40preline/input-number/index.js HTTP/1.1" 404 2041
WARNING 2026-05-19 10:32:22,004 log 27400 21620 "GET /static/js/libs/%40preline/tooltip/index.js HTTP/1.1" 404 2026
WARNING 2026-05-19 10:32:22,244 log 27400 16184 "GET /static/js/libs/apexcharts/dist/apexcharts.min.js HTTP/1.1" 404 2050
WARNING 2026-05-19 10:32:22,244 log 27400 18792 "GET /static/js/libs/%40preline/stepper/index.js HTTP/1.1" 404 2026
WARNING 2026-05-19 10:32:22,245 log 27400 20552 "GET /static/js/libs/owl.carousel/dist/owl.carousel.min.js HTTP/1.1" 404 2062
INFO 2026-05-19 10:32:53,480 log 27400 28068 "GET /user-management/ HTTP/1.1" 200 57785
INFO 2026-05-19 10:32:53,525 log 27400 28068 "GET /static/css/theme.css HTTP/1.1" 200 82072
INFO 2026-05-19 10:32:53,527 log 27400 28068 "GET /static/libs/owl.carousel/dist/assets/owl.carousel.min.css HTTP/1.1" 200 3351
INFO 2026-05-19 10:32:53,530 log 27400 28068 "GET /static/js/vendor.min.js HTTP/1.1" 200 87444
INFO 2026-05-19 10:32:53,532 log 27400 28068 "GET /static/js/theme/app.init.js HTTP/1.1" 200 370
INFO 2026-05-19 10:32:53,535 log 27400 28068 "GET /static/js/theme/app.min.js HTTP/1.1" 200 12818
INFO 2026-05-19 10:32:53,537 log 27400 28068 "GET /static/js/theme.js HTTP/1.1" 200 432
INFO 2026-05-19 10:32:53,541 log 27400 28068 "GET /static/libs/simplebar/dist/simplebar.min.js HTTP/1.1" 200 27518
INFO 2026-05-19 10:32:53,548 log 27400 28068 "GET /static/libs/preline/dist/preline.js HTTP/1.1" 200 363204
WARNING 2026-05-19 10:32:53,556 log 27400 28068 "GET /static/js/libs/%40preline/input-number/index.js HTTP/1.1" 404 2041
WARNING 2026-05-19 10:32:53,769 log 27400 24872 "GET /static/js/libs/%40preline/tooltip/index.js HTTP/1.1" 404 2026
WARNING 2026-05-19 10:32:53,849 log 27400 28124 "GET /static/js/libs/owl.carousel/dist/owl.carousel.min.js HTTP/1.1" 404 2062
WARNING 2026-05-19 10:32:53,850 log 27400 25412 "GET /static/js/libs/%40preline/stepper/index.js HTTP/1.1" 404 2026
WARNING 2026-05-19 10:32:53,851 log 27400 4268 "GET /static/js/libs/apexcharts/dist/apexcharts.min.js HTTP/1.1" 404 2050
INFO 2026-05-19 10:32:53,855 log 27400 18780 "GET /static/js/dashboards/dashboard.js HTTP/1.1" 200 5546
INFO 2026-05-19 10:32:53,917 log 27400 18780 "GET /static/images/logoSample.png HTTP/1.1" 200 38769
WARNING 2026-05-19 10:32:54,084 log 27400 25580 "GET /static/js/libs/%40preline/input-number/index.js HTTP/1.1" 404 2041
WARNING 2026-05-19 10:32:55,499 log 27400 16948 "GET /static/js/libs/%40preline/tooltip/index.js HTTP/1.1" 404 2026
WARNING 2026-05-19 10:32:55,500 log 27400 28472 "GET /static/js/libs/owl.carousel/dist/owl.carousel.min.js HTTP/1.1" 404 2062
WARNING 2026-05-19 10:32:55,499 log 27400 28364 "GET /static/js/libs/%40preline/stepper/index.js HTTP/1.1" 404 2026
WARNING 2026-05-19 10:32:55,500 log 27400 10464 "GET /static/js/libs/apexcharts/dist/apexcharts.min.js HTTP/1.1" 404 2050
INFO 2026-05-19 10:34:15,132 log 27400 18780 "GET /user-management/ HTTP/1.1" 200 57808
INFO 2026-05-19 10:34:15,172 log 27400 18780 "GET /static/css/theme.css HTTP/1.1" 200 82072
INFO 2026-05-19 10:34:15,175 log 27400 18780 "GET /static/libs/owl.carousel/dist/assets/owl.carousel.min.css HTTP/1.1" 200 3351
INFO 2026-05-19 10:34:15,177 log 27400 18780 "GET /static/js/vendor.min.js HTTP/1.1" 200 87444
INFO 2026-05-19 10:34:15,178 log 27400 18780 "GET /static/js/theme/app.init.js HTTP/1.1" 200 370
INFO 2026-05-19 10:34:15,181 log 27400 18780 "GET /static/js/theme/app.min.js HTTP/1.1" 200 12818
INFO 2026-05-19 10:34:15,183 log 27400 18780 "GET /static/js/theme.js HTTP/1.1" 200 432
INFO 2026-05-19 10:34:15,186 log 27400 18780 "GET /static/libs/simplebar/dist/simplebar.min.js HTTP/1.1" 200 27518
INFO 2026-05-19 10:34:15,191 log 27400 18780 "GET /static/libs/preline/dist/preline.js HTTP/1.1" 200 363204
WARNING 2026-05-19 10:34:15,197 log 27400 18780 "GET /static/js/libs/%40preline/input-number/index.js HTTP/1.1" 404 2041
WARNING 2026-05-19 10:34:15,405 log 27400 20896 "GET /static/js/libs/%40preline/tooltip/index.js HTTP/1.1" 404 2026
WARNING 2026-05-19 10:34:15,491 log 27400 1772 "GET /static/js/libs/owl.carousel/dist/owl.carousel.min.js HTTP/1.1" 404 2062
WARNING 2026-05-19 10:34:15,491 log 27400 26852 "GET /static/js/libs/apexcharts/dist/apexcharts.min.js HTTP/1.1" 404 2050
WARNING 2026-05-19 10:34:15,492 log 27400 10496 "GET /static/js/libs/%40preline/stepper/index.js HTTP/1.1" 404 2026
INFO 2026-05-19 10:34:15,493 log 27400 19648 "GET /static/js/dashboards/dashboard.js HTTP/1.1" 200 5546
INFO 2026-05-19 10:34:15,579 log 27400 19648 "GET /static/images/logoSample.png HTTP/1.1" 200 38769
WARNING 2026-05-19 10:34:16,234 log 27400 27136 "GET /static/js/libs/%40preline/input-number/index.js HTTP/1.1" 404 2041
WARNING 2026-05-19 10:34:16,249 log 27400 9608 "GET /static/js/libs/%40preline/tooltip/index.js HTTP/1.1" 404 2026
WARNING 2026-05-19 10:34:16,249 log 27400 24844 "GET /static/js/libs/owl.carousel/dist/owl.carousel.min.js HTTP/1.1" 404 2062
WARNING 2026-05-19 10:34:16,994 log 27400 23752 "GET /static/js/libs/apexcharts/dist/apexcharts.min.js HTTP/1.1" 404 2050
WARNING 2026-05-19 10:34:17,437 log 27400 28860 "GET /static/js/libs/%40preline/stepper/index.js HTTP/1.1" 404 2026
INFO 2026-05-19 10:35:04,192 log 27400 19648 "GET /user-management/ HTTP/1.1" 200 57862
INFO 2026-05-19 10:35:04,239 log 27400 19648 "GET /static/css/theme.css HTTP/1.1" 200 82072
INFO 2026-05-19 10:35:04,241 log 27400 19648 "GET /static/libs/owl.carousel/dist/assets/owl.carousel.min.css HTTP/1.1" 200 3351
WARNING 2026-05-19 10:35:04,247 log 27400 19648 "GET /static/images/logo/png HTTP/1.1" 404 1972
INFO 2026-05-19 10:35:04,476 log 27400 1888 "GET /static/js/vendor.min.js HTTP/1.1" 200 87444
INFO 2026-05-19 10:35:04,478 log 27400 1888 "GET /static/js/theme/app.init.js HTTP/1.1" 200 370
INFO 2026-05-19 10:35:04,482 log 27400 1888 "GET /static/js/theme/app.min.js HTTP/1.1" 200 12818
INFO 2026-05-19 10:35:04,484 log 27400 1888 "GET /static/js/theme.js HTTP/1.1" 200 432
INFO 2026-05-19 10:35:04,488 log 27400 1888 "GET /static/libs/simplebar/dist/simplebar.min.js HTTP/1.1" 200 27518
INFO 2026-05-19 10:35:04,495 log 27400 1888 "GET /static/libs/preline/dist/preline.js HTTP/1.1" 200 363204
WARNING 2026-05-19 10:35:04,502 log 27400 1888 "GET /static/js/libs/%40preline/input-number/index.js HTTP/1.1" 404 2041
WARNING 2026-05-19 10:35:04,560 log 27400 2192 "GET /static/js/libs/%40preline/tooltip/index.js HTTP/1.1" 404 2026
WARNING 2026-05-19 10:35:04,604 log 27400 30368 "GET /static/js/libs/owl.carousel/dist/owl.carousel.min.js HTTP/1.1" 404 2062
WARNING 2026-05-19 10:35:04,613 log 27400 30304 "GET /static/js/libs/%40preline/stepper/index.js HTTP/1.1" 404 2026
WARNING 2026-05-19 10:35:04,614 log 27400 26544 "GET /static/js/libs/apexcharts/dist/apexcharts.min.js HTTP/1.1" 404 2050
INFO 2026-05-19 10:35:04,615 log 27400 29724 "GET /static/js/dashboards/dashboard.js HTTP/1.1" 200 5546
INFO 2026-05-19 10:35:04,682 log 27400 29724 "GET /static/images/logoSample.png HTTP/1.1" 200 38769
WARNING 2026-05-19 10:35:05,582 log 27400 27144 "GET /static/js/libs/%40preline/input-number/index.js HTTP/1.1" 404 2041
WARNING 2026-05-19 10:35:06,809 log 27400 13816 "GET /static/js/libs/%40preline/stepper/index.js HTTP/1.1" 404 2026
WARNING 2026-05-19 10:35:06,809 log 27400 22284 "GET /static/js/libs/apexcharts/dist/apexcharts.min.js HTTP/1.1" 404 2050
WARNING 2026-05-19 10:35:06,810 log 27400 30220 "GET /static/js/libs/%40preline/tooltip/index.js HTTP/1.1" 404 2026
WARNING 2026-05-19 10:35:06,811 log 27400 29256 "GET /static/js/libs/owl.carousel/dist/owl.carousel.min.js HTTP/1.1" 404 2062
INFO 2026-05-19 10:37:03,479 log 27400 29724 "GET /user-management/ HTTP/1.1" 200 57846
INFO 2026-05-19 10:37:03,526 log 27400 29724 "GET /static/css/theme.css HTTP/1.1" 200 82072
INFO 2026-05-19 10:37:03,529 log 27400 29724 "GET /static/libs/owl.carousel/dist/assets/owl.carousel.min.css HTTP/1.1" 200 3351
INFO 2026-05-19 10:37:03,539 log 27400 29724 "GET /static/images/profile/profile.jpg HTTP/1.1" 200 30954
INFO 2026-05-19 10:37:03,541 log 27400 29724 "GET /static/js/vendor.min.js HTTP/1.1" 200 87444
INFO 2026-05-19 10:37:03,554 log 27400 29724 "GET /static/js/theme/app.init.js HTTP/1.1" 200 370
INFO 2026-05-19 10:37:03,557 log 27400 29724 "GET /static/js/theme/app.min.js HTTP/1.1" 200 12818
INFO 2026-05-19 10:37:03,561 log 27400 29724 "GET /static/js/theme.js HTTP/1.1" 200 432
INFO 2026-05-19 10:37:03,564 log 27400 29724 "GET /static/libs/simplebar/dist/simplebar.min.js HTTP/1.1" 200 27518
INFO 2026-05-19 10:37:03,573 log 27400 29724 "GET /static/libs/preline/dist/preline.js HTTP/1.1" 200 363204
WARNING 2026-05-19 10:37:03,581 log 27400 29724 "GET /static/js/libs/%40preline/input-number/index.js HTTP/1.1" 404 2041
WARNING 2026-05-19 10:37:03,750 log 27400 21600 "GET /static/js/libs/%40preline/tooltip/index.js HTTP/1.1" 404 2026
WARNING 2026-05-19 10:37:03,842 log 27400 25800 "GET /static/js/libs/%40preline/stepper/index.js HTTP/1.1" 404 2026
WARNING 2026-05-19 10:37:03,842 log 27400 29436 "GET /static/js/libs/owl.carousel/dist/owl.carousel.min.js HTTP/1.1" 404 2062
WARNING 2026-05-19 10:37:03,865 log 27400 12588 "GET /static/js/libs/apexcharts/dist/apexcharts.min.js HTTP/1.1" 404 2050
INFO 2026-05-19 10:37:03,866 log 27400 10664 "GET /static/js/dashboards/dashboard.js HTTP/1.1" 200 5546
INFO 2026-05-19 10:37:03,909 log 27400 10664 "GET /static/images/logoSample.png HTTP/1.1" 200 38769
WARNING 2026-05-19 10:37:04,550 log 27400 14196 "GET /static/js/libs/%40preline/input-number/index.js HTTP/1.1" 404 2041
WARNING 2026-05-19 10:37:05,396 log 27400 12600 "GET /static/js/libs/%40preline/tooltip/index.js HTTP/1.1" 404 2026
WARNING 2026-05-19 10:37:05,891 log 27400 15564 "GET /static/js/libs/owl.carousel/dist/owl.carousel.min.js HTTP/1.1" 404 2062
WARNING 2026-05-19 10:37:05,899 log 27400 29140 "GET /static/js/libs/apexcharts/dist/apexcharts.min.js HTTP/1.1" 404 2050
INFO 2026-05-19 10:40:34,803 log 27400 10664 "GET /user-management/ HTTP/1.1" 200 60655
INFO 2026-05-19 10:40:34,844 log 27400 10664 "GET /static/css/theme.css HTTP/1.1" 200 82072
INFO 2026-05-19 10:40:34,848 log 27400 10664 "GET /static/libs/owl.carousel/dist/assets/owl.carousel.min.css HTTP/1.1" 200 3351
INFO 2026-05-19 10:40:35,029 log 27400 10664 "GET /static/js/vendor.min.js HTTP/1.1" 200 87444
INFO 2026-05-19 10:40:35,032 log 27400 10664 "GET /static/js/theme/app.init.js HTTP/1.1" 200 370
INFO 2026-05-19 10:40:35,035 log 27400 10664 "GET /static/js/theme/app.min.js HTTP/1.1" 200 12818
INFO 2026-05-19 10:40:35,039 log 27400 10664 "GET /static/js/theme.js HTTP/1.1" 200 432
INFO 2026-05-19 10:40:35,046 log 27400 10664 "GET /static/libs/simplebar/dist/simplebar.min.js HTTP/1.1" 200 27518
INFO 2026-05-19 10:40:35,051 log 27400 10664 "GET /static/libs/preline/dist/preline.js HTTP/1.1" 200 363204
WARNING 2026-05-19 10:40:35,060 log 27400 10664 "GET /static/js/libs/%40preline/input-number/index.js HTTP/1.1" 404 2041
WARNING 2026-05-19 10:40:35,094 log 27400 14848 "GET /static/js/libs/%40preline/tooltip/index.js HTTP/1.1" 404 2026
WARNING 2026-05-19 10:40:35,362 log 27400 10104 "GET /static/js/libs/%40preline/stepper/index.js HTTP/1.1" 404 2026
WARNING 2026-05-19 10:40:35,364 log 27400 24900 "GET /static/js/libs/apexcharts/dist/apexcharts.min.js HTTP/1.1" 404 2050
WARNING 2026-05-19 10:40:35,365 log 27400 24648 "GET /static/js/libs/owl.carousel/dist/owl.carousel.min.js HTTP/1.1" 404 2062
INFO 2026-05-19 10:40:35,367 log 27400 29132 "GET /static/js/dashboards/dashboard.js HTTP/1.1" 200 5546
INFO 2026-05-19 10:40:35,416 log 27400 29132 "GET /static/images/logoSample.png HTTP/1.1" 200 38769
WARNING 2026-05-19 10:40:35,963 log 27400 17580 "GET /static/js/libs/%40preline/input-number/index.js HTTP/1.1" 404 2041
WARNING 2026-05-19 10:40:36,790 log 27400 29744 "GET /static/js/libs/%40preline/tooltip/index.js HTTP/1.1" 404 2026
WARNING 2026-05-19 10:40:37,294 log 27400 8864 "GET /static/js/libs/%40preline/stepper/index.js HTTP/1.1" 404 2026
WARNING 2026-05-19 10:40:37,295 log 27400 15352 "GET /static/js/libs/owl.carousel/dist/owl.carousel.min.js HTTP/1.1" 404 2062
WARNING 2026-05-19 10:40:37,296 log 27400 28356 "GET /static/js/libs/apexcharts/dist/apexcharts.min.js HTTP/1.1" 404 2050
INFO 2026-05-19 10:41:52,145 log 27400 29132 "GET /user-management/ HTTP/1.1" 200 60613
INFO 2026-05-19 10:41:52,184 log 27400 29132 "GET /static/css/theme.css HTTP/1.1" 200 82072
INFO 2026-05-19 10:41:52,187 log 27400 29132 "GET /static/libs/owl.carousel/dist/assets/owl.carousel.min.css HTTP/1.1" 200 3351
INFO 2026-05-19 10:41:52,189 log 27400 29132 "GET /static/images/profile/profile.jpg HTTP/1.1" 200 30954
INFO 2026-05-19 10:41:52,192 log 27400 29132 "GET /static/js/vendor.min.js HTTP/1.1" 200 87444
INFO 2026-05-19 10:41:52,205 log 27400 29132 "GET /static/js/theme/app.init.js HTTP/1.1" 200 370
INFO 2026-05-19 10:41:52,208 log 27400 29132 "GET /static/js/theme/app.min.js HTTP/1.1" 200 12818
INFO 2026-05-19 10:41:52,212 log 27400 29132 "GET /static/js/theme.js HTTP/1.1" 200 432
INFO 2026-05-19 10:41:52,215 log 27400 29132 "GET /static/libs/simplebar/dist/simplebar.min.js HTTP/1.1" 200 27518
INFO 2026-05-19 10:41:52,220 log 27400 29132 "GET /static/libs/preline/dist/preline.js HTTP/1.1" 200 363204
WARNING 2026-05-19 10:41:52,226 log 27400 29132 "GET /static/js/libs/%40preline/input-number/index.js HTTP/1.1" 404 2041
WARNING 2026-05-19 10:41:52,428 log 27400 21208 "GET /static/js/libs/%40preline/tooltip/index.js HTTP/1.1" 404 2026
WARNING 2026-05-19 10:41:52,499 log 27400 24528 "GET /static/js/libs/%40preline/stepper/index.js HTTP/1.1" 404 2026
WARNING 2026-05-19 10:41:52,499 log 27400 5632 "GET /static/js/libs/owl.carousel/dist/owl.carousel.min.js HTTP/1.1" 404 2062
WARNING 2026-05-19 10:41:52,518 log 27400 3048 "GET /static/js/libs/apexcharts/dist/apexcharts.min.js HTTP/1.1" 404 2050
INFO 2026-05-19 10:41:52,518 log 27400 6032 "GET /static/js/dashboards/dashboard.js HTTP/1.1" 200 5546
INFO 2026-05-19 10:41:52,603 log 27400 6032 "GET /static/images/logoSample.png HTTP/1.1" 200 38769
WARNING 2026-05-19 10:41:53,449 log 27400 17528 "GET /static/js/libs/%40preline/input-number/index.js HTTP/1.1" 404 2041
WARNING 2026-05-19 10:41:54,006 log 27400 14236 "GET /static/js/libs/%40preline/tooltip/index.js HTTP/1.1" 404 2026
WARNING 2026-05-19 10:41:54,328 log 27400 1568 "GET /static/js/libs/apexcharts/dist/apexcharts.min.js HTTP/1.1" 404 2050
WARNING 2026-05-19 10:41:54,328 log 27400 24628 "GET /static/js/libs/%40preline/stepper/index.js HTTP/1.1" 404 2026
WARNING 2026-05-19 10:41:54,328 log 27400 29048 "GET /static/js/libs/owl.carousel/dist/owl.carousel.min.js HTTP/1.1" 404 2062
INFO 2026-05-19 10:42:01,502 log 27400 6032 "GET /dashboard/ HTTP/1.1" 200 31101
WARNING 2026-05-19 10:42:01,543 log 27400 6032 "GET /static/js/libs/%40preline/input-number/index.js HTTP/1.1" 404 2041
WARNING 2026-05-19 10:42:01,818 log 27400 23184 "GET /static/js/libs/%40preline/tooltip/index.js HTTP/1.1" 404 2026
WARNING 2026-05-19 10:42:01,864 log 27400 15564 "GET /static/js/libs/%40preline/input-number/index.js HTTP/1.1" 404 2041
WARNING 2026-05-19 10:42:01,895 log 27400 29140 "GET /static/js/libs/%40preline/stepper/index.js HTTP/1.1" 404 2026
WARNING 2026-05-19 10:42:01,896 log 27400 25540 "GET /static/js/libs/apexcharts/dist/apexcharts.min.js HTTP/1.1" 404 2050
WARNING 2026-05-19 10:42:01,897 log 27400 23404 "GET /static/js/libs/owl.carousel/dist/owl.carousel.min.js HTTP/1.1" 404 2062
WARNING 2026-05-19 10:42:02,818 log 27400 30380 "GET /static/js/libs/%40preline/tooltip/index.js HTTP/1.1" 404 2026
WARNING 2026-05-19 10:42:03,165 log 27400 25420 "GET /static/js/libs/%40preline/stepper/index.js HTTP/1.1" 404 2026
WARNING 2026-05-19 10:42:03,166 log 27400 14920 "GET /static/js/libs/apexcharts/dist/apexcharts.min.js HTTP/1.1" 404 2050
WARNING 2026-05-19 10:42:03,167 log 27400 23908 "GET /static/js/libs/owl.carousel/dist/owl.carousel.min.js HTTP/1.1" 404 2062
INFO 2026-05-19 10:42:20,705 log 27400 6472 "GET /dashboard/ HTTP/1.1" 200 31091
INFO 2026-05-19 10:42:20,764 log 27400 8912 "GET /static/libs/owl.carousel/dist/assets/owl.carousel.min.css HTTP/1.1" 200 3351
INFO 2026-05-19 10:42:20,766 log 27400 6472 "GET /static/css/theme.css HTTP/1.1" 200 82072
INFO 2026-05-19 10:42:20,772 log 27400 8912 "GET /static/images/profile/profile.jpg HTTP/1.1" 200 30954
INFO 2026-05-19 10:42:20,774 log 27400 6472 "GET /static/js/vendor.min.js HTTP/1.1" 200 87444
INFO 2026-05-19 10:42:20,800 log 27400 6472 "GET /static/js/theme/app.init.js HTTP/1.1" 200 370
INFO 2026-05-19 10:42:20,801 log 27400 8912 "GET /static/js/theme/app.min.js HTTP/1.1" 200 12818
INFO 2026-05-19 10:42:20,804 log 27400 6472 "GET /static/js/theme.js HTTP/1.1" 200 432
INFO 2026-05-19 10:42:20,805 log 27400 8912 "GET /static/libs/simplebar/dist/simplebar.min.js HTTP/1.1" 200 27518
WARNING 2026-05-19 10:42:20,814 log 27400 8912 "GET /static/js/libs/%40preline/input-number/index.js HTTP/1.1" 404 2041
INFO 2026-05-19 10:42:20,816 log 27400 6472 "GET /static/libs/preline/dist/preline.js HTTP/1.1" 200 363204
WARNING 2026-05-19 10:42:20,825 log 27400 6472 "GET /static/js/libs/%40preline/tooltip/index.js HTTP/1.1" 404 2026
WARNING 2026-05-19 10:42:20,941 log 27400 16544 "GET /static/js/libs/%40preline/stepper/index.js HTTP/1.1" 404 2026
WARNING 2026-05-19 10:42:21,073 log 27400 9936 "GET /static/js/libs/owl.carousel/dist/owl.carousel.min.js HTTP/1.1" 404 2062
INFO 2026-05-19 10:42:21,116 log 27400 11464 "GET /static/js/dashboards/dashboard.js HTTP/1.1" 200 5546
WARNING 2026-05-19 10:42:21,116 log 27400 13764 "GET /static/js/libs/apexcharts/dist/apexcharts.min.js HTTP/1.1" 404 2050
INFO 2026-05-19 10:42:21,143 log 27400 11464 "GET /static/images/logoSample.png HTTP/1.1" 200 38769
WARNING 2026-05-19 10:42:21,724 log 27400 23860 "GET /static/js/libs/%40preline/input-number/index.js HTTP/1.1" 404 2041
WARNING 2026-05-19 10:42:22,004 log 27400 29060 "GET /static/js/libs/owl.carousel/dist/owl.carousel.min.js HTTP/1.1" 404 2062
WARNING 2026-05-19 10:42:22,004 log 27400 7384 "GET /static/js/libs/%40preline/stepper/index.js HTTP/1.1" 404 2026
WARNING 2026-05-19 10:42:22,005 log 27400 28544 "GET /static/js/libs/%40preline/tooltip/index.js HTTP/1.1" 404 2026
INFO 2026-05-19 10:42:22,200 log 27400 11464 "GET / HTTP/1.1" 200 26354
WARNING 2026-05-19 10:42:22,442 log 27400 21904 "GET /static/js/libs/apexcharts/dist/apexcharts.min.js HTTP/1.1" 404 2050
INFO 2026-05-19 10:59:33,995 log 27400 17980 "GET / HTTP/1.1" 200 27177
INFO 2026-05-19 10:59:34,067 log 27400 6264 "GET /static/css/courses_details.css HTTP/1.1" 200 10744
INFO 2026-05-19 10:59:34,069 log 27400 17980 "GET /static/css/basestyles.css HTTP/1.1" 200 30154
INFO 2026-05-19 10:59:34,078 log 27400 6264 "GET /static/images/logoSample.png HTTP/1.1" 200 38769
INFO 2026-05-19 10:59:34,084 log 27400 17980 "GET /static/images/image.jpeg HTTP/1.1" 200 259498
INFO 2026-05-19 10:59:34,248 log 27400 17980 "GET /static/images/image1.jpeg HTTP/1.1" 200 316563
INFO 2026-05-19 10:59:34,248 log 27400 6264 "GET /static/images/image2.jpeg HTTP/1.1" 200 465238
INFO 2026-05-19 10:59:34,261 log 27400 17980 "GET /static/js/basestyles.js HTTP/1.1" 200 6950
INFO 2026-05-19 10:59:34,280 log 27400 6264 "GET /static/images/image4.png HTTP/1.1" 200 849487
INFO 2026-05-19 10:59:34,293 log 27400 17980 "GET /static/images/image5.jpeg HTTP/1.1" 200 412659
INFO 2026-05-19 10:59:34,607 log 27400 17980 "GET /static/images/logo.png HTTP/1.1" 200 853147
WARNING 2026-05-19 10:59:34,640 log 27400 17980 "GET /static/images/logo.jpeg HTTP/1.1" 404 1975
INFO 2026-05-19 10:59:52,325 log 27400 6264 "GET / HTTP/1.1" 200 26354
INFO 2026-05-19 10:59:52,368 log 27400 17372 "GET /static/css/courses_details.css HTTP/1.1" 200 10744
INFO 2026-05-19 10:59:52,369 log 27400 18928 "GET /static/images/logoSample.png HTTP/1.1" 200 38769
INFO 2026-05-19 10:59:52,369 log 27400 6264 "GET /static/css/basestyles.css HTTP/1.1" 200 30154
INFO 2026-05-19 10:59:52,372 log 27400 17372 "GET /static/images/image.jpeg HTTP/1.1" 200 259498
INFO 2026-05-19 10:59:52,381 log 27400 17372 "GET /static/images/image1.jpeg HTTP/1.1" 200 316563
INFO 2026-05-19 10:59:52,382 log 27400 6264 "GET /static/images/image2.jpeg HTTP/1.1" 200 465238
INFO 2026-05-19 10:59:52,398 log 27400 17372 "GET /static/js/basestyles.js HTTP/1.1" 200 6950
INFO 2026-05-19 10:59:52,405 log 27400 6264 "GET /static/images/image4.png HTTP/1.1" 200 849487
INFO 2026-05-19 10:59:52,498 log 27400 6264 "GET /static/images/image5.jpeg HTTP/1.1" 200 412659
INFO 2026-05-19 10:59:52,734 log 27400 6264 "GET /static/images/logo.png HTTP/1.1" 200 853147
WARNING 2026-05-19 10:59:52,758 log 27400 6264 "GET /static/images/logo.jpeg HTTP/1.1" 404 1975
INFO 2026-05-19 11:00:09,935 log 27400 17372 "GET / HTTP/1.1" 200 26354
INFO 2026-05-19 11:00:09,991 log 27400 18928 "GET /static/css/courses_details.css HTTP/1.1" 200 10744
INFO 2026-05-19 11:00:09,991 log 27400 17372 "GET /static/css/basestyles.css HTTP/1.1" 200 30154
INFO 2026-05-19 11:00:09,992 log 27400 6552 "GET /static/images/logoSample.png HTTP/1.1" 200 38769
INFO 2026-05-19 11:00:09,997 log 27400 6552 "GET /static/images/image.jpeg HTTP/1.1" 200 259498
INFO 2026-05-19 11:00:10,001 log 27400 18928 "GET /static/images/image1.jpeg HTTP/1.1" 200 316563
INFO 2026-05-19 11:00:10,018 log 27400 18928 "GET /static/images/image2.jpeg HTTP/1.1" 200 465238
INFO 2026-05-19 11:00:10,027 log 27400 6552 "GET /static/images/image4.png HTTP/1.1" 200 849487
INFO 2026-05-19 11:00:10,029 log 27400 18928 "GET /static/js/basestyles.js HTTP/1.1" 200 6950
INFO 2026-05-19 11:00:10,129 log 27400 18928 "GET /static/images/image5.jpeg HTTP/1.1" 200 412659
INFO 2026-05-19 11:00:10,337 log 27400 18928 "GET /static/images/logo.png HTTP/1.1" 200 853147
WARNING 2026-05-19 11:00:10,363 log 27400 18928 "GET /static/images/logo.jpeg HTTP/1.1" 404 1975
INFO 2026-05-19 11:00:16,703 log 27400 6552 "GET / HTTP/1.1" 200 26354
INFO 2026-05-19 11:00:16,758 log 27400 17372 "GET /static/css/courses_details.css HTTP/1.1" 200 10744
INFO 2026-05-19 11:00:16,758 log 27400 6552 "GET /static/css/basestyles.css HTTP/1.1" 200 30154
INFO 2026-05-19 11:00:16,759 log 27400 23548 "GET /static/images/logoSample.png HTTP/1.1" 200 38769
INFO 2026-05-19 11:00:16,762 log 27400 6552 "GET /static/images/image.jpeg HTTP/1.1" 200 259498
INFO 2026-05-19 11:00:16,775 log 27400 6552 "GET /static/images/image1.jpeg HTTP/1.1" 200 316563
INFO 2026-05-19 11:00:16,777 log 27400 23548 "GET /static/images/image2.jpeg HTTP/1.1" 200 465238
INFO 2026-05-19 11:00:16,792 log 27400 6552 "GET /static/js/basestyles.js HTTP/1.1" 200 6950
INFO 2026-05-19 11:00:16,802 log 27400 23548 "GET /static/images/image4.png HTTP/1.1" 200 849487
INFO 2026-05-19 11:00:16,923 log 27400 6552 "GET /static/images/image5.jpeg HTTP/1.1" 200 412659
INFO 2026-05-19 11:00:17,152 log 27400 23548 "GET /static/images/logo.png HTTP/1.1" 200 853147
WARNING 2026-05-19 11:00:17,176 log 27400 23548 "GET /static/images/logo.jpeg HTTP/1.1" 404 1975
INFO 2026-05-19 11:00:20,400 log 27400 6552 "GET /login/ HTTP/1.1" 200 35590
INFO 2026-05-19 11:00:23,624 log 27400 6552 "GET /login/ HTTP/1.1" 200 35590
INFO 2026-05-19 11:00:23,716 log 27400 17372 "GET /static/css/courses_details.css HTTP/1.1" 200 10744
INFO 2026-05-19 11:00:23,717 log 27400 15872 "GET /static/images/logoSample.png HTTP/1.1" 200 38769
INFO 2026-05-19 11:00:23,717 log 27400 6552 "GET /static/css/basestyles.css HTTP/1.1" 200 30154
INFO 2026-05-19 11:00:23,765 log 27400 6552 "GET /static/css/login.css HTTP/1.1" 200 8727
INFO 2026-05-19 11:00:23,855 log 27400 6552 "GET /static/js/basestyles.js HTTP/1.1" 200 6950
INFO 2026-05-19 11:00:24,025 log 27400 6552 "GET /static/images/logo.png HTTP/1.1" 200 853147
WARNING 2026-05-19 11:00:24,049 log 27400 6552 "GET /static/images/logo.jpeg HTTP/1.1" 404 1975
INFO 2026-05-19 11:00:45,400 log 27400 15872 "GET /login/ HTTP/1.1" 200 35590
INFO 2026-05-19 11:00:45,460 log 27400 17372 "GET /static/css/courses_details.css HTTP/1.1" 200 10744
INFO 2026-05-19 11:00:45,461 log 27400 15872 "GET /static/css/basestyles.css HTTP/1.1" 200 30154
INFO 2026-05-19 11:00:45,463 log 27400 17372 "GET /static/images/logoSample.png HTTP/1.1" 200 38769
INFO 2026-05-19 11:00:45,470 log 27400 17372 "GET /static/css/login.css HTTP/1.1" 200 8727
INFO 2026-05-19 11:00:45,486 log 27400 17372 "GET /static/js/basestyles.js HTTP/1.1" 200 6950
INFO 2026-05-19 11:00:45,784 log 27400 17372 "GET /static/images/logo.png HTTP/1.1" 200 853147
WARNING 2026-05-19 11:00:45,810 log 27400 17372 "GET /static/images/logo.jpeg HTTP/1.1" 404 1975
INFO 2026-05-19 11:00:48,402 log 27400 15872 "GET /login/ HTTP/1.1" 200 35590
INFO 2026-05-19 11:00:48,461 log 27400 3240 "GET /static/css/courses_details.css HTTP/1.1" 200 10744
INFO 2026-05-19 11:00:48,462 log 27400 15872 "GET /static/css/basestyles.css HTTP/1.1" 200 30154
INFO 2026-05-19 11:00:48,464 log 27400 3240 "GET /static/images/logoSample.png HTTP/1.1" 200 38769
INFO 2026-05-19 11:00:48,475 log 27400 3240 "GET /static/css/login.css HTTP/1.1" 200 8727
INFO 2026-05-19 11:00:48,492 log 27400 3240 "GET /static/js/basestyles.js HTTP/1.1" 200 6950
INFO 2026-05-19 11:00:48,795 log 27400 3240 "GET /static/images/logo.png HTTP/1.1" 200 853147
WARNING 2026-05-19 11:00:48,822 log 27400 3240 "GET /static/images/logo.jpeg HTTP/1.1" 404 1975
INFO 2026-05-19 11:00:54,551 log 27400 15872 "GET /login/ HTTP/1.1" 200 35590
INFO 2026-05-19 11:00:54,613 log 27400 22968 "GET /static/css/courses_details.css HTTP/1.1" 200 10744
INFO 2026-05-19 11:00:54,613 log 27400 15872 "GET /static/css/basestyles.css HTTP/1.1" 200 30154
INFO 2026-05-19 11:00:54,617 log 27400 22968 "GET /static/images/logoSample.png HTTP/1.1" 200 38769
INFO 2026-05-19 11:00:54,621 log 27400 22968 "GET /static/css/login.css HTTP/1.1" 200 8727
INFO 2026-05-19 11:00:54,642 log 27400 22968 "GET /static/js/basestyles.js HTTP/1.1" 200 6950
INFO 2026-05-19 11:00:54,932 log 27400 22968 "GET /static/images/logo.png HTTP/1.1" 200 853147
WARNING 2026-05-19 11:00:54,955 log 27400 22968 "GET /static/images/logo.jpeg HTTP/1.1" 404 1975
INFO 2026-05-19 11:01:02,798 log 27400 15872 "GET /login/ HTTP/1.1" 200 35590
INFO 2026-05-19 11:01:02,866 log 27400 12072 "GET /static/css/courses_details.css HTTP/1.1" 200 10744
INFO 2026-05-19 11:01:02,867 log 27400 15872 "GET /static/css/basestyles.css HTTP/1.1" 200 30154
INFO 2026-05-19 11:01:02,868 log 27400 12072 "GET /static/images/logoSample.png HTTP/1.1" 200 38769
INFO 2026-05-19 11:01:02,876 log 27400 12072 "GET /static/css/login.css HTTP/1.1" 200 8727
INFO 2026-05-19 11:01:02,889 log 27400 12072 "GET /static/js/basestyles.js HTTP/1.1" 200 6950
INFO 2026-05-19 11:01:03,217 log 27400 12072 "GET /static/images/logo.png HTTP/1.1" 200 853147
WARNING 2026-05-19 11:01:03,239 log 27400 12072 "GET /static/images/logo.jpeg HTTP/1.1" 404 1975
INFO 2026-05-19 11:01:14,435 log 27400 15872 "GET /login/ HTTP/1.1" 200 35590
INFO 2026-05-19 11:01:14,510 log 27400 15872 "GET /static/css/basestyles.css HTTP/1.1" 200 30154
INFO 2026-05-19 11:01:14,511 log 27400 20136 "GET /static/css/courses_details.css HTTP/1.1" 200 10744
INFO 2026-05-19 11:01:14,513 log 27400 15872 "GET /static/images/logoSample.png HTTP/1.1" 200 38769
INFO 2026-05-19 11:01:14,527 log 27400 15872 "GET /static/css/login.css HTTP/1.1" 200 8727
INFO 2026-05-19 11:01:14,531 log 27400 15872 "GET /static/js/basestyles.js HTTP/1.1" 200 6950
INFO 2026-05-19 11:01:14,886 log 27400 15872 "GET /static/images/logo.png HTTP/1.1" 200 853147
WARNING 2026-05-19 11:01:14,907 log 27400 15872 "GET /static/images/logo.jpeg HTTP/1.1" 404 1975
INFO 2026-05-19 11:01:18,240 log 27400 20136 "GET /login/ HTTP/1.1" 200 35590
INFO 2026-05-19 11:01:18,302 log 27400 28740 "GET /static/css/courses_details.css HTTP/1.1" 200 10744
INFO 2026-05-19 11:01:18,303 log 27400 20136 "GET /static/css/basestyles.css HTTP/1.1" 200 30154
INFO 2026-05-19 11:01:18,304 log 27400 28740 "GET /static/images/logoSample.png HTTP/1.1" 200 38769
INFO 2026-05-19 11:01:18,311 log 27400 28740 "GET /static/css/login.css HTTP/1.1" 200 8727
INFO 2026-05-19 11:01:18,324 log 27400 28740 "GET /static/js/basestyles.js HTTP/1.1" 200 6950
INFO 2026-05-19 11:01:18,656 log 27400 28740 "GET /static/images/logo.png HTTP/1.1" 200 853147
WARNING 2026-05-19 11:01:18,685 log 27400 28740 "GET /static/images/logo.jpeg HTTP/1.1" 404 1975
INFO 2026-05-19 11:01:29,458 log 27400 20136 "GET /login/ HTTP/1.1" 200 35590
INFO 2026-05-19 11:01:29,517 log 27400 15668 "GET /static/css/courses_details.css HTTP/1.1" 200 10744
INFO 2026-05-19 11:01:29,517 log 27400 20136 "GET /static/css/basestyles.css HTTP/1.1" 200 30154
INFO 2026-05-19 11:01:29,520 log 27400 15668 "GET /static/images/logoSample.png HTTP/1.1" 200 38769
INFO 2026-05-19 11:01:29,524 log 27400 15668 "GET /static/css/login.css HTTP/1.1" 200 8727
INFO 2026-05-19 11:01:29,536 log 27400 15668 "GET /static/js/basestyles.js HTTP/1.1" 200 6950
INFO 2026-05-19 11:01:29,827 log 27400 15668 "GET /static/images/logo.png HTTP/1.1" 200 853147
WARNING 2026-05-19 11:01:29,851 log 27400 15668 "GET /static/images/logo.jpeg HTTP/1.1" 404 1975
INFO 2026-05-19 11:01:39,985 log 27400 20136 "GET /login/ HTTP/1.1" 200 35590
INFO 2026-05-19 11:01:40,041 log 27400 29724 "GET /static/css/courses_details.css HTTP/1.1" 200 10744
INFO 2026-05-19 11:01:40,041 log 27400 20136 "GET /static/css/basestyles.css HTTP/1.1" 200 30154
INFO 2026-05-19 11:01:40,044 log 27400 29724 "GET /static/images/logoSample.png HTTP/1.1" 200 38769
INFO 2026-05-19 11:01:40,048 log 27400 29724 "GET /static/css/login.css HTTP/1.1" 200 8727
INFO 2026-05-19 11:01:40,061 log 27400 29724 "GET /static/js/basestyles.js HTTP/1.1" 200 6950
INFO 2026-05-19 11:01:40,369 log 27400 29724 "GET /static/images/logo.png HTTP/1.1" 200 853147
WARNING 2026-05-19 11:01:40,394 log 27400 29724 "GET /static/images/logo.jpeg HTTP/1.1" 404 1975
INFO 2026-05-19 11:01:57,664 log 27400 20136 "GET /login/ HTTP/1.1" 200 35590
INFO 2026-05-19 11:01:57,730 log 27400 12020 "GET /static/css/courses_details.css HTTP/1.1" 200 10744
INFO 2026-05-19 11:01:57,731 log 27400 20136 "GET /static/css/basestyles.css HTTP/1.1" 200 30154
INFO 2026-05-19 11:01:57,733 log 27400 12020 "GET /static/images/logoSample.png HTTP/1.1" 200 38769
INFO 2026-05-19 11:01:57,737 log 27400 12020 "GET /static/css/login.css HTTP/1.1" 200 8727
INFO 2026-05-19 11:01:57,749 log 27400 12020 "GET /static/js/basestyles.js HTTP/1.1" 200 6950
INFO 2026-05-19 11:01:58,047 log 27400 12020 "GET /static/images/logo.png HTTP/1.1" 200 853147
WARNING 2026-05-19 11:01:58,073 log 27400 12020 "GET /static/images/logo.jpeg HTTP/1.1" 404 1975
INFO 2026-05-19 11:02:13,685 log 27400 20136 "GET /login/ HTTP/1.1" 200 35590
INFO 2026-05-19 11:02:13,752 log 27400 24872 "GET /static/css/courses_details.css HTTP/1.1" 200 10744
INFO 2026-05-19 11:02:13,753 log 27400 20136 "GET /static/css/basestyles.css HTTP/1.1" 200 30154
INFO 2026-05-19 11:02:13,756 log 27400 20136 "GET /static/images/logoSample.png HTTP/1.1" 200 38769
INFO 2026-05-19 11:02:13,763 log 27400 20136 "GET /static/css/login.css HTTP/1.1" 200 8727
INFO 2026-05-19 11:02:13,781 log 27400 20136 "GET /static/js/basestyles.js HTTP/1.1" 200 6950
INFO 2026-05-19 11:02:14,105 log 27400 20136 "GET /static/images/logo.png HTTP/1.1" 200 853147
WARNING 2026-05-19 11:02:14,131 log 27400 20136 "GET /static/images/logo.jpeg HTTP/1.1" 404 1975
INFO 2026-05-19 11:02:18,295 log 27400 24872 "GET / HTTP/1.1" 200 26354
INFO 2026-05-19 11:03:06,377 log 27400 24872 "GET / HTTP/1.1" 200 26354
INFO 2026-05-19 11:03:06,432 log 27400 27784 "GET /static/css/courses_details.css HTTP/1.1" 200 10744
INFO 2026-05-19 11:03:06,433 log 27400 24872 "GET /static/css/basestyles.css HTTP/1.1" 200 30154
INFO 2026-05-19 11:03:06,437 log 27400 24872 "GET /static/images/logoSample.png HTTP/1.1" 200 38769
INFO 2026-05-19 11:03:06,439 log 27400 27784 "GET /static/images/image.jpeg HTTP/1.1" 200 259498
INFO 2026-05-19 11:03:06,455 log 27400 27784 "GET /static/images/image1.jpeg HTTP/1.1" 200 316563
INFO 2026-05-19 11:03:06,458 log 27400 24872 "GET /static/images/image2.jpeg HTTP/1.1" 200 465238
INFO 2026-05-19 11:03:06,476 log 27400 27784 "GET /static/js/basestyles.js HTTP/1.1" 200 6950
INFO 2026-05-19 11:03:06,481 log 27400 24872 "GET /static/images/image4.png HTTP/1.1" 200 849487
INFO 2026-05-19 11:03:06,644 log 27400 24872 "GET /static/images/image5.jpeg HTTP/1.1" 200 412659
INFO 2026-05-19 11:03:06,973 log 27400 24872 "GET /static/images/logo.png HTTP/1.1" 200 853147
WARNING 2026-05-19 11:03:07,004 log 27400 24872 "GET /static/images/logo.jpeg HTTP/1.1" 404 1975
INFO 2026-05-19 11:03:25,912 log 27400 27784 "GET / HTTP/1.1" 200 26354
INFO 2026-05-19 11:03:25,960 log 27400 14148 "GET /static/css/courses_details.css HTTP/1.1" 200 10744
INFO 2026-05-19 11:03:25,961 log 27400 24100 "GET /static/images/logoSample.png HTTP/1.1" 200 38769
INFO 2026-05-19 11:03:25,962 log 27400 27784 "GET /static/css/basestyles.css HTTP/1.1" 200 30154
INFO 2026-05-19 11:03:25,966 log 27400 24100 "GET /static/images/image.jpeg HTTP/1.1" 200 259498
INFO 2026-05-19 11:03:25,980 log 27400 24100 "GET /static/images/image1.jpeg HTTP/1.1" 200 316563
INFO 2026-05-19 11:03:25,982 log 27400 27784 "GET /static/images/image2.jpeg HTTP/1.1" 200 465238
INFO 2026-05-19 11:03:25,996 log 27400 24100 "GET /static/js/basestyles.js HTTP/1.1" 200 6950
INFO 2026-05-19 11:03:26,002 log 27400 27784 "GET /static/images/image4.png HTTP/1.1" 200 849487
INFO 2026-05-19 11:03:26,102 log 27400 27784 "GET /static/images/image5.jpeg HTTP/1.1" 200 412659
INFO 2026-05-19 11:03:26,326 log 27400 27784 "GET /static/images/logo.png HTTP/1.1" 200 853147
WARNING 2026-05-19 11:03:26,349 log 27400 27784 "GET /static/images/logo.jpeg HTTP/1.1" 404 1975
INFO 2026-05-19 11:03:46,418 log 27400 24100 "GET / HTTP/1.1" 200 26397
INFO 2026-05-19 11:03:46,492 log 27400 14148 "GET /static/css/courses_details.css HTTP/1.1" 200 10744
INFO 2026-05-19 11:03:46,493 log 27400 24100 "GET /static/css/basestyles.css HTTP/1.1" 200 30154
INFO 2026-05-19 11:03:46,494 log 27400 18652 "GET /static/images/logoSample.png HTTP/1.1" 200 38769
INFO 2026-05-19 11:03:46,496 log 27400 14148 "GET /static/images/image.jpeg HTTP/1.1" 200 259498
INFO 2026-05-19 11:03:46,521 log 27400 14148 "GET /static/images/image1.jpeg HTTP/1.1" 200 316563
INFO 2026-05-19 11:03:46,522 log 27400 18652 "GET /static/images/image2.jpeg HTTP/1.1" 200 465238
INFO 2026-05-19 11:03:46,534 log 27400 14148 "GET /static/js/basestyles.js HTTP/1.1" 200 6950
INFO 2026-05-19 11:03:46,545 log 27400 18652 "GET /static/images/image4.png HTTP/1.1" 200 849487
INFO 2026-05-19 11:03:46,657 log 27400 18652 "GET /static/images/image5.jpeg HTTP/1.1" 200 412659
INFO 2026-05-19 11:03:46,878 log 27400 18652 "GET /static/images/logo.png HTTP/1.1" 200 853147
WARNING 2026-05-19 11:03:46,900 log 27400 18652 "GET /static/images/logo.jpeg HTTP/1.1" 404 1975
INFO 2026-05-19 11:03:56,392 log 27400 14148 "GET / HTTP/1.1" 200 26397
INFO 2026-05-19 11:03:56,457 log 27400 24100 "GET /static/css/courses_details.css HTTP/1.1" 200 10744
INFO 2026-05-19 11:03:56,457 log 27400 14148 "GET /static/css/basestyles.css HTTP/1.1" 200 30154
INFO 2026-05-19 11:03:56,458 log 27400 28420 "GET /static/images/logoSample.png HTTP/1.1" 200 38769
INFO 2026-05-19 11:03:56,463 log 27400 24100 "GET /static/images/image.jpeg HTTP/1.1" 200 259498
INFO 2026-05-19 11:03:56,464 log 27400 28420 "GET /static/images/image1.jpeg HTTP/1.1" 200 316563
INFO 2026-05-19 11:03:56,481 log 27400 28420 "GET /static/images/image2.jpeg HTTP/1.1" 200 465238
INFO 2026-05-19 11:03:56,488 log 27400 24100 "GET /static/images/image4.png HTTP/1.1" 200 849487
INFO 2026-05-19 11:03:56,491 log 27400 28420 "GET /static/js/basestyles.js HTTP/1.1" 200 6950
INFO 2026-05-19 11:03:56,606 log 27400 28420 "GET /static/images/image5.jpeg HTTP/1.1" 200 412659
INFO 2026-05-19 11:03:56,839 log 27400 28420 "GET /static/images/logo.png HTTP/1.1" 200 853147
WARNING 2026-05-19 11:03:56,866 log 27400 28420 "GET /static/images/logo.jpeg HTTP/1.1" 404 1975
INFO 2026-05-19 11:04:33,152 log 27400 24100 "GET / HTTP/1.1" 200 26354
INFO 2026-05-19 11:04:33,189 log 27400 14148 "GET /static/css/courses_details.css HTTP/1.1" 200 10744
INFO 2026-05-19 11:04:33,190 log 27400 24100 "GET /static/css/basestyles.css HTTP/1.1" 200 30154
INFO 2026-05-19 11:04:33,190 log 27400 12988 "GET /static/images/logoSample.png HTTP/1.1" 200 38769
INFO 2026-05-19 11:04:33,193 log 27400 14148 "GET /static/images/image.jpeg HTTP/1.1" 200 259498
INFO 2026-05-19 11:04:33,211 log 27400 14148 "GET /static/images/image1.jpeg HTTP/1.1" 200 316563
INFO 2026-05-19 11:04:33,212 log 27400 12988 "GET /static/images/image2.jpeg HTTP/1.1" 200 465238
INFO 2026-05-19 11:04:33,231 log 27400 14148 "GET /static/js/basestyles.js HTTP/1.1" 200 6950
INFO 2026-05-19 11:04:33,239 log 27400 12988 "GET /static/images/image4.png HTTP/1.1" 200 849487
INFO 2026-05-19 11:04:33,421 log 27400 12988 "GET /static/images/image5.jpeg HTTP/1.1" 200 412659
INFO 2026-05-19 11:04:33,750 log 27400 12988 "GET /static/images/logo.png HTTP/1.1" 200 853147
WARNING 2026-05-19 11:04:33,776 log 27400 12988 "GET /static/images/logo.jpeg HTTP/1.1" 404 1975
INFO 2026-05-19 11:04:48,929 log 27400 14148 "GET / HTTP/1.1" 200 26354
INFO 2026-05-19 11:04:48,984 log 27400 24100 "GET /static/css/courses_details.css HTTP/1.1" 200 10744
INFO 2026-05-19 11:04:48,985 log 27400 14148 "GET /static/css/basestyles.css HTTP/1.1" 200 30154
INFO 2026-05-19 11:04:48,985 log 27400 18632 "GET /static/images/logoSample.png HTTP/1.1" 200 38769
INFO 2026-05-19 11:04:48,988 log 27400 14148 "GET /static/images/image.jpeg HTTP/1.1" 200 259498
INFO 2026-05-19 11:04:48,998 log 27400 14148 "GET /static/images/image1.jpeg HTTP/1.1" 200 316563
INFO 2026-05-19 11:04:49,000 log 27400 24100 "GET /static/images/image2.jpeg HTTP/1.1" 200 465238
INFO 2026-05-19 11:04:49,012 log 27400 14148 "GET /static/js/basestyles.js HTTP/1.1" 200 6950
INFO 2026-05-19 11:04:49,020 log 27400 24100 "GET /static/images/image4.png HTTP/1.1" 200 849487
INFO 2026-05-19 11:04:49,139 log 27400 24100 "GET /static/images/image5.jpeg HTTP/1.1" 200 412659
INFO 2026-05-19 11:04:49,409 log 27400 24100 "GET /static/images/logo.png HTTP/1.1" 200 853147
WARNING 2026-05-19 11:04:49,436 log 27400 24100 "GET /static/images/logo.jpeg HTTP/1.1" 404 1975
INFO 2026-05-19 11:05:12,056 log 27400 14148 "GET / HTTP/1.1" 200 26354
INFO 2026-05-19 11:05:12,119 log 27400 18632 "GET /static/css/courses_details.css HTTP/1.1" 200 10744
INFO 2026-05-19 11:05:12,120 log 27400 14148 "GET /static/css/basestyles.css HTTP/1.1" 200 30154
INFO 2026-05-19 11:05:12,121 log 27400 29088 "GET /static/images/logoSample.png HTTP/1.1" 200 38769
INFO 2026-05-19 11:05:12,123 log 27400 14148 "GET /static/images/image.jpeg HTTP/1.1" 200 259498
INFO 2026-05-19 11:05:12,134 log 27400 29088 "GET /static/images/image1.jpeg HTTP/1.1" 200 316563
INFO 2026-05-19 11:05:12,163 log 27400 29088 "GET /static/images/image2.jpeg HTTP/1.1" 200 465238
INFO 2026-05-19 11:05:12,175 log 27400 29088 "GET /static/images/image4.png HTTP/1.1" 200 849487
INFO 2026-05-19 11:05:12,184 log 27400 29088 "GET /static/js/basestyles.js HTTP/1.1" 200 6950
INFO 2026-05-19 11:05:12,283 log 27400 29088 "GET /static/images/image5.jpeg HTTP/1.1" 200 412659
INFO 2026-05-19 11:05:12,526 log 27400 14148 "GET /static/images/logo.png HTTP/1.1" 200 853147
WARNING 2026-05-19 11:05:12,555 log 27400 14148 "GET /static/images/logo.jpeg HTTP/1.1" 404 1975
INFO 2026-05-19 11:05:36,629 log 27400 29088 "GET / HTTP/1.1" 200 26354
INFO 2026-05-19 11:05:36,667 log 27400 18632 "GET /static/css/courses_details.css HTTP/1.1" 200 10744
INFO 2026-05-19 11:05:36,667 log 27400 29088 "GET /static/css/basestyles.css HTTP/1.1" 200 30154
INFO 2026-05-19 11:05:36,668 log 27400 19408 "GET /static/images/logoSample.png HTTP/1.1" 200 38769
INFO 2026-05-19 11:05:36,671 log 27400 18632 "GET /static/images/image.jpeg HTTP/1.1" 200 259498
INFO 2026-05-19 11:05:36,679 log 27400 18632 "GET /static/images/image1.jpeg HTTP/1.1" 200 316563
INFO 2026-05-19 11:05:36,680 log 27400 19408 "GET /static/images/image2.jpeg HTTP/1.1" 200 465238
INFO 2026-05-19 11:05:36,693 log 27400 18632 "GET /static/js/basestyles.js HTTP/1.1" 200 6950
INFO 2026-05-19 11:05:36,702 log 27400 19408 "GET /static/images/image4.png HTTP/1.1" 200 849487
INFO 2026-05-19 11:05:36,812 log 27400 19408 "GET /static/images/image5.jpeg HTTP/1.1" 200 412659
INFO 2026-05-19 11:05:37,021 log 27400 19408 "GET /static/images/logo.png HTTP/1.1" 200 853147
WARNING 2026-05-19 11:05:37,044 log 27400 19408 "GET /static/images/logo.jpeg HTTP/1.1" 404 1975
INFO 2026-05-19 11:05:55,061 log 27400 18632 "GET / HTTP/1.1" 200 26354
INFO 2026-05-19 11:05:55,116 log 27400 29088 "GET /static/css/courses_details.css HTTP/1.1" 200 10744
INFO 2026-05-19 11:05:55,117 log 27400 30480 "GET /static/images/logoSample.png HTTP/1.1" 200 38769
INFO 2026-05-19 11:05:55,117 log 27400 18632 "GET /static/css/basestyles.css HTTP/1.1" 200 30154
INFO 2026-05-19 11:05:55,120 log 27400 18632 "GET /static/images/image.jpeg HTTP/1.1" 200 259498
INFO 2026-05-19 11:05:55,128 log 27400 18632 "GET /static/images/image1.jpeg HTTP/1.1" 200 316563
INFO 2026-05-19 11:05:55,129 log 27400 29088 "GET /static/images/image2.jpeg HTTP/1.1" 200 465238
INFO 2026-05-19 11:05:55,152 log 27400 18632 "GET /static/js/basestyles.js HTTP/1.1" 200 6950
INFO 2026-05-19 11:05:55,176 log 27400 29088 "GET /static/images/image4.png HTTP/1.1" 200 849487
INFO 2026-05-19 11:05:55,299 log 27400 29088 "GET /static/images/image5.jpeg HTTP/1.1" 200 412659
INFO 2026-05-19 11:05:55,509 log 27400 29088 "GET /static/images/logo.png HTTP/1.1" 200 853147
WARNING 2026-05-19 11:05:55,535 log 27400 29088 "GET /static/images/logo.jpeg HTTP/1.1" 404 1975
INFO 2026-05-19 11:06:06,847 log 27400 18632 "GET / HTTP/1.1" 200 26354
INFO 2026-05-19 11:06:06,902 log 27400 30480 "GET /static/css/courses_details.css HTTP/1.1" 200 10744
INFO 2026-05-19 11:06:06,903 log 27400 18632 "GET /static/css/basestyles.css HTTP/1.1" 200 30154
INFO 2026-05-19 11:06:06,903 log 27400 10644 "GET /static/images/logoSample.png HTTP/1.1" 200 38769
INFO 2026-05-19 11:06:06,906 log 27400 18632 "GET /static/images/image.jpeg HTTP/1.1" 200 259498
INFO 2026-05-19 11:06:06,913 log 27400 18632 "GET /static/images/image1.jpeg HTTP/1.1" 200 316563
INFO 2026-05-19 11:06:06,915 log 27400 30480 "GET /static/images/image2.jpeg HTTP/1.1" 200 465238
INFO 2026-05-19 11:06:06,940 log 27400 18632 "GET /static/js/basestyles.js HTTP/1.1" 200 6950
INFO 2026-05-19 11:06:06,949 log 27400 30480 "GET /static/images/image4.png HTTP/1.1" 200 849487
INFO 2026-05-19 11:06:07,060 log 27400 30480 "GET /static/images/image5.jpeg HTTP/1.1" 200 412659
INFO 2026-05-19 11:06:07,279 log 27400 30480 "GET /static/images/logo.png HTTP/1.1" 200 853147
WARNING 2026-05-19 11:06:07,306 log 27400 30480 "GET /static/images/logo.jpeg HTTP/1.1" 404 1975
INFO 2026-05-19 11:06:15,808 log 27400 18632 "GET / HTTP/1.1" 200 26354
INFO 2026-05-19 11:06:15,856 log 27400 10644 "GET /static/css/courses_details.css HTTP/1.1" 200 10744
INFO 2026-05-19 11:06:15,856 log 27400 18632 "GET /static/css/basestyles.css HTTP/1.1" 200 30154
INFO 2026-05-19 11:06:15,857 log 27400 2236 "GET /static/images/logoSample.png HTTP/1.1" 200 38769
INFO 2026-05-19 11:06:15,859 log 27400 10644 "GET /static/images/image.jpeg HTTP/1.1" 200 259498
INFO 2026-05-19 11:06:15,866 log 27400 10644 "GET /static/images/image1.jpeg HTTP/1.1" 200 316563
INFO 2026-05-19 11:06:15,868 log 27400 2236 "GET /static/images/image2.jpeg HTTP/1.1" 200 465238
INFO 2026-05-19 11:06:15,884 log 27400 10644 "GET /static/js/basestyles.js HTTP/1.1" 200 6950
INFO 2026-05-19 11:06:15,896 log 27400 2236 "GET /static/images/image4.png HTTP/1.1" 200 849487
INFO 2026-05-19 11:06:16,020 log 27400 2236 "GET /static/images/image5.jpeg HTTP/1.1" 200 412659
INFO 2026-05-19 11:06:16,237 log 27400 2236 "GET /static/images/logo.png HTTP/1.1" 200 853147
WARNING 2026-05-19 11:06:16,261 log 27400 2236 "GET /static/images/logo.jpeg HTTP/1.1" 404 1975
INFO 2026-05-19 11:06:36,970 log 27400 10644 "GET / HTTP/1.1" 200 26354
INFO 2026-05-19 11:06:37,021 log 27400 18632 "GET /static/css/courses_details.css HTTP/1.1" 200 10744
INFO 2026-05-19 11:06:37,021 log 27400 1568 "GET /static/images/logoSample.png HTTP/1.1" 200 38769
INFO 2026-05-19 11:06:37,021 log 27400 10644 "GET /static/css/basestyles.css HTTP/1.1" 200 30154
INFO 2026-05-19 11:06:37,024 log 27400 1568 "GET /static/images/image.jpeg HTTP/1.1" 200 259498
INFO 2026-05-19 11:06:37,032 log 27400 1568 "GET /static/images/image1.jpeg HTTP/1.1" 200 316563
INFO 2026-05-19 11:06:37,034 log 27400 18632 "GET /static/images/image2.jpeg HTTP/1.1" 200 465238
INFO 2026-05-19 11:06:37,053 log 27400 1568 "GET /static/js/basestyles.js HTTP/1.1" 200 6950
INFO 2026-05-19 11:06:37,061 log 27400 18632 "GET /static/images/image4.png HTTP/1.1" 200 849487
INFO 2026-05-19 11:06:37,176 log 27400 18632 "GET /static/images/image5.jpeg HTTP/1.1" 200 412659
INFO 2026-05-19 11:06:37,368 log 27400 18632 "GET /static/images/logo.png HTTP/1.1" 200 853147
WARNING 2026-05-19 11:06:37,391 log 27400 18632 "GET /static/images/logo.jpeg HTTP/1.1" 404 1975
INFO 2026-05-19 11:07:08,645 log 27400 1568 "GET / HTTP/1.1" 200 26354
INFO 2026-05-19 11:07:08,705 log 27400 10644 "GET /static/css/courses_details.css HTTP/1.1" 200 10744
INFO 2026-05-19 11:07:08,705 log 27400 1568 "GET /static/css/basestyles.css HTTP/1.1" 200 30154
INFO 2026-05-19 11:07:08,706 log 27400 13500 "GET /static/images/logoSample.png HTTP/1.1" 200 38769
INFO 2026-05-19 11:07:08,709 log 27400 1568 "GET /static/images/image.jpeg HTTP/1.1" 200 259498
INFO 2026-05-19 11:07:08,722 log 27400 13500 "GET /static/images/image2.jpeg HTTP/1.1" 200 465238
INFO 2026-05-19 11:07:08,724 log 27400 1568 "GET /static/images/image1.jpeg HTTP/1.1" 200 316563
INFO 2026-05-19 11:07:08,745 log 27400 13500 "GET /static/js/basestyles.js HTTP/1.1" 200 6950
INFO 2026-05-19 11:07:08,753 log 27400 1568 "GET /static/images/image4.png HTTP/1.1" 200 849487
INFO 2026-05-19 11:07:08,867 log 27400 1568 "GET /static/images/image5.jpeg HTTP/1.1" 200 412659
INFO 2026-05-19 11:07:09,217 log 27400 1568 "GET /static/images/logo.png HTTP/1.1" 200 853147
WARNING 2026-05-19 11:07:09,245 log 27400 1568 "GET /static/images/logo.jpeg HTTP/1.1" 404 1975
INFO 2026-05-19 11:17:26,556 log 27400 18548 "GET /contact HTTP/1.1" 301 0
ERROR 2026-05-19 11:17:27,187 log 27400 18548 Internal Server Error: /contact/
Traceback (most recent call last):
  File "D:\Web Applications\training_institute\venv\Lib\site-packages\django\core\handlers\exception.py", line 55, in inner
    response = get_response(request)
  File "D:\Web Applications\training_institute\venv\Lib\site-packages\django\core\handlers\base.py", line 198, in _get_response
    response = wrapped_callback(request, *callback_args, **callback_kwargs)
  File "D:\Web Applications\training_institute\training_institute_app\views.py", line 51, in contact
    return render(request, 'training_institute_app/contact.html')
  File "D:\Web Applications\training_institute\venv\Lib\site-packages\django\shortcuts.py", line 25, in render
    content = loader.render_to_string(template_name, context, request, using=using)
  File "D:\Web Applications\training_institute\venv\Lib\site-packages\django\template\loader.py", line 62, in render_to_string
    return template.render(context, request)
           ~~~~~~~~~~~~~~~^^^^^^^^^^^^^^^^^^
  File "D:\Web Applications\training_institute\venv\Lib\site-packages\django\template\backends\django.py", line 107, in render
    return self.template.render(context)
           ~~~~~~~~~~~~~~~~~~~~^^^^^^^^^
  File "D:\Web Applications\training_institute\venv\Lib\site-packages\django\template\base.py", line 174, in render
    return self._render(context)
           ~~~~~~~~~~~~^^^^^^^^^
  File "D:\Web Applications\training_institute\venv\Lib\site-packages\django\template\base.py", line 166, in _render
    return self.nodelist.render(context)
           ~~~~~~~~~~~~~~~~~~~~^^^^^^^^^
  File "D:\Web Applications\training_institute\venv\Lib\site-packages\django\template\base.py", line 1091, in render
    return SafeString("".join([node.render_annotated(context) for node in self]))
                               ~~~~~~~~~~~~~~~~~~~~~^^^^^^^^^
  File "D:\Web Applications\training_institute\venv\Lib\site-packages\django\template\base.py", line 1052, in render_annotated
    return self.render(context)
           ~~~~~~~~~~~^^^^^^^^^
  File "D:\Web Applications\training_institute\venv\Lib\site-packages\django\template\loader_tags.py", line 160, in render
    return compiled_parent._render(context)
           ~~~~~~~~~~~~~~~~~~~~~~~^^^^^^^^^
  File "D:\Web Applications\training_institute\venv\Lib\site-packages\django\template\base.py", line 166, in _render
    return self.nodelist.render(context)
           ~~~~~~~~~~~~~~~~~~~~^^^^^^^^^
  File "D:\Web Applications\training_institute\venv\Lib\site-packages\django\template\base.py", line 1091, in render
    return SafeString("".join([node.render_annotated(context) for node in self]))
                               ~~~~~~~~~~~~~~~~~~~~~^^^^^^^^^
  File "D:\Web Applications\training_institute\venv\Lib\site-packages\django\template\base.py", line 1052, in render_annotated
    return self.render(context)
           ~~~~~~~~~~~^^^^^^^^^
  File "D:\Web Applications\training_institute\venv\Lib\site-packages\django\template\loader_tags.py", line 66, in render
    result = block.nodelist.render(context)
  File "D:\Web Applications\training_institute\venv\Lib\site-packages\django\template\base.py", line 1091, in render
    return SafeString("".join([node.render_annotated(context) for node in self]))
                               ~~~~~~~~~~~~~~~~~~~~~^^^^^^^^^
  File "D:\Web Applications\training_institute\venv\Lib\site-packages\django\template\base.py", line 1052, in render_annotated
    return self.render(context)
           ~~~~~~~~~~~^^^^^^^^^
  File "D:\Web Applications\training_institute\venv\Lib\site-packages\django\template\defaulttags.py", line 511, in render
    url = reverse(view_name, args=args, kwargs=kwargs, current_app=current_app)
  File "D:\Web Applications\training_institute\venv\Lib\site-packages\django\urls\base.py", line 98, in reverse
    resolved_url = resolver._reverse_with_prefix(view, prefix, *args, **kwargs)
  File "D:\Web Applications\training_institute\venv\Lib\site-packages\django\urls\resolvers.py", line 842, in _reverse_with_prefix
    raise NoReverseMatch(msg)
django.urls.exceptions.NoReverseMatch: Reverse for 'contact_submit' not found. 'contact_submit' is not a valid view function or pattern name.
ERROR 2026-05-19 11:17:27,209 log 27400 18548 "GET /contact/ HTTP/1.1" 500 161448
WARNING 2026-05-19 11:17:27,679 log 27400 18548 Not Found: /favicon.ico
WARNING 2026-05-19 11:17:27,680 log 27400 18548 "GET /favicon.ico HTTP/1.1" 404 6421
INFO 2026-05-19 11:17:40,189 log 27400 11604 "GET /contact/ HTTP/1.1" 200 32350
INFO 2026-05-19 11:17:40,249 log 27400 29820 "GET /static/css/courses_details.css HTTP/1.1" 200 10744
INFO 2026-05-19 11:17:40,250 log 27400 11604 "GET /static/css/basestyles.css HTTP/1.1" 200 30154
INFO 2026-05-19 11:17:40,256 log 27400 29820 "GET /static/js/basestyles.js HTTP/1.1" 200 6950
INFO 2026-05-19 11:17:40,257 log 27400 11604 "GET /static/images/logoSample.png HTTP/1.1" 200 38769
INFO 2026-05-19 11:17:40,566 log 27400 18764 "GET /static/js/basestyles.js HTTP/1.1" 304 0
INFO 2026-05-19 11:18:00,470 log 27400 11604 "GET /contact/ HTTP/1.1" 200 32026
INFO 2026-05-19 11:18:00,527 log 27400 14796 "GET /static/js/basestyles.js HTTP/1.1" 200 6950
INFO 2026-05-19 11:18:00,528 log 27400 29820 "GET /static/css/courses_details.css HTTP/1.1" 200 10744
INFO 2026-05-19 11:18:00,528 log 27400 11604 "GET /static/css/basestyles.css HTTP/1.1" 200 30154
INFO 2026-05-19 11:18:00,529 log 27400 27792 "GET /static/images/logoSample.png HTTP/1.1" 200 38769
INFO 2026-05-19 11:18:01,441 log 27400 27792 "GET /static/images/logo.png HTTP/1.1" 200 853147
WARNING 2026-05-19 11:18:01,464 log 27400 27792 "GET /static/images/logo.jpeg HTTP/1.1" 404 1975
INFO 2026-05-19 11:18:31,290 log 27400 11604 "GET /contact/ HTTP/1.1" 200 31567
INFO 2026-05-19 11:18:31,337 log 27400 29820 "GET /static/css/courses_details.css HTTP/1.1" 200 10744
INFO 2026-05-19 11:18:31,338 log 27400 11604 "GET /static/css/basestyles.css HTTP/1.1" 200 30154
INFO 2026-05-19 11:18:31,338 log 27400 14796 "GET /static/images/logoSample.png HTTP/1.1" 200 38769
INFO 2026-05-19 11:18:31,340 log 27400 29820 "GET /static/js/basestyles.js HTTP/1.1" 200 6950
INFO 2026-05-19 11:18:32,793 log 27400 29820 "GET /static/images/logo.png HTTP/1.1" 200 853147
WARNING 2026-05-19 11:18:32,816 log 27400 29820 "GET /static/images/logo.jpeg HTTP/1.1" 404 1975
INFO 2026-05-19 11:18:58,833 log 27400 14796 "GET /contact/ HTTP/1.1" 200 29335
INFO 2026-05-19 11:18:58,885 log 27400 11604 "GET /static/css/courses_details.css HTTP/1.1" 200 10744
INFO 2026-05-19 11:18:58,885 log 27400 14796 "GET /static/css/basestyles.css HTTP/1.1" 200 30154
INFO 2026-05-19 11:18:58,886 log 27400 2332 "GET /static/images/logoSample.png HTTP/1.1" 200 38769
INFO 2026-05-19 11:18:58,888 log 27400 11604 "GET /static/js/basestyles.js HTTP/1.1" 200 6950
INFO 2026-05-19 11:18:59,930 log 27400 11604 "GET /static/images/logo.png HTTP/1.1" 200 853147
WARNING 2026-05-19 11:18:59,960 log 27400 11604 "GET /static/images/logo.jpeg HTTP/1.1" 404 1975
INFO 2026-05-19 11:19:05,434 log 27400 2332 "GET /contact/ HTTP/1.1" 200 29292
INFO 2026-05-19 11:19:05,497 log 27400 14796 "GET /static/css/courses_details.css HTTP/1.1" 200 10744
INFO 2026-05-19 11:19:05,498 log 27400 2332 "GET /static/css/basestyles.css HTTP/1.1" 200 30154
INFO 2026-05-19 11:19:05,499 log 27400 24752 "GET /static/images/logoSample.png HTTP/1.1" 200 38769
INFO 2026-05-19 11:19:05,500 log 27400 2332 "GET /static/js/basestyles.js HTTP/1.1" 200 6950
INFO 2026-05-19 11:19:06,262 log 27400 2332 "GET /static/images/logo.png HTTP/1.1" 200 853147
WARNING 2026-05-19 11:19:06,286 log 27400 2332 "GET /static/images/logo.jpeg HTTP/1.1" 404 1975
INFO 2026-05-19 11:20:06,202 log 27400 14796 "GET /contact/ HTTP/1.1" 200 29256
INFO 2026-05-19 11:20:06,254 log 27400 24752 "GET /static/css/courses_details.css HTTP/1.1" 200 10744
INFO 2026-05-19 11:20:06,255 log 27400 14796 "GET /static/css/basestyles.css HTTP/1.1" 200 30154
INFO 2026-05-19 11:20:06,265 log 27400 14796 "GET /static/images/logoSample.png HTTP/1.1" 200 38769
INFO 2026-05-19 11:20:06,265 log 27400 24752 "GET /static/js/basestyles.js HTTP/1.1" 200 6950
INFO 2026-05-19 11:20:07,719 log 27400 24752 "GET /static/images/logo.png HTTP/1.1" 200 853147
WARNING 2026-05-19 11:20:07,749 log 27400 24752 "GET /static/images/logo.jpeg HTTP/1.1" 404 1975
INFO 2026-05-19 11:20:22,918 log 27400 14796 "GET /contact/ HTTP/1.1" 200 29259
INFO 2026-05-19 11:20:22,962 log 27400 28188 "GET /static/css/courses_details.css HTTP/1.1" 200 10744
INFO 2026-05-19 11:20:22,962 log 27400 14796 "GET /static/css/basestyles.css HTTP/1.1" 200 30154
INFO 2026-05-19 11:20:22,963 log 27400 6420 "GET /static/images/logoSample.png HTTP/1.1" 200 38769
INFO 2026-05-19 11:20:22,964 log 27400 14796 "GET /static/js/basestyles.js HTTP/1.1" 200 6950
INFO 2026-05-19 11:20:24,329 log 27400 14796 "GET /static/images/logo.png HTTP/1.1" 200 853147
WARNING 2026-05-19 11:20:24,357 log 27400 14796 "GET /static/images/logo.jpeg HTTP/1.1" 404 1975
INFO 2026-05-19 11:20:50,358 log 27400 28188 "GET /contact/ HTTP/1.1" 200 29264
INFO 2026-05-19 11:20:50,411 log 27400 6420 "GET /static/css/courses_details.css HTTP/1.1" 200 10744
INFO 2026-05-19 11:20:50,412 log 27400 28188 "GET /static/css/basestyles.css HTTP/1.1" 200 30154
INFO 2026-05-19 11:20:50,412 log 27400 10136 "GET /static/images/logoSample.png HTTP/1.1" 200 38769
INFO 2026-05-19 11:20:50,415 log 27400 6420 "GET /static/js/basestyles.js HTTP/1.1" 200 6950
INFO 2026-05-19 11:20:51,496 log 27400 6420 "GET /static/images/logo.png HTTP/1.1" 200 853147
WARNING 2026-05-19 11:20:51,521 log 27400 6420 "GET /static/images/logo.jpeg HTTP/1.1" 404 1975
INFO 2026-05-19 11:21:15,978 log 27400 28188 "GET /contact/ HTTP/1.1" 200 29264
INFO 2026-05-19 11:21:16,034 log 27400 10136 "GET /static/css/courses_details.css HTTP/1.1" 200 10744
INFO 2026-05-19 11:21:16,035 log 27400 28188 "GET /static/css/basestyles.css HTTP/1.1" 200 30154
INFO 2026-05-19 11:21:16,035 log 27400 13456 "GET /static/images/logoSample.png HTTP/1.1" 200 38769
INFO 2026-05-19 11:21:16,036 log 27400 10136 "GET /static/js/basestyles.js HTTP/1.1" 200 6950
INFO 2026-05-19 11:21:17,011 log 27400 10136 "GET /static/images/logo.png HTTP/1.1" 200 853147
WARNING 2026-05-19 11:21:17,040 log 27400 10136 "GET /static/images/logo.jpeg HTTP/1.1" 404 1975
INFO 2026-05-19 11:21:44,457 log 27400 28188 "GET /contact/ HTTP/1.1" 200 29252
INFO 2026-05-19 11:21:44,517 log 27400 13456 "GET /static/css/courses_details.css HTTP/1.1" 200 10744
INFO 2026-05-19 11:21:44,518 log 27400 28188 "GET /static/css/basestyles.css HTTP/1.1" 200 30154
INFO 2026-05-19 11:21:44,518 log 27400 19236 "GET /static/images/logoSample.png HTTP/1.1" 200 38769
INFO 2026-05-19 11:21:44,520 log 27400 13456 "GET /static/js/basestyles.js HTTP/1.1" 200 6950
INFO 2026-05-19 11:21:45,309 log 27400 13456 "GET /static/images/logo.png HTTP/1.1" 200 853147
WARNING 2026-05-19 11:21:45,336 log 27400 13456 "GET /static/images/logo.jpeg HTTP/1.1" 404 1975
INFO 2026-05-19 11:40:30,328 log 27400 30676 "GET /contact/ HTTP/1.1" 200 24263
INFO 2026-05-19 11:40:30,369 log 27400 30676 "GET /static/css/basestyles.css HTTP/1.1" 200 30154
INFO 2026-05-19 11:40:30,370 log 27400 30416 "GET /static/css/courses_details.css HTTP/1.1" 200 10744
INFO 2026-05-19 11:40:30,372 log 27400 30416 "GET /static/js/basestyles.js HTTP/1.1" 200 6950
INFO 2026-05-19 11:40:30,372 log 27400 30676 "GET /static/images/logoSample.png HTTP/1.1" 200 38769
INFO 2026-05-19 11:40:32,722 log 27400 30416 "GET /static/images/logo.png HTTP/1.1" 200 853147
WARNING 2026-05-19 11:40:32,744 log 27400 30416 "GET /static/images/logo.jpeg HTTP/1.1" 404 1975
INFO 2026-05-19 11:40:43,031 log 27400 30676 "GET /contact/ HTTP/1.1" 200 24263
INFO 2026-05-19 11:40:43,070 log 27400 10340 "GET /static/css/courses_details.css HTTP/1.1" 200 10744
INFO 2026-05-19 11:40:43,070 log 27400 30676 "GET /static/css/basestyles.css HTTP/1.1" 200 30154
INFO 2026-05-19 11:40:43,071 log 27400 25208 "GET /static/images/logoSample.png HTTP/1.1" 200 38769
INFO 2026-05-19 11:40:43,072 log 27400 30676 "GET /static/js/basestyles.js HTTP/1.1" 200 6950
INFO 2026-05-19 11:40:43,860 log 27400 30676 "GET /static/images/logo.png HTTP/1.1" 200 853147
WARNING 2026-05-19 11:40:43,885 log 27400 30676 "GET /static/images/logo.jpeg HTTP/1.1" 404 1975
INFO 2026-05-19 11:40:59,592 log 27400 25208 "GET /contact/ HTTP/1.1" 200 24263
INFO 2026-05-19 11:40:59,634 log 27400 10340 "GET /static/css/courses_details.css HTTP/1.1" 200 10744
INFO 2026-05-19 11:40:59,635 log 27400 25208 "GET /static/css/basestyles.css HTTP/1.1" 200 30154
INFO 2026-05-19 11:40:59,635 log 27400 28496 "GET /static/images/logoSample.png HTTP/1.1" 200 38769
INFO 2026-05-19 11:40:59,637 log 27400 10340 "GET /static/js/basestyles.js HTTP/1.1" 200 6950
INFO 2026-05-19 11:41:00,460 log 27400 10340 "GET /static/images/logo.png HTTP/1.1" 200 853147
WARNING 2026-05-19 11:41:00,481 log 27400 10340 "GET /static/images/logo.jpeg HTTP/1.1" 404 1975
INFO 2026-05-19 11:41:05,554 log 27400 28496 "GET /login/ HTTP/1.1" 200 35590
INFO 2026-05-19 11:41:05,589 log 27400 28496 "GET /static/css/basestyles.css HTTP/1.1" 304 0
INFO 2026-05-19 11:41:05,593 log 27400 25208 "GET /static/css/login.css HTTP/1.1" 200 8727
INFO 2026-05-19 11:41:10,178 log 27400 25208 "GET /contact/ HTTP/1.1" 200 24263
INFO 2026-05-19 11:41:10,240 log 27400 25208 "GET /static/css/basestyles.css HTTP/1.1" 304 0
INFO 2026-05-19 11:41:22,133 log 27400 25208 "GET /contact/ HTTP/1.1" 200 24263
INFO 2026-05-19 11:41:22,197 log 27400 28496 "GET /static/css/courses_details.css HTTP/1.1" 200 10744
INFO 2026-05-19 11:41:22,197 log 27400 25208 "GET /static/css/basestyles.css HTTP/1.1" 200 30154
INFO 2026-05-19 11:41:22,198 log 27400 28988 "GET /static/images/logoSample.png HTTP/1.1" 200 38769
INFO 2026-05-19 11:41:22,199 log 27400 28496 "GET /static/js/basestyles.js HTTP/1.1" 200 6950
INFO 2026-05-19 11:41:23,284 log 27400 28496 "GET /static/images/logo.png HTTP/1.1" 200 853147
WARNING 2026-05-19 11:41:23,304 log 27400 28496 "GET /static/images/logo.jpeg HTTP/1.1" 404 1975
INFO 2026-05-19 11:41:26,427 log 27400 28988 "GET /login/ HTTP/1.1" 200 35590
INFO 2026-05-19 11:41:26,463 log 27400 28988 "GET /static/css/basestyles.css HTTP/1.1" 304 0
INFO 2026-05-19 11:42:30,424 log 27400 28988 "GET /login/ HTTP/1.1" 200 35590
INFO 2026-05-19 11:42:30,489 log 27400 25208 "GET /static/css/courses_details.css HTTP/1.1" 200 10744
INFO 2026-05-19 11:42:30,490 log 27400 28988 "GET /static/css/basestyles.css HTTP/1.1" 200 30154
INFO 2026-05-19 11:42:30,492 log 27400 25208 "GET /static/images/logoSample.png HTTP/1.1" 200 38769
INFO 2026-05-19 11:42:30,496 log 27400 25208 "GET /static/css/login.css HTTP/1.1" 200 8727
INFO 2026-05-19 11:42:30,509 log 27400 25208 "GET /static/js/basestyles.js HTTP/1.1" 200 6950
INFO 2026-05-19 11:42:30,852 log 27400 25208 "GET /static/images/logo.png HTTP/1.1" 200 853147
WARNING 2026-05-19 11:42:30,874 log 27400 25208 "GET /static/images/logo.jpeg HTTP/1.1" 404 1975
INFO 2026-05-19 11:42:42,597 log 27400 28988 "GET /login/ HTTP/1.1" 200 35590
INFO 2026-05-19 11:42:42,656 log 27400 28988 "GET /static/css/basestyles.css HTTP/1.1" 200 30154
INFO 2026-05-19 11:42:42,656 log 27400 12264 "GET /static/css/courses_details.css HTTP/1.1" 200 10744
INFO 2026-05-19 11:42:42,659 log 27400 28988 "GET /static/images/logoSample.png HTTP/1.1" 200 38769
INFO 2026-05-19 11:42:42,679 log 27400 28988 "GET /static/css/login.css HTTP/1.1" 200 8727
INFO 2026-05-19 11:42:42,691 log 27400 28988 "GET /static/js/basestyles.js HTTP/1.1" 200 6950
INFO 2026-05-19 11:42:42,950 log 27400 28988 "GET /static/images/logo.png HTTP/1.1" 200 853147
WARNING 2026-05-19 11:42:42,972 log 27400 28988 "GET /static/images/logo.jpeg HTTP/1.1" 404 1975
INFO 2026-05-19 12:32:22,452 autoreload 22496 23904 Watching for file changes with StatReloader
INFO 2026-05-19 12:32:32,158 autoreload 22496 23904 D:\Web Applications\training_institute\training_institute\settings.py changed, reloading.
INFO 2026-05-19 12:32:33,200 autoreload 9544 12172 Watching for file changes with StatReloader
INFO 2026-05-19 12:32:34,045 log 9544 23576 "GET / HTTP/1.1" 200 26354
WARNING 2026-05-19 12:32:34,113 log 9544 23640 Not Found: /static/css/courses_details.css
WARNING 2026-05-19 12:32:34,113 log 9544 23576 Not Found: /static/css/basestyles.css
WARNING 2026-05-19 12:32:34,114 log 9544 23640 "GET /static/css/courses_details.css HTTP/1.1" 404 179
WARNING 2026-05-19 12:32:34,114 log 9544 23576 "GET /static/css/basestyles.css HTTP/1.1" 404 179
WARNING 2026-05-19 12:32:34,116 log 9544 23576 Not Found: /static/images/logoSample.png
WARNING 2026-05-19 12:32:34,117 log 9544 23640 Not Found: /static/images/image.jpeg
WARNING 2026-05-19 12:32:34,117 log 9544 23640 "GET /static/images/image.jpeg HTTP/1.1" 404 179
WARNING 2026-05-19 12:32:34,117 log 9544 23576 "GET /static/images/logoSample.png HTTP/1.1" 404 179
WARNING 2026-05-19 12:32:34,259 log 9544 23576 Not Found: /static/images/image1.jpeg
WARNING 2026-05-19 12:32:34,260 log 9544 23640 Not Found: /static/images/image2.jpeg
WARNING 2026-05-19 12:32:34,261 log 9544 23576 "GET /static/images/image1.jpeg HTTP/1.1" 404 179
WARNING 2026-05-19 12:32:34,261 log 9544 23640 "GET /static/images/image2.jpeg HTTP/1.1" 404 179
WARNING 2026-05-19 12:32:34,276 log 9544 23640 Not Found: /static/images/image4.png
WARNING 2026-05-19 12:32:34,277 log 9544 23576 Not Found: /static/js/basestyles.js
WARNING 2026-05-19 12:32:34,278 log 9544 23640 "GET /static/images/image4.png HTTP/1.1" 404 179
WARNING 2026-05-19 12:32:34,278 log 9544 23576 "GET /static/js/basestyles.js HTTP/1.1" 404 179
WARNING 2026-05-19 12:32:34,282 log 9544 23576 Not Found: /static/images/image5.jpeg
WARNING 2026-05-19 12:32:34,282 log 9544 23576 "GET /static/images/image5.jpeg HTTP/1.1" 404 179
WARNING 2026-05-19 12:32:34,291 log 9544 23576 Not Found: /static/css/basestyles.css
WARNING 2026-05-19 12:32:34,292 log 9544 23640 Not Found: /static/css/courses_details.css
WARNING 2026-05-19 12:32:34,293 log 9544 23576 "GET /static/css/basestyles.css HTTP/1.1" 404 179
WARNING 2026-05-19 12:32:34,293 log 9544 23640 "GET /static/css/courses_details.css HTTP/1.1" 404 179
WARNING 2026-05-19 12:32:34,709 log 9544 23640 Not Found: /static/images/logo.png
WARNING 2026-05-19 12:32:34,709 log 9544 23640 "GET /static/images/logo.png HTTP/1.1" 404 179
WARNING 2026-05-19 12:32:34,712 log 9544 23640 Not Found: /static/images/logo.jpeg
WARNING 2026-05-19 12:32:34,713 log 9544 23640 "GET /static/images/logo.jpeg HTTP/1.1" 404 179
INFO 2026-05-19 12:32:49,907 log 9544 23640 "GET / HTTP/1.1" 200 26354
WARNING 2026-05-19 12:32:49,947 log 9544 23640 Not Found: /static/css/basestyles.css
WARNING 2026-05-19 12:32:49,948 log 9544 18316 Not Found: /static/images/logoSample.png
WARNING 2026-05-19 12:32:49,950 log 9544 23576 Not Found: /static/css/courses_details.css
WARNING 2026-05-19 12:32:49,949 log 9544 27772 Not Found: /static/images/image.jpeg
WARNING 2026-05-19 12:32:49,951 log 9544 23576 "GET /static/css/courses_details.css HTTP/1.1" 404 179
WARNING 2026-05-19 12:32:49,951 log 9544 18316 "GET /static/images/logoSample.png HTTP/1.1" 404 179
WARNING 2026-05-19 12:32:49,951 log 9544 23640 "GET /static/css/basestyles.css HTTP/1.1" 404 179
WARNING 2026-05-19 12:32:49,952 log 9544 27772 "GET /static/images/image.jpeg HTTP/1.1" 404 179
WARNING 2026-05-19 12:32:49,958 log 9544 23576 Not Found: /static/images/image1.jpeg
WARNING 2026-05-19 12:32:49,960 log 9544 27772 Not Found: /static/images/image2.jpeg
WARNING 2026-05-19 12:32:49,961 log 9544 23576 "GET /static/images/image1.jpeg HTTP/1.1" 404 179
WARNING 2026-05-19 12:32:49,961 log 9544 27772 "GET /static/images/image2.jpeg HTTP/1.1" 404 179
WARNING 2026-05-19 12:32:49,976 log 9544 27772 Not Found: /static/images/image4.png
WARNING 2026-05-19 12:32:49,977 log 9544 23576 Not Found: /static/js/basestyles.js
WARNING 2026-05-19 12:32:49,977 log 9544 23576 "GET /static/js/basestyles.js HTTP/1.1" 404 179
WARNING 2026-05-19 12:32:49,978 log 9544 27772 "GET /static/images/image4.png HTTP/1.1" 404 179
WARNING 2026-05-19 12:32:50,067 log 9544 23576 Not Found: /static/images/image5.jpeg
WARNING 2026-05-19 12:32:50,067 log 9544 23576 "GET /static/images/image5.jpeg HTTP/1.1" 404 179
WARNING 2026-05-19 12:32:50,124 log 9544 23576 Not Found: /static/css/basestyles.css
WARNING 2026-05-19 12:32:50,125 log 9544 27772 Not Found: /static/css/courses_details.css
WARNING 2026-05-19 12:32:50,126 log 9544 23576 "GET /static/css/basestyles.css HTTP/1.1" 404 179
WARNING 2026-05-19 12:32:50,126 log 9544 27772 "GET /static/css/courses_details.css HTTP/1.1" 404 179
WARNING 2026-05-19 12:32:50,287 log 9544 27772 Not Found: /static/images/logo.png
WARNING 2026-05-19 12:32:50,288 log 9544 27772 "GET /static/images/logo.png HTTP/1.1" 404 179
WARNING 2026-05-19 12:32:50,296 log 9544 27772 Not Found: /static/images/logo.jpeg
WARNING 2026-05-19 12:32:50,297 log 9544 27772 "GET /static/images/logo.jpeg HTTP/1.1" 404 179
WARNING 2026-05-19 12:33:10,760 log 9544 27772 Not Found: /static/css/basestyles.css
WARNING 2026-05-19 12:33:10,760 log 9544 23576 Not Found: /static/css/courses_details.css
WARNING 2026-05-19 12:33:10,761 log 9544 27772 "GET /static/css/basestyles.css HTTP/1.1" 404 179
WARNING 2026-05-19 12:33:10,761 log 9544 23576 "GET /static/css/courses_details.css HTTP/1.1" 404 179
WARNING 2026-05-19 12:33:10,775 log 9544 23576 Not Found: /.well-known/appspecific/com.chrome.devtools.json
WARNING 2026-05-19 12:33:10,776 log 9544 23576 "GET /.well-known/appspecific/com.chrome.devtools.json HTTP/1.1" 404 179
INFO 2026-05-19 12:33:27,799 log 9544 23576 "GET / HTTP/1.1" 200 26212
WARNING 2026-05-19 12:33:27,882 log 9544 18316 Not Found: /.well-known/appspecific/com.chrome.devtools.json
WARNING 2026-05-19 12:33:27,883 log 9544 23576 Not Found: /static/images/logoSample.png
WARNING 2026-05-19 12:33:27,883 log 9544 27772 Not Found: /static/images/image.jpeg
WARNING 2026-05-19 12:33:27,884 log 9544 18316 "GET /.well-known/appspecific/com.chrome.devtools.json HTTP/1.1" 404 179
WARNING 2026-05-19 12:33:27,884 log 9544 23576 "GET /static/images/logoSample.png HTTP/1.1" 404 179
WARNING 2026-05-19 12:33:27,884 log 9544 27772 "GET /static/images/image.jpeg HTTP/1.1" 404 179
WARNING 2026-05-19 12:33:28,027 log 9544 23576 Not Found: /static/images/image1.jpeg
WARNING 2026-05-19 12:33:28,029 log 9544 27772 Not Found: /static/images/image2.jpeg
WARNING 2026-05-19 12:33:28,029 log 9544 27772 "GET /static/images/image2.jpeg HTTP/1.1" 404 179
WARNING 2026-05-19 12:33:28,029 log 9544 23576 "GET /static/images/image1.jpeg HTTP/1.1" 404 179
WARNING 2026-05-19 12:33:28,049 log 9544 23576 Not Found: /static/images/image4.png
WARNING 2026-05-19 12:33:28,050 log 9544 27772 Not Found: /static/js/basestyles.js
WARNING 2026-05-19 12:33:28,051 log 9544 27772 "GET /static/js/basestyles.js HTTP/1.1" 404 179
WARNING 2026-05-19 12:33:28,051 log 9544 23576 "GET /static/images/image4.png HTTP/1.1" 404 179
WARNING 2026-05-19 12:33:28,061 log 9544 23576 Not Found: /static/images/image5.jpeg
WARNING 2026-05-19 12:33:28,062 log 9544 23576 "GET /static/images/image5.jpeg HTTP/1.1" 404 179
WARNING 2026-05-19 12:33:28,370 log 9544 23576 Not Found: /static/images/logo.png
WARNING 2026-05-19 12:33:28,371 log 9544 23576 "GET /static/images/logo.png HTTP/1.1" 404 179
WARNING 2026-05-19 12:33:28,376 log 9544 23576 Not Found: /static/images/logo.jpeg
WARNING 2026-05-19 12:33:28,377 log 9544 23576 "GET /static/images/logo.jpeg HTTP/1.1" 404 179
INFO 2026-05-19 12:33:52,386 log 9544 23576 "GET /courses HTTP/1.1" 301 0
INFO 2026-05-19 12:33:52,443 log 9544 23576 "GET /courses/ HTTP/1.1" 200 33386
WARNING 2026-05-19 12:33:52,496 log 9544 23576 Not Found: /.well-known/appspecific/com.chrome.devtools.json
WARNING 2026-05-19 12:33:52,499 log 9544 18316 Not Found: /static/css/courses_details.css
WARNING 2026-05-19 12:33:52,497 log 9544 27772 Not Found: /static/css/basestyles.css
WARNING 2026-05-19 12:33:52,501 log 9544 23640 Not Found: /static/images/logoSample.png
WARNING 2026-05-19 12:33:52,502 log 9544 23576 "GET /.well-known/appspecific/com.chrome.devtools.json HTTP/1.1" 404 179
WARNING 2026-05-19 12:33:52,503 log 9544 18316 "GET /static/css/courses_details.css HTTP/1.1" 404 179
WARNING 2026-05-19 12:33:52,503 log 9544 27772 "GET /static/css/basestyles.css HTTP/1.1" 404 179
WARNING 2026-05-19 12:33:52,505 log 9544 23576 Not Found: /static/js/basestyles.js
WARNING 2026-05-19 12:33:52,505 log 9544 23640 "GET /static/images/logoSample.png HTTP/1.1" 404 179
WARNING 2026-05-19 12:33:52,506 log 9544 23576 "GET /static/js/basestyles.js HTTP/1.1" 404 179
INFO 2026-05-19 12:34:04,239 log 9544 23576 "GET / HTTP/1.1" 200 0
WARNING 2026-05-19 12:34:04,291 log 9544 23576 Not Found: /.well-known/appspecific/com.chrome.devtools.json
WARNING 2026-05-19 12:34:04,291 log 9544 23576 "GET /.well-known/appspecific/com.chrome.devtools.json HTTP/1.1" 404 179
WARNING 2026-05-19 12:34:04,490 log 9544 23576 Not Found: /favicon.ico
WARNING 2026-05-19 12:34:04,491 log 9544 23576 "GET /favicon.ico HTTP/1.1" 404 179
INFO 2026-05-19 12:34:04,632 log 9544 23576 "GET / HTTP/1.1" 200 0
WARNING 2026-05-19 12:34:04,687 log 9544 23576 Not Found: /.well-known/appspecific/com.chrome.devtools.json
WARNING 2026-05-19 12:34:04,687 log 9544 23576 "GET /.well-known/appspecific/com.chrome.devtools.json HTTP/1.1" 404 179
WARNING 2026-05-19 12:34:04,846 log 9544 23576 Not Found: /favicon.ico
WARNING 2026-05-19 12:34:04,846 log 9544 23576 "GET /favicon.ico HTTP/1.1" 404 179
INFO 2026-05-19 12:34:06,040 log 9544 23576 "GET / HTTP/1.1" 200 0
WARNING 2026-05-19 12:34:06,097 log 9544 23576 Not Found: /.well-known/appspecific/com.chrome.devtools.json
WARNING 2026-05-19 12:34:06,098 log 9544 23576 "GET /.well-known/appspecific/com.chrome.devtools.json HTTP/1.1" 404 179
WARNING 2026-05-19 12:34:06,272 log 9544 23576 Not Found: /favicon.ico
WARNING 2026-05-19 12:34:06,272 log 9544 23576 "GET /favicon.ico HTTP/1.1" 404 179
INFO 2026-05-19 12:34:12,601 log 9544 23576 "GET / HTTP/1.1" 200 26354
WARNING 2026-05-19 12:34:12,688 log 9544 23576 Not Found: /.well-known/appspecific/com.chrome.devtools.json
WARNING 2026-05-19 12:34:12,689 log 9544 23576 "GET /.well-known/appspecific/com.chrome.devtools.json HTTP/1.1" 404 179
WARNING 2026-05-19 12:34:12,699 log 9544 23576 Not Found: /static/css/basestyles.css
WARNING 2026-05-19 12:34:12,700 log 9544 27772 Not Found: /static/images/logoSample.png
WARNING 2026-05-19 12:34:12,701 log 9544 18316 Not Found: /static/images/image.jpeg
WARNING 2026-05-19 12:34:12,702 log 9544 23640 Not Found: /static/css/courses_details.css
WARNING 2026-05-19 12:34:12,703 log 9544 27772 "GET /static/images/logoSample.png HTTP/1.1" 404 179
WARNING 2026-05-19 12:34:12,704 log 9544 23576 "GET /static/css/basestyles.css HTTP/1.1" 404 179
WARNING 2026-05-19 12:34:12,704 log 9544 18316 "GET /static/images/image.jpeg HTTP/1.1" 404 179
WARNING 2026-05-19 12:34:12,704 log 9544 23640 "GET /static/css/courses_details.css HTTP/1.1" 404 179
WARNING 2026-05-19 12:34:12,833 log 9544 23640 Not Found: /static/images/image1.jpeg
WARNING 2026-05-19 12:34:12,834 log 9544 18316 Not Found: /static/images/image2.jpeg
WARNING 2026-05-19 12:34:12,834 log 9544 23640 "GET /static/images/image1.jpeg HTTP/1.1" 404 179
WARNING 2026-05-19 12:34:12,835 log 9544 18316 "GET /static/images/image2.jpeg HTTP/1.1" 404 179
WARNING 2026-05-19 12:34:12,851 log 9544 18316 Not Found: /static/images/image4.png
WARNING 2026-05-19 12:34:12,852 log 9544 23640 Not Found: /static/js/basestyles.js
WARNING 2026-05-19 12:34:12,852 log 9544 23640 "GET /static/js/basestyles.js HTTP/1.1" 404 179
WARNING 2026-05-19 12:34:12,852 log 9544 18316 "GET /static/images/image4.png HTTP/1.1" 404 179
WARNING 2026-05-19 12:34:12,865 log 9544 18316 Not Found: /static/css/basestyles.css
WARNING 2026-05-19 12:34:12,866 log 9544 23576 Not Found: /static/images/image5.jpeg
WARNING 2026-05-19 12:34:12,867 log 9544 23640 Not Found: /static/css/courses_details.css
WARNING 2026-05-19 12:34:12,868 log 9544 18316 "GET /static/css/basestyles.css HTTP/1.1" 404 179
WARNING 2026-05-19 12:34:12,868 log 9544 23576 "GET /static/images/image5.jpeg HTTP/1.1" 404 179
WARNING 2026-05-19 12:34:12,868 log 9544 23640 "GET /static/css/courses_details.css HTTP/1.1" 404 179
WARNING 2026-05-19 12:34:13,058 log 9544 23640 Not Found: /static/images/logo.png
WARNING 2026-05-19 12:34:13,058 log 9544 23640 "GET /static/images/logo.png HTTP/1.1" 404 179
WARNING 2026-05-19 12:34:13,064 log 9544 23640 Not Found: /static/images/logo.jpeg
WARNING 2026-05-19 12:34:13,065 log 9544 23640 "GET /static/images/logo.jpeg HTTP/1.1" 404 179
INFO 2026-05-19 12:34:23,080 autoreload 11552 11856 Watching for file changes with StatReloader
INFO 2026-05-19 12:34:25,147 log 11552 20488 "GET / HTTP/1.1" 200 26354
INFO 2026-05-19 12:34:25,199 log 11552 5688 "GET / HTTP/1.1" 200 26354
WARNING 2026-05-19 12:34:25,348 log 11552 5688 Not Found: /.well-known/appspecific/com.chrome.devtools.json
WARNING 2026-05-19 12:34:25,349 log 11552 5688 "GET /.well-known/appspecific/com.chrome.devtools.json HTTP/1.1" 404 179
WARNING 2026-05-19 12:34:25,351 log 11552 5688 Not Found: /static/css/basestyles.css
WARNING 2026-05-19 12:34:25,351 log 11552 5688 "GET /static/css/basestyles.css HTTP/1.1" 404 179
WARNING 2026-05-19 12:34:25,353 log 11552 5688 Not Found: /static/css/courses_details.css
WARNING 2026-05-19 12:34:25,353 log 11552 5688 "GET /static/css/courses_details.css HTTP/1.1" 404 179
WARNING 2026-05-19 12:34:25,356 log 11552 5688 Not Found: /static/images/logoSample.png
WARNING 2026-05-19 12:34:25,359 log 11552 18112 Not Found: /static/images/image.jpeg
WARNING 2026-05-19 12:34:25,359 log 11552 5688 "GET /static/images/logoSample.png HTTP/1.1" 404 179
WARNING 2026-05-19 12:34:25,360 log 11552 18112 "GET /static/images/image.jpeg HTTP/1.1" 404 179
WARNING 2026-05-19 12:34:25,474 log 11552 18112 Not Found: /static/images/image1.jpeg
WARNING 2026-05-19 12:34:25,475 log 11552 5688 Not Found: /static/images/image2.jpeg
WARNING 2026-05-19 12:34:25,476 log 11552 18112 "GET /static/images/image1.jpeg HTTP/1.1" 404 179
WARNING 2026-05-19 12:34:25,476 log 11552 5688 "GET /static/images/image2.jpeg HTTP/1.1" 404 179
WARNING 2026-05-19 12:34:25,481 log 11552 5688 Not Found: /static/images/image4.png
WARNING 2026-05-19 12:34:25,482 log 11552 18112 Not Found: /static/js/basestyles.js
WARNING 2026-05-19 12:34:25,483 log 11552 5688 "GET /static/images/image4.png HTTP/1.1" 404 179
WARNING 2026-05-19 12:34:25,483 log 11552 18112 "GET /static/js/basestyles.js HTTP/1.1" 404 179
WARNING 2026-05-19 12:34:25,504 log 11552 5688 Not Found: /static/images/image5.jpeg
WARNING 2026-05-19 12:34:25,504 log 11552 5688 "GET /static/images/image5.jpeg HTTP/1.1" 404 179
WARNING 2026-05-19 12:34:25,512 log 11552 5688 Not Found: /static/css/basestyles.css
WARNING 2026-05-19 12:34:25,513 log 11552 18112 Not Found: /static/css/courses_details.css
WARNING 2026-05-19 12:34:25,514 log 11552 18112 "GET /static/css/courses_details.css HTTP/1.1" 404 179
WARNING 2026-05-19 12:34:25,514 log 11552 5688 "GET /static/css/basestyles.css HTTP/1.1" 404 179
WARNING 2026-05-19 12:34:25,706 log 11552 18112 Not Found: /static/images/logo.png
WARNING 2026-05-19 12:34:25,707 log 11552 18112 "GET /static/images/logo.png HTTP/1.1" 404 179
WARNING 2026-05-19 12:34:25,719 log 11552 18112 Not Found: /static/images/logo.jpeg
WARNING 2026-05-19 12:34:25,719 log 11552 18112 "GET /static/images/logo.jpeg HTTP/1.1" 404 179
INFO 2026-05-19 12:35:03,934 autoreload 11552 11856 D:\Web Applications\training_institute\training_institute\settings.py changed, reloading.
INFO 2026-05-19 12:35:04,879 autoreload 3668 24632 Watching for file changes with StatReloader
INFO 2026-05-19 12:35:05,465 log 3668 12212 "GET / HTTP/1.1" 200 26354
WARNING 2026-05-19 12:35:05,545 log 3668 12212 Not Found: /.well-known/appspecific/com.chrome.devtools.json
WARNING 2026-05-19 12:35:05,547 log 3668 12212 "GET /.well-known/appspecific/com.chrome.devtools.json HTTP/1.1" 404 6532
INFO 2026-05-19 12:35:05,595 log 3668 17844 "GET /static/css/basestyles.css HTTP/1.1" 200 30154
INFO 2026-05-19 12:35:05,595 log 3668 12212 "GET /static/css/courses_details.css HTTP/1.1" 200 10744
INFO 2026-05-19 12:35:05,597 log 3668 17844 "GET /static/images/logoSample.png HTTP/1.1" 200 38769
INFO 2026-05-19 12:35:05,602 log 3668 12212 "GET /static/images/image.jpeg HTTP/1.1" 200 259498
INFO 2026-05-19 12:35:05,681 log 3668 12212 "GET /static/images/image1.jpeg HTTP/1.1" 200 316563
INFO 2026-05-19 12:35:05,684 log 3668 17844 "GET /static/images/image2.jpeg HTTP/1.1" 200 465238
INFO 2026-05-19 12:35:05,699 log 3668 12212 "GET /static/js/basestyles.js HTTP/1.1" 200 6950
INFO 2026-05-19 12:35:05,702 log 3668 17844 "GET /static/images/image4.png HTTP/1.1" 200 849487
INFO 2026-05-19 12:35:05,717 log 3668 17844 "GET /static/images/image5.jpeg HTTP/1.1" 200 412659
INFO 2026-05-19 12:35:06,025 log 3668 17844 "GET /static/images/logo.png HTTP/1.1" 200 853147
WARNING 2026-05-19 12:35:06,355 log 3668 17844 "GET /static/images/logo.jpeg HTTP/1.1" 404 1975
INFO 2026-05-19 12:35:37,389 autoreload 3668 24632 D:\Web Applications\training_institute\training_institute\settings.py changed, reloading.
INFO 2026-05-19 12:35:38,355 autoreload 7620 3200 Watching for file changes with StatReloader
INFO 2026-05-19 12:48:26,239 autoreload 7620 3200 D:\Web Applications\training_institute\training_institute\settings.py changed, reloading.
INFO 2026-05-19 12:48:27,116 autoreload 8632 23576 Watching for file changes with StatReloader
INFO 2026-05-19 12:48:29,470 autoreload 8632 23576 D:\Web Applications\training_institute\training_institute\settings.py changed, reloading.
INFO 2026-05-19 12:48:30,473 autoreload 14864 1464 Watching for file changes with StatReloader
INFO 2026-05-19 14:44:49,517 autoreload 14864 1464 D:\Web Applications\training_institute\training_institute\settings.py changed, reloading.
INFO 2026-05-19 14:44:50,559 autoreload 32352 31736 Watching for file changes with StatReloader
INFO 2026-05-19 15:08:39,395 autoreload 32352 31736 D:\Web Applications\training_institute\training_institute\settings.py changed, reloading.
INFO 2026-05-19 15:08:40,282 autoreload 30632 27872 Watching for file changes with StatReloader
INFO 2026-05-19 15:08:44,689 autoreload 30632 27872 D:\Web Applications\training_institute\training_institute\settings.py changed, reloading.
INFO 2026-05-19 15:08:45,510 autoreload 25324 31300 Watching for file changes with StatReloader
INFO 2026-05-19 15:09:24,052 autoreload 25324 31300 D:\Web Applications\training_institute\training_institute\settings.py changed, reloading.
INFO 2026-05-19 15:09:24,846 autoreload 10736 21092 Watching for file changes with StatReloader
